url,status_code,title,meta_description,h1
https://neetcounselors.com/about,200,About NEETCounselors.com | Trusted NEET Counselling Guidance Platform | NEET Counselling,"Learn about NEETCounselors.com, a student-focused educational platform providing NEET counselling guidance, admission resources, and practical information to help aspirants make informed decisions.",Empowering NEET Aspirants Through Trusted Counselling Guidance
https://neetcounselors.com/blog,200,"NEET Counselling Blog — Guides, Tips & Expert Advice for 2026 | NEET Counselling","NEET counselling guides, MBBS admission tips, college selection advice, and expert insights for medical aspirants in India",Blog
https://neetcounselors.com/videos,200,NEET Counselling Videos — Expert Guidance & Tutorials 2026 | NEET Counselling,"Watch NEET counselling video guides, expert tips, college selection advice, and step-by-step tutorials for MBBS admission and counselling process.",Videos
https://neetcounselors.com,200,2026 — College Predictor & Expert Guidance | NEET Counselling,"Expert NEET and JOSAA counselling for 2026 admissions. Predict your college, get personalized guidance from experienced counsellors, and secure your seat.",Turn Your Rank Into the Right Medical Seat starting from  ₹399
https://neetcounselors.com/contact,200,Contact Us — NEET Counselling Experts | MBBS Admission Guidance | NEET Counselling,Contact NEET Counsellors for expert NEET counselling guidance. Call +91-9027770371 or email info@neetcounselors.com. We help you secure your medical seat.,Contact Us
https://neetcounselors.com/counsellors,200,"Best NEET Counsellors in India — MBBS, BDS Admission Guidance 2026 | NEET Counselling","Find experienced NEET counsellors for MBBS, BDS, and medical college admission guidance. Expert counsellors in Mumbai, Delhi, Bangalore, and across India. Book a free consultation.",Our Counsellors
https://neetcounselors.com/helpdesk,200,Helpdesk — NEET Counselling Support & FAQs | NEET Counselling,"Get answers to common questions about NEET counselling, eligibility, documents, pricing plans, and admission process. Contact our support team for personalised help.",Helpdesk
https://neetcounselors.com/josaa-counsellor,200,JOSAA Counselling Experts — IIT/NIT Admission Guidance 2026 | NEET Counselling,"Get expert JOSAA counselling guidance for IIT, NIT, and IIIT admissions. Our experienced counsellors help you navigate the JOSAA seat allocation process.",JOSAA Counselling Experts
https://neetcounselors.com/predictor,200,"NEET 2026 College Predictor — Predict MBBS, BDS & MDS College Chances | NEET Counselling","Predict your chances of getting into MBBS, BDS and MDS colleges based on NEET rank, category, and state quota. Free AI-powered NEET college predictor for 2026 counselling.",Predict Your College.
https://neetcounselors.com/pricing,200,"NEET Counselling Plans 2026 — MDS, PG & UG Guidance Packages | NEET Counselling","Choose the right NEET counselling plan for UG, PG or MDS 2026. Get college prediction, expert guidance, choice filling strategy and complete admission support from experienced counsellors.",Choose the Plan That Gets You In
https://neetcounselors.com/live-counselling,200,Live NEET Counselling Sessions — Expert Q&A & Guidance 2026 | NEET Counselling,"Join live NEET counselling sessions and Q&A with expert counsellors. Get real-time answers about MBBS admission, college selection, and counselling process.",Live Counselling
https://neetcounselors.com/faq/neet-counselling,200,NEET Counselling FAQs 2026 — Everything You Need to Know | NEET Counselling,"Get answers to all your NEET counselling questions: what is NEET counselling, how does it work, AIQ vs state quota difference, documents needed, round-wise process, fees, and expert tips for 2026.",NEET Counselling 2026 — All Your Questions Answered
https://neetcounselors.com/faq,200,NEET Counselling FAQs 2026 — Answers to All Your Questions | NEET Counselling,"Find answers to all your NEET counselling questions. Eligibility, documents, process, colleges, fees, and expert tips for NEET UG and PG counselling 2026.",NEET Counselling FAQs 2026
https://neetcounselors.com/counselling,200,NEET Counselling 2026 — Complete Guide & Expert Tips | NEET Counselling,"Find everything about NEET counselling 2026: AIQ, state quota, college selection, document checklist, cutoff analysis, and MBBS abroad guidance from expert counsellors.",NEET Counselling 2026
https://neetcounselors.com/counselling/state,200,State-Wise NEET Counselling 2026 — Complete Guide for All States | NEET Counselling,"Get state-specific NEET counselling information for all 28 states and 8 UTs. Find counselling authorities, important dates, eligibility criteria, and document requirements.",State-Wise NEET Counselling 2026
https://neetcounselors.com/colleges,200,Medical Colleges in India — MBBS Fees & Cutoffs 2026 | NEET Counselling,"Find all NMC-approved medical colleges in India for NEET 2026. Compare government, private, and deemed university MBBS colleges by fees, cutoffs, and location.",Medical Colleges in India 2026
https://neetcounselors.com/predictor/ayush,200,AYUSH College Predictor 2026 — BAMS/BHMS/BUMS/BSMS College Predictor | NEET Counselling,"Free AYUSH college predictor for NEET 2026. Predict BAMS, BHMS, BUMS, and BSMS colleges based on your rank. Covers government and private AYUSH colleges under AIQ and state quota.","NEET AYUSH College Predictor 2026 — BAMS, BHMS, BUMS, BSMS"
https://neetcounselors.com/predictor/state-karnataka,200,NEET College Predictor for Karnataka 2026 — Karnataka State Quota College Predictor | NEET Counselling,Predict Karnataka NEET counselling 2026 college options based on your rank and category. Get state quota MBBS/BDS/AYUSH college predictions with Karnataka domicile cutoff analysis.,Karnataka NEET College Predictor 2026
https://neetcounselors.com/predictor/state-maharashtra,200,NEET College Predictor for Maharashtra 2026 — Maharashtra State Quota College Predictor | NEET Counselling,Predict Maharashtra NEET counselling 2026 college options based on your rank and category. Get state quota MBBS/BDS/AYUSH college predictions with Maharashtra domicile cutoff analysis.,Maharashtra NEET College Predictor 2026
https://neetcounselors.com/predictor/obc,200,NEET College Predictor for OBC Category 2026 — OBC-NCL MBBS College Predictor | NEET Counselling,"Predict MBBS/BDS colleges for OBC-NCL category based on NEET rank. Get OBC cutoff-based college predictions with safe, likely, and risky analysis for AIQ and state quota seats.",NEET College Predictor for OBC Category 2026
https://neetcounselors.com/predictor/vet,200,Veterinary College Predictor 2026 — BVSc & AH College Predictor | NEET Counselling,Free BVSc college predictor for NEET 2026. Predict veterinary college admissions based on your NEET rank. Covers all government and private veterinary colleges under VCI counselling.,NEET Veterinary College Predictor 2026 — BVSc & AH
https://neetcounselors.com/predictor/state-delhi,200,NEET College Predictor for Delhi 2026 — Delhi State Quota College Predictor | NEET Counselling,Predict Delhi NEET counselling 2026 college options based on your rank and category. Get state quota MBBS/BDS/AYUSH college predictions with Delhi domicile cutoff analysis.,Delhi NEET College Predictor 2026
https://neetcounselors.com/predictor/state-uttar-pradesh,200,NEET College Predictor for Uttar Pradesh 2026 — Uttar Pradesh State Quota College Predictor | NEET Counselling,Predict Uttar Pradesh NEET counselling 2026 college options based on your rank and category. Get state quota MBBS/BDS/AYUSH college predictions with Uttar Pradesh domicile cutoff analysis.,Uttar Pradesh NEET College Predictor 2026
https://neetcounselors.com/predictor/state-bihar,200,NEET College Predictor for Bihar 2026 — Bihar State Quota College Predictor | NEET Counselling,Predict Bihar NEET counselling 2026 college options based on your rank and category. Get state quota MBBS/BDS/AYUSH college predictions with Bihar domicile cutoff analysis.,Bihar NEET College Predictor 2026
https://neetcounselors.com/predictor/state-tamil-nadu,200,NEET College Predictor for Tamil Nadu 2026 — Tamil Nadu State Quota College Predictor | NEET Counselling,Predict Tamil Nadu NEET counselling 2026 college options based on your rank and category. Get state quota MBBS/BDS/AYUSH college predictions with Tamil Nadu domicile cutoff analysis.,Tamil Nadu NEET College Predictor 2026
https://neetcounselors.com/predictor/state-rajasthan,200,NEET College Predictor for Rajasthan 2026 — Rajasthan State Quota College Predictor | NEET Counselling,Predict Rajasthan NEET counselling 2026 college options based on your rank and category. Get state quota MBBS/BDS/AYUSH college predictions with Rajasthan domicile cutoff analysis.,Rajasthan NEET College Predictor 2026
https://neetcounselors.com/blog/re-neet-2026-security-measures,200,Re-NEET 2026 Security Measures: NTA's New Exam Rules | NEET Counselling,NTA has introduced new security measures before Re-NEET 2026 through the Pariksha Karmayogi programme. Check the latest exam monitoring updates and what they mean for students.,Re-NEET 2026 Security Measures: NTA Launches Pariksha Karmayogi
https://neetcounselors.com/blog/nta-neet-refund-portal-2026,200,NTA NEET Refund Portal 2026 – Complete Refund Guide | NEET Counselling,"Learn how to complete the NTA NEET Refund Portal 2026 process, verify bank details, avoid common mistakes, and check important deadlines.",NTA NEET Refund Portal 2026: Bank Verification Process & Last Date
https://neetcounselors.com/blog/nta-neet-refund-portal-step-by-step-guide,200,NTA NEET Refund Portal 2026 – OTP Verification Process | NEET Counselling,"Learn how to complete NTA NEET Refund Portal verification, update bank details, perform OTP authentication, and avoid common mistakes.",NTA NEET Refund Portal 2026: Step-by-Step Bank Verification Guide
https://neetcounselors.com/blog/re-neet-admit-card-2026-refund-update,200,Re-NEET Admit Card 2026 Out: Download & Refund Update | NEET Counselling,"Re-NEET Admit Card 2026 has been released. Check the download process, required documents, self-declaration instructions, and latest NTA refund verification updates.","Re-NEET Admit Card 2026 Released: Download Link, Documents & NTA Refund Update"
https://neetcounselors.com/blog/re-neet-admit-card-2026-not-downloading,200,Re-NEET Admit Card 2026 Error: Website Not Working? | NEET Counselling,"Facing issues downloading the Re-NEET Admit Card 2026? Learn why the website is crashing, common error messages, and what candidates should do.",Re-NEET Admit Card 2026 Not Downloading? Website Crash & Error Fix
https://neetcounselors.com/blog/re-neet-admit-card-2026,200,Re-NEET Admit Card 2026 Out: Download Hall Ticket Now | NEET Counselling,"Download the Re-NEET Admit Card 2026 from the official NTA website. Check exam date, required documents, reporting time, and important exam day instructions.","Re-NEET Admit Card 2026 Released: Download Link, Documents & Guidelines"
https://neetcounselors.com/blog/neet-counselling-2026-step-by-step-guide,200,NEET Counselling 2026 Eligibility | MCC & State Counselling Requirements | NEET Counselling,"Learn who is eligible for NEET Counselling 2026, including MCC counselling eligibility, state counselling requirements, domicile rules, reservation criteria, and private college admissions.",NEET Counselling 2026 Eligibility Criteria: Who Can Participate?
https://neetcounselors.com/blog/mcc-counselling-2026-aiq-deemed-aiims-jipmer-guide,200,"MCC Counselling 2026 Guide | AIQ, AIIMS, JIPMER & Deemed Universities | NEET Counselling","Understand MCC Counselling 2026, including 15% AIQ seats, deemed universities, AIIMS, JIPMER admissions, registration process, choice filling, and seat allotment procedures.","MCC Counselling 2026: Complete Guide to AIQ, AIIMS, JIPMER & Deemed Universities"
https://neetcounselors.com/blog/neet-mds-counselling-2026-expected-date,200,NEET MDS Counselling 2026 Expected Date: Latest Updates & Trends | NEET Counselling,"NEET MDS 2026 counselling may begin soon. Check the expected MCC counselling date, previous year trends, required documents, and latest updates.",NEET MDS Counselling 2026 Expected Date: Previous Year Trends & Latest Updates
https://neetcounselors.com/blog/neet-counselling-2026-introduction-process-overview,200,NEET Counselling 2026 Introduction | Process Overview & Admission Guide | NEET Counselling,"Understand the basics of NEET Counselling 2026, including MCC counselling, state counselling, admission procedures, and why early counselling preparation is essential for medical aspirants.","NEET Counselling 2026: Introduction, Process Overview & Why It Mattersexerpt"
https://neetcounselors.com/blog/how-to-use-mbbs-college-predictor-2026,200,How to Use MBBS College Predictor 2026 | Step-by-Step Guide | NEET Counselling,Learn how to use the MBBS College Predictor 2026 effectively. Follow this step-by-step guide to shortlist colleges and improve your NEET counselling strategy.,How to Use MBBS College Predictor 2026 | Step-by-Step Guide
https://neetcounselors.com/blog/mbbs-college-predictor-2026-by-rank,200,MBBS College Predictor 2026 by Rank | Check Your Admission Chances | NEET Counselling,Use our MBBS College Predictor 2026 by Rank to estimate your chances of admission to government and private medical colleges through NEET counselling.,MBBS College Predictor 2026 by Rank | Check Your Admission Chances
https://neetcounselors.com/blog/neet-college-predictor-2026,200,"NEET College Predictor 2026 for MBBS, BDS & Nursing | Check Admission Chances | NEET Counselling","Use our NEET College Predictor 2026 to predict MBBS, BDS, and Nursing colleges based on your NEET rank and category. Check your admission chances instantly and plan your counselling strategy.","NEET College Predictor 2026 for MBBS, BDS & Nursing | Predict Your Colleges by Rank"
https://neetcounselors.com/blog/neet-2026-refund-portal-amount,200,"NEET 2026 Refund — Portal, Amount, Eligibility & Process | NEET Counselling","Complete guide to NEET 2026 refund process. Check NTA refund portal, refund amount for all categories, eligibility criteria, how to apply, and refund status tracking. Official NTA refund information.","NEET 2026 Refund — Portal, Amount, Eligibility & Complete Process"
https://neetcounselors.com/blog/government-mbbs-colleges-through-neet-2026,200,Government MBBS Colleges Through NEET 2026 | Top Medical Colleges in India | NEET Counselling,"Explore the complete list of government MBBS colleges through NEET 2026. Check admission trends, counselling insights, and find the best medical colleges across India.",Government MBBS Colleges Through NEET 2026 | Top Medical Colleges in India
https://neetcounselors.com/blog/mbbs-college-predictor-by-marks-2026,200,MBBS College Predictor 2026 by Marks | Check Your Admission Chances | NEET Counselling,Use our MBBS College Predictor 2026 by Marks to estimate which government and private medical colleges you may get based on your NEET score and category.,MBBS College Predictor 2026 by Marks: Check Your Admission Chances
https://neetcounselors.com/blog/re-neet-2026-exam-date-admit-card,200,"RE-NEET 2026 — Exam Date, Admit Card, City Intimation & Result | NEET Counselling","Complete guide to RE-NEET 2026. Check re-exam date, admit card download process, city intimation slip, eligibility criteria, result date, and counselling process. Official NTA updates.","RE-NEET 2026 — Exam Date, Admit Card, Result & Complete Guide"
https://neetcounselors.com/blog/neet-mds-counselling-2026,200,"NEET MDS Counselling 2026 — Dates, Process, Cutoffs & Allotment | NEET Counselling","Complete NEET MDS counselling 2026 guide by MCC/NBEMS. Get counselling dates, registration process, choice filling steps, seat allotment rounds, cutoff ranks, and document requirements for MDS admission.","NEET MDS Counselling 2026 — Dates, Process, Cutoffs & College Allotment"
https://neetcounselors.com/blog/neet-cutoffs-2026,200,NEET Cutoffs 2026 — Opening and Closing Ranks for Government Medical Colleges | NEET Counselling,Complete NEET cutoff analysis 2026. Opening and closing ranks for government MBBS colleges across AIQ and state quota. Category-wise trends and rank predictors for all categories.,NEET Cutoffs 2026 for Government Medical Colleges — Complete Analysis
https://neetcounselors.com/blog/ayush-veterinary-counselling-2026-complete-guide,200,"AYUSH and Veterinary Counselling 2026: Fees, Process & Final Guidance | NEET Counselling","Explore the complete AYUSH and Veterinary Counselling 2026 guide covering counselling processes, fee considerations, stray vacancy rules, admission tips, and expert guidance to help students make informed career decisions.","AYUSH & Veterinary Counselling 2026: Complete Guide, Fees, Rules and Final Admission Tips"
https://neetcounselors.com/blog/open-vs-closed-states-in-neet-counselling-2026,200,Open vs Closed States in NEET Counselling 2026 | Government & Private College Guide | NEET Counselling,"Confused about open and closed states in NEET Counselling 2026? Learn domicile rules, AIQ, government and private college admissions, open states, closed states, partially open states, counselling charges, and expert strategies to maximize your admission opportunities.","NEET Counselling 2026: Open States, Closed States, Domicile Rules & Private College Admissions"
https://neetcounselors.com/blog/neet-counselling-2026-free-exit-upgradation-stray-vacancy-rules,200,"NEET 2026 Free Exit Rules, Upgradation & Stray Vacancy Explained | NEET Counselling","Understand NEET Counselling 2026 exit rules, including Free Exit policies, seat upgradation, reporting requirements, security deposit implications, and Stray Vacancy Round eligibility to avoid costly mistakes.","NEET Counselling 2026 Exit Rules: Free Exit, Upgradation & Stray Vacancy Guide"
https://neetcounselors.com/blog/learn-the-complete-neet-counselling-2026-choice-filling-strategy-discover-how-to-arrange-college-preferences-avoid-common-mistakes-understand-choice-locking-and-maximize-your-chances-of-securing-the-best-medical-seat,200,NEET Choice Filling 2026: MCC Preference Strategy & Common Mistakes | NEET Counselling,"Learn the complete NEET Counselling 2026 choice filling strategy. Discover how to arrange college preferences, avoid common mistakes, understand choice locking, and maximize your chances of securing the best medical seat.",NEET Counselling 2026 Choice Filling Guide: Best Strategy to Secure a Medical Seat
https://neetcounselors.com/blog/neet-counselling-2026-mcc-registration-process-guide,200,NEET Counselling 2026 Registration Guide: MCC Process & Important Dates | NEET Counselling,"Learn the complete MCC registration process for NEET Counselling 2026, including official schedules, account creation, fee payment, login credentials, counselling rounds, and important deadlines.","NEET Counselling 2026 Registration Process: MCC Schedule, Login & Step-by-Step Guide"
https://neetcounselors.com/blog/ayush-counselling-2026-final-guidance-and-disclaimer,200,"AYUSH Counselling 2026 Final Guidance, Counselling Tips & Disclaimer | NEET Counselling","Read the final section of our AYUSH Counselling 2026 guide covering expert counselling tips, important disclaimers, informed decision-making advice, and strategies to avoid admission mistakes.","AYUSH Counselling 2026: Expert Guidance, Final Advice & Important Disclaimer"
https://neetcounselors.com/blog/ayush-counselling-process-free-exit-faqs,200,"AYUSH Counselling 2026: Process, Free Exit Rules & FAQs | NEET Counselling","Learn the complete AYUSH Counselling 2026 process including registration, choice filling, free exit rules, security deposits, reporting procedures, and FAQs.","AYUSH Counselling Process 2026: Free Exit Rules, FAQs & Admission Strategy"
https://neetcounselors.com/blog/neet-counselling-2026-mcc-fees-security-deposit-rules,200,"NEET Counselling 2026 Fees Guide: MCC Registration, Security Deposit & Refund Policy | NEET Counselling","Understand the complete MCC counselling fee structure for NEET Counselling 2026, including registration fees, refundable security deposits, deemed university charges, refund policies, and forfeiture rules.","NEET Counselling 2026 Fees: MCC Registration Fees, Security Deposit & Refund Rules"
https://neetcounselors.com/blog/ayush-counselling-2026-complete-guide,200,"AYUSH Counselling 2026: BAMS, BHMS, BUMS & BSMS Admission Guide | NEET Counselling","Learn everything about AYUSH Counselling 2026 including BAMS, BHMS, BUMS and BSMS admissions, eligibility, counselling authorities, career opportunities and admission strategies.","AYUSH Counselling 2026: Complete Guide to BAMS, BHMS, BUMS & BSMS Admissions"
https://neetcounselors.com/blog/neet-counselling-nri-quota-documents-registration-guide,200,"NEET Counselling 2026: NRI Quota, Documents & Registration Process | NEET Counselling","Complete NEET Counselling 2026 guide covering NRI quota, sponsored NRI eligibility, counselling registration process, required documents, common mistakes, and FAQs for medical admissions.","NEET Counselling 2026: NRI Quota, Documents Required & Registration Process Guide"
https://neetcounselors.com/blog/neet-counselling-2026-complete-guide,200,"NEET Counselling 2026: Complete Guide to AIQ, State Quota & Medical Admissions | NEET Counselling","Complete NEET Counselling 2026 guide covering AIQ, State Quota, counselling process, choice filling, documents required, and medical admission procedures in India.","NEET Counselling 2026: Complete Guide to AIQ, State Quota, Choice Filling & Admission Process"
https://neetcounselors.com/blog/neet-counselling-documents-checklist-faqs-reporting-guide,200,"NEET Counselling Documents 2026: FAQs, Checklist & Reporting Process | NEET Counselling","Learn everything about NEET Counselling 2026 documents including gap affidavits, category certificates, reporting procedures, FAQs, and practical admission tips.","NEET Counselling Documents 2026: Complete Checklist, FAQs & Reporting Guide"
https://neetcounselors.com/blog/mcc-counselling-2026-complete-guide,200,"MCC Counselling 2026: AIQ, AIIMS, JIPMER & Deemed Universities Complete Guide | NEET Counselling","Complete MCC Counselling 2026 guide covering All India Quota (AIQ), AIIMS, JIPMER, Central Universities, Deemed Universities, eligibility rules, choice filling and admission process.","MCC Counselling 2026: Complete Guide to AIQ, AIIMS, JIPMER & Deemed Universities"
https://neetcounselors.com/blog/state-counselling-2026-complete-guide,200,"State Counselling 2026 Guide: State Quota, Domicile & Private Medical Colleges | NEET Counselling","Complete State Counselling 2026 guide covering 85% state quota seats, private medical colleges, domicile rules, open states, Rajasthan, Uttar Pradesh, and NEET choice filling strategies.","State Counselling 2026: Complete Guide to State Quota, Domicile, Private Colleges & Choice Filling"
https://neetcounselors.com/neet-counselling-2026,200,"NEET Counselling 2026: Complete Guide to MCC, State Quota, AIQ & Choice Filling | NEET Counselling","Complete NEET Counselling 2026 guide covering MCC counselling, State Quota admissions, AIQ seats, counselling rounds, choice filling, security fees, documents required, and admission process.",
https://neetcounselors.com/rank-analysis,200,NEET Rank Analysis 2026 | Predict Your College Chances | NEET Counselling,"Get NEET Rank Analysis 2026 based on rank, category, quota, domicile, and previous year trends. Explore dream, target, and safe colleges with expert guidance.",NEET Rank Analysis 2026
https://neetcounselors.com/blog/neet-counselling-2026-common-mistakes,200,NEET Counselling 2026: 10 Mistakes That Can Cost You a Medical Seat | NEET Counselling,"Avoid the 10 most common NEET counselling mistakes in 2026. Learn about choice filling, quotas, deadlines, and expert strategies to secure the right medical seat.",NEET Counselling 2026: 10 Mistakes That Can Cost You a Medical Seat
https://neetcounselors.com/editorial-policy,200,NEET Counselling Content Guidelines | NEET Counselling,"Learn how NEETCounselors.com creates, reviews, and updates educational content to provide accurate and student-focused counselling guidance.",
https://neetcounselors.com/disclaimer,200,Disclaimer – NEETCounselors.com Educational Guidance Platform | NEET Counselling,Read the disclaimer of NEETCounselors.com to understand the limitations of the information provided and the importance of verifying admission details through official authorities.,Disclaimer
https://neetcounselors.com/neetalllinks,200,"NEET 2026 Official Links – NTA, MCC, AACCC, VCI & State Counselling Portals | NEET Counselling","Access all official NEET 2026 links in one place, including NTA, MCC, AACCC, VCI, DU, IPU and State Counselling portals. Updated regularly for students across India.",
https://neetcounselors.com/terms-and-conditions,200,Terms and Conditions | NEET Counselors | NEET Counselling,"Read the Terms and Conditions of NEET Counselors to understand the rules, disclaimers, user responsibilities, and conditions governing the use of our website and counselling services.",TERMS AND CONDITIONS
https://neetcounselors.com/privacypolicy,200,Privacy Policy – NEET Counselors | NEET Counselling,"Read the Privacy Policy of NEET Counselors to understand how we collect, use, store, and protect your personal information while using our services.",Privacy Policy
https://neetcounselors.com/hyperlink-policy,200,Hyperlink Policy | NEET Counselors | NEET Counselling,"Read the Hyperlink Policy of NEET Counselors to understand the use of external links, official websites, and third-party resources available on our platform.",Hyperlink Policy
https://neetcounselors.com/neet-counselling,200,"NEET Counselling 2026 Guide | AIQ, State Quota, MCC Process & Choice Filling | NEET Counselling","Complete NEET Counselling 2026 guide covering MCC AIQ counselling, State Quota admissions, counselling rounds, documents, choice filling, seat allotment, and admission process.",NEET Counselling 2026 – Complete Guide for Medical Admissions
https://neetcounselors.com/binary-search,200,this | NEET Counselling,Helping NEET Aspirants Make Informed Admission Decisions,bbbn
https://neetcounselors.com/copyrightpolicy,200,Copyright Policy | NEET Counselling,Helping NEET Aspirants Make Informed Admission Decisions,Copyright Policy
https://neetcounselors.com/counselling/tnea-counselling-2026,200,"TNEA Counselling 2026 — Registration, Merit List, Choice Filling & Allotment | NEET Counselling","Complete TNEA 2026 counselling guide. Check registration dates, merit list cutoff calculation, choice filling process, seat allotment rounds, document requirements, and college reporting for Tamil Nadu engineering admissions.","TNEA Counselling 2026 — Registration, Dates, Merit List & Seat Allotment"
https://neetcounselors.com/counselling/csab-counselling-2026,200,"CSAB Counselling 2026 — Registration, Rounds, Schedule & Seat Allotment | NEET Counselling","Complete CSAB counselling 2026 guide. Check registration process, counselling rounds, seat allotment schedule, participating NITs, IIITs, and CFTIs, eligibility criteria, and difference from JoSAA counselling.","CSAB Counselling 2026 — Registration, Rounds, Seat Allotment & Schedule"
https://neetcounselors.com/counselling/tg-eapcet-counselling-2026,200,"TG EAPCET / TS EAMCET Counselling 2026 — Dates, Process & Allotment | NEET Counselling","Complete TG EAPCET (TS EAMCET) 2026 counselling guide. Check counselling dates, online registration, web options entry, seat allotment rounds, document verification, and reporting process for Telangana engineering admissions.",TG EAPCET / TS EAMCET Counselling 2026 — Full Guide
https://neetcounselors.com/counselling/kcet-counselling-2026,200,"KCET Counselling 2026 — Registration, Dates, Choice Filling & Allotment | NEET Counselling","Complete KCET 2026 counselling guide by KEA. Check counselling dates, registration process, option entry, choice filling, seat allotment rounds, document verification, and cutoff ranks for Karnataka engineering and pharmacy admissions.","KCET Counselling 2026 — Dates, Choice Filling, Seat Allotment & Cutoffs"
https://neetcounselors.com/counselling/neet-pg-2026-counselling,200,"NEET PG 2026 Counselling — Dates, Registration, Process & Cutoffs | NEET Counselling","Complete guide to NEET PG 2026 counselling. Check exam dates, MCC counselling registration, choice filling process, seat allotment rounds, eligibility criteria, and cutoff ranks for MD/MS admission.","NEET PG 2026 Counselling — Exam Date, Registration & Complete Process"
https://neetcounselors.com/counselling/mbbs-fees-india-2026,200,MBBS Fees in India 2026 — Govt vs Private vs Deemed vs Abroad Comparison | NEET Counselling,"Complete comparison of MBBS fees in India 2026. Government college fees from ₹10K/year, private colleges ₹5-15L/year, deemed universities ₹10-25L/year, and abroad options.",MBBS Fees in India 2026 — Government vs Private vs Deemed vs Abroad
https://neetcounselors.com/counselling/neet-counselling-nri-students,200,NEET Counselling for NRI Students 2026 — NRI Quota MBBS Guide | NEET Counselling,"Complete guide for NRI NEET counselling 2026. NRI quota eligibility, documents required, fee structure, and counselling process for NRI MBBS/BDS admissions in India.",NEET Counselling for NRI Students 2026 — Complete Guide
https://neetcounselors.com/counselling/neet-counselling-process-2026,200,NEET Counselling Process 2026 — Complete Step-by-Step Guide | NEET Counselling,"Complete step-by-step guide to NEET UG counselling 2026. Learn about registration, choice filling, seat allotment, and college reporting for MBBS/BDS/AYUSH admissions.",NEET Counselling Process 2026 — Complete Step-by-Step Guide
https://neetcounselors.com/counselling/neet-college-predictor-guide,200,NEET College Predictor Guide 2026 — How to Predict MBBS/BDS Colleges | NEET Counselling,"Complete guide to NEET college predictors 2026. Learn how they work, what accuracy to expect, and how to use predictions for a winning choice filling strategy.",NEET College Predictor Guide 2026 — How to Predict Your Best College
https://neetcounselors.com/counselling/how-to-fill-neet-counselling-choices,200,How to Fill Choices in NEET Counselling — Step-by-Step Strategy 2026 | NEET Counselling,"Learn how to fill NEET counselling choices with expert strategies. Research cutoffs, order preferences, and optimise allotment across all 4 rounds for MBBS/BDS/AYUSH.",How to Fill Choices in NEET Counselling 2026 — Step-by-Step Strategy Guide
https://neetcounselors.com/counselling/aiq-vs-state-quota,200,AIQ vs State Quota NEET Counselling 2026 — Complete Comparison Guide | NEET Counselling,"Compare AIQ vs state quota NEET counselling 2026. Understand the 15%-85% seat split, eligibility, fees, rounds, and which path is best for your rank and category.",AIQ vs State Quota NEET Counselling 2026 — Complete Comparison
https://neetcounselors.com/counselling/documents-required-neet-counselling,200,Documents Required for NEET Counselling 2026 — Complete Checklist | NEET Counselling,"Full list of documents needed for NEET UG counselling 2026. Includes academic docs, category certificates, ID proof, domicile requirements, and expert tips for smooth verification.",Documents Required for NEET Counselling 2026 — Complete Checklist
https://neetcounselors.com/counselling/state/dadra-and-nagar-haveli-and-daman-and-diu,200,"Dadra and Nagar Haveli and Daman and Diu NEET Counselling 2026 — State Quota, Cutoff, Fees | NEET Counselling","Get complete details about Dadra and Nagar Haveli and Daman and Diu NEET counselling 2026. Check state quota MBBS/BDS admission process, counselling dates, merit list, and cutoffs for government and private medical colleges in Dadra and Nagar Haveli and Daman and Diu.",Dadra and Nagar Haveli and Daman and Diu NEET Counselling 2026
https://neetcounselors.com/counselling/state/jammu-and-kashmir,200,"Jammu and Kashmir NEET Counselling 2026 — State Quota, Cutoff, Fees | NEET Counselling","Get complete details about Jammu and Kashmir NEET counselling 2026. Check state quota MBBS/BDS admission process, counselling dates, merit list, and cutoffs for government and private medical colleges in Jammu and Kashmir.",Jammu and Kashmir NEET Counselling 2026
https://neetcounselors.com/counselling/state/andaman-and-nicobar-islands,200,"Andaman and Nicobar Islands NEET Counselling 2026 — State Quota, Cutoff, Fees | NEET Counselling","Get complete details about Andaman and Nicobar Islands NEET counselling 2026. Check state quota MBBS/BDS admission process, counselling dates, merit list, and cutoffs for government and private medical colleges in Andaman and Nicobar Islands.",Andaman and Nicobar Islands NEET Counselling 2026
https://neetcounselors.com/counselling/state/chandigarh,200,"Chandigarh NEET Counselling 2026 — State Quota, Cutoff, Fees | NEET Counselling","Get complete details about Chandigarh NEET counselling 2026. Check state quota MBBS/BDS admission process, counselling dates, merit list, and cutoffs for government and private medical colleges in Chandigarh.",Chandigarh NEET Counselling 2026
https://neetcounselors.com/counselling/state/puducherry,200,"Puducherry NEET Counselling 2026 — State Quota, Cutoff, Fees | NEET Counselling","Get complete details about Puducherry NEET counselling 2026. Check state quota MBBS/BDS admission process, counselling dates, merit list, and cutoffs for government and private medical colleges in Puducherry.",Puducherry NEET Counselling 2026
https://neetcounselors.com/counselling/state/delhi,200,"Delhi NEET Counselling 2026 — State Quota, Cutoff, Fees | NEET Counselling","Get complete details about Delhi NEET counselling 2026. Check state quota MBBS/BDS admission process, counselling dates, merit list, and cutoffs for government and private medical colleges in Delhi.",Delhi NEET Counselling 2026
https://neetcounselors.com/counselling/state/west-bengal,200,"West Bengal NEET Counselling 2026 — State Quota, Cutoff, Fees | NEET Counselling","Get complete details about West Bengal NEET counselling 2026. Check state quota MBBS/BDS admission process, counselling dates, merit list, and cutoffs for government and private medical colleges in West Bengal.",West Bengal NEET Counselling 2026
https://neetcounselors.com/counselling/state/uttarakhand,200,"Uttarakhand NEET Counselling 2026 — State Quota, Cutoff, Fees | NEET Counselling","Get complete details about Uttarakhand NEET counselling 2026. Check state quota MBBS/BDS admission process, counselling dates, merit list, and cutoffs for government and private medical colleges in Uttarakhand.",Uttarakhand NEET Counselling 2026
https://neetcounselors.com/counselling/state/tripura,200,"Tripura NEET Counselling 2026 — State Quota, Cutoff, Fees | NEET Counselling","Get complete details about Tripura NEET counselling 2026. Check state quota MBBS/BDS admission process, counselling dates, merit list, and cutoffs for government and private medical colleges in Tripura.",Tripura NEET Counselling 2026
https://neetcounselors.com/counselling/state/tamil-nadu,200,"Tamil Nadu NEET Counselling 2026 — State Quota, Cutoff, Fees | NEET Counselling","Get complete details about Tamil Nadu NEET counselling 2026. Check state quota MBBS/BDS admission process, counselling dates, merit list, and cutoffs for government and private medical colleges in Tamil Nadu.",Tamil Nadu NEET Counselling 2026
https://neetcounselors.com/counselling/state/uttar-pradesh,200,"Uttar Pradesh NEET Counselling 2026 — State Quota, Cutoff, Fees | NEET Counselling","Get complete details about Uttar Pradesh NEET counselling 2026. Check state quota MBBS/BDS admission process, counselling dates, merit list, and cutoffs for government and private medical colleges in Uttar Pradesh.",Uttar Pradesh NEET Counselling 2026
https://neetcounselors.com/counselling/state/telangana,200,"Telangana NEET Counselling 2026 — State Quota, Cutoff, Fees | NEET Counselling","Get complete details about Telangana NEET counselling 2026. Check state quota MBBS/BDS admission process, counselling dates, merit list, and cutoffs for government and private medical colleges in Telangana.",Telangana NEET Counselling 2026
https://neetcounselors.com/counselling/state/sikkim,200,"Sikkim NEET Counselling 2026 — State Quota, Cutoff, Fees | NEET Counselling","Get complete details about Sikkim NEET counselling 2026. Check state quota MBBS/BDS admission process, counselling dates, merit list, and cutoffs for government and private medical colleges in Sikkim.",Sikkim NEET Counselling 2026
https://neetcounselors.com/counselling/state/nagaland,200,"Nagaland NEET Counselling 2026 — State Quota, Cutoff, Fees | NEET Counselling","Get complete details about Nagaland NEET counselling 2026. Check state quota MBBS/BDS admission process, counselling dates, merit list, and cutoffs for government and private medical colleges in Nagaland.",Nagaland NEET Counselling 2026
https://neetcounselors.com/counselling/state/rajasthan,200,"Rajasthan NEET Counselling 2026 — State Quota, Cutoff, Fees | NEET Counselling","Get complete details about Rajasthan NEET counselling 2026. Check state quota MBBS/BDS admission process, counselling dates, merit list, and cutoffs for government and private medical colleges in Rajasthan.",Rajasthan NEET Counselling 2026
https://neetcounselors.com/counselling/state/odisha,200,"Odisha NEET Counselling 2026 — State Quota, Cutoff, Fees | NEET Counselling","Get complete details about Odisha NEET counselling 2026. Check state quota MBBS/BDS admission process, counselling dates, merit list, and cutoffs for government and private medical colleges in Odisha.",Odisha NEET Counselling 2026
https://neetcounselors.com/counselling/state/mizoram,200,"Mizoram NEET Counselling 2026 — State Quota, Cutoff, Fees | NEET Counselling","Get complete details about Mizoram NEET counselling 2026. Check state quota MBBS/BDS admission process, counselling dates, merit list, and cutoffs for government and private medical colleges in Mizoram.",Mizoram NEET Counselling 2026
https://neetcounselors.com/counselling/state/punjab,200,"Punjab NEET Counselling 2026 — State Quota, Cutoff, Fees | NEET Counselling","Get complete details about Punjab NEET counselling 2026. Check state quota MBBS/BDS admission process, counselling dates, merit list, and cutoffs for government and private medical colleges in Punjab.",Punjab NEET Counselling 2026
https://neetcounselors.com/counselling/state/maharashtra,200,"Maharashtra NEET Counselling 2026 — State Quota, Cutoff, Fees | NEET Counselling","Get complete details about Maharashtra NEET counselling 2026. Check state quota MBBS/BDS admission process, counselling dates, merit list, and cutoffs for government and private medical colleges in Maharashtra.",Maharashtra NEET Counselling 2026
https://neetcounselors.com/counselling/state/kerala,200,"Kerala NEET Counselling 2026 — State Quota, Cutoff, Fees | NEET Counselling","Get complete details about Kerala NEET counselling 2026. Check state quota MBBS/BDS admission process, counselling dates, merit list, and cutoffs for government and private medical colleges in Kerala.",Kerala NEET Counselling 2026
https://neetcounselors.com/counselling/state/madhya-pradesh,200,"Madhya Pradesh NEET Counselling 2026 — State Quota, Cutoff, Fees | NEET Counselling","Get complete details about Madhya Pradesh NEET counselling 2026. Check state quota MBBS/BDS admission process, counselling dates, merit list, and cutoffs for government and private medical colleges in Madhya Pradesh.",Madhya Pradesh NEET Counselling 2026
https://neetcounselors.com/counselling/state/manipur,200,"Manipur NEET Counselling 2026 — State Quota, Cutoff, Fees | NEET Counselling","Get complete details about Manipur NEET counselling 2026. Check state quota MBBS/BDS admission process, counselling dates, merit list, and cutoffs for government and private medical colleges in Manipur.",Manipur NEET Counselling 2026
https://neetcounselors.com/counselling/state/meghalaya,200,"Meghalaya NEET Counselling 2026 — State Quota, Cutoff, Fees | NEET Counselling","Get complete details about Meghalaya NEET counselling 2026. Check state quota MBBS/BDS admission process, counselling dates, merit list, and cutoffs for government and private medical colleges in Meghalaya.",Meghalaya NEET Counselling 2026
https://neetcounselors.com/counselling/state/karnataka,200,"Karnataka NEET Counselling 2026 — State Quota, Cutoff, Fees | NEET Counselling","Get complete details about Karnataka NEET counselling 2026. Check state quota MBBS/BDS admission process, counselling dates, merit list, and cutoffs for government and private medical colleges in Karnataka.",Karnataka NEET Counselling 2026
https://neetcounselors.com/counselling/state/himachal-pradesh,200,"Himachal Pradesh NEET Counselling 2026 — State Quota, Cutoff, Fees | NEET Counselling","Get complete details about Himachal Pradesh NEET counselling 2026. Check state quota MBBS/BDS admission process, counselling dates, merit list, and cutoffs for government and private medical colleges in Himachal Pradesh.",Himachal Pradesh NEET Counselling 2026
https://neetcounselors.com/counselling/state/gujarat,200,"Gujarat NEET Counselling 2026 — State Quota, Cutoff, Fees | NEET Counselling","Get complete details about Gujarat NEET counselling 2026. Check state quota MBBS/BDS admission process, counselling dates, merit list, and cutoffs for government and private medical colleges in Gujarat.",Gujarat NEET Counselling 2026
https://neetcounselors.com/counselling/state/haryana,200,"Haryana NEET Counselling 2026 — State Quota, Cutoff, Fees | NEET Counselling","Get complete details about Haryana NEET counselling 2026. Check state quota MBBS/BDS admission process, counselling dates, merit list, and cutoffs for government and private medical colleges in Haryana.",Haryana NEET Counselling 2026
https://neetcounselors.com/counselling/state/jharkhand,200,"Jharkhand NEET Counselling 2026 — State Quota, Cutoff, Fees | NEET Counselling","Get complete details about Jharkhand NEET counselling 2026. Check state quota MBBS/BDS admission process, counselling dates, merit list, and cutoffs for government and private medical colleges in Jharkhand.",Jharkhand NEET Counselling 2026
https://neetcounselors.com/counselling/state/chhattisgarh,200,"Chhattisgarh NEET Counselling 2026 — State Quota, Cutoff, Fees | NEET Counselling","Get complete details about Chhattisgarh NEET counselling 2026. Check state quota MBBS/BDS admission process, counselling dates, merit list, and cutoffs for government and private medical colleges in Chhattisgarh.",Chhattisgarh NEET Counselling 2026
https://neetcounselors.com/counselling/state/bihar,200,"Bihar NEET Counselling 2026 — State Quota, Cutoff, Fees | NEET Counselling","Get complete details about Bihar NEET counselling 2026. Check state quota MBBS/BDS admission process, counselling dates, merit list, and cutoffs for government and private medical colleges in Bihar.",Bihar NEET Counselling 2026
https://neetcounselors.com/counselling/state/goa,200,"Goa NEET Counselling 2026 — State Quota, Cutoff, Fees | NEET Counselling","Get complete details about Goa NEET counselling 2026. Check state quota MBBS/BDS admission process, counselling dates, merit list, and cutoffs for government and private medical colleges in Goa.",Goa NEET Counselling 2026
https://neetcounselors.com/counselling/state/assam,200,"Assam NEET Counselling 2026 — State Quota, Cutoff, Fees | NEET Counselling","Get complete details about Assam NEET counselling 2026. Check state quota MBBS/BDS admission process, counselling dates, merit list, and cutoffs for government and private medical colleges in Assam.",Assam NEET Counselling 2026
https://neetcounselors.com/counselling/state/arunachal-pradesh,200,"Arunachal Pradesh NEET Counselling 2026 — State Quota, Cutoff, Fees | NEET Counselling","Get complete details about Arunachal Pradesh NEET counselling 2026. Check state quota MBBS/BDS admission process, counselling dates, merit list, and cutoffs for government and private medical colleges in Arunachal Pradesh.",Arunachal Pradesh NEET Counselling 2026
https://neetcounselors.com/colleges/king-george-medical-university,200,"Admission at king george medical university - Cutoff, Fees 2026 | NEET Counselling","Get details about MBBS admission at king george medical university, Uttar Pradesh. Check cutoff and more.",king george medical university
https://neetcounselors.com/colleges/scb-medical-coll-dental,200,"Admission at s.c.b. medical coll (dental) - Cutoff, Fees 2026 | NEET Counselling","Get details about BDS admission at s.c.b. medical coll (dental), Odisha. Check cutoff and more.",s.c.b. medical coll (dental)
https://neetcounselors.com/counselling/state/andhra-pradesh,200,"Andhra Pradesh NEET Counselling 2026 — State Quota, Cutoff, Fees | NEET Counselling","Get complete details about Andhra Pradesh NEET counselling 2026. Check state quota MBBS/BDS admission process, counselling dates, merit list, and cutoffs for government and private medical colleges in Andhra Pradesh.",Andhra Pradesh NEET Counselling 2026
https://neetcounselors.com/colleges/c-u-shah-medical-college-surendranagar,200,"Admission at c. u. shah medical college surendranagar - Cutoff, Fees 2026 | NEET Counselling","Get details about MBBS admission at c. u. shah medical college surendranagar, Gujarat. Check cutoff and more.",c. u. shah medical college surendranagar
https://neetcounselors.com/colleges/chengalpatt-u-medical-coll,200,"Admission at chengalpatt u medical coll - Cutoff, Fees 2026 | NEET Counselling","Get details about MBBS admission at chengalpatt u medical coll, Tamil Nadu. Check cutoff and more.",chengalpatt u medical coll
https://neetcounselors.com/colleges/drzadc,200,"Admission at dr.z.a.d.c. - Cutoff, Fees 2026 | NEET Counselling","Get details about BDS, MBBS admission at dr.z.a.d.c., Uttar Pradesh. Check cutoff and more.",dr.z.a.d.c.
https://neetcounselors.com/colleges/govtmedcolldental-wing,200,"Admission at govt.med.coll.(dental wing) - Cutoff, Fees 2026 | NEET Counselling","Get details about BDS admission at govt.med.coll.(dental wing), Punjab. Check cutoff and more.",govt.med.coll.(dental wing)
https://neetcounselors.com/colleges/bvd-univ-med-college,200,"Admission at bvd univ. med. college - Cutoff, Fees 2026 | NEET Counselling","Get details about MBBS admission at bvd univ. med. college, Maharashtra. Check cutoff and more.",bvd univ. med. college
https://neetcounselors.com/colleges/narendra-modi-medical-college,200,"Admission at narendra modi medical college - Cutoff, Fees 2026 | NEET Counselling","Get details about MBBS admission at narendra modi medical college, Uttar Pradesh. Check cutoff and more.",narendra modi medical college
https://neetcounselors.com/colleges/indira-gandhi-dental-college-and-sbv,200,"Admission at indira gandhi dental college and sbv - Cutoff, Fees 2026 | NEET Counselling","Get details about BDS, MBBS admission at indira gandhi dental college and sbv, Puducherry. Check cutoff and more.",indira gandhi dental college and sbv
https://neetcounselors.com/colleges/coochbehar-govt-medical,200,"Admission at coochbehar govt medical - Cutoff, Fees 2026 | NEET Counselling","Get details about MBBS admission at coochbehar govt medical, West Bengal. Check cutoff and more.",coochbehar govt medical
https://neetcounselors.com/colleges/government-ayurveda-college-vadodara,200,"Admission at government ayurveda college vadodara - Cutoff, Fees 2026 | NEET Counselling","Get details about MBBS admission at government ayurveda college vadodara, Gujarat. Check cutoff and more.",government ayurveda college vadodara
https://neetcounselors.com/colleges/amc-dental-college-and-hospital-ahmedabad,200,"Admission at a.m.c dental college and hospital ahmedabad - Cutoff, Fees 2026 | NEET Counselling","Get details about MBBS admission at a.m.c dental college and hospital ahmedabad, Gujarat. Check cutoff and more.",a.m.c dental college and hospital ahmedabad
https://neetcounselors.com/colleges/sheth-jp-government-ayurved-college-bhavnagar,200,"Admission at sheth j.p. government ayurved college bhavnagar - Cutoff, Fees 2026 | NEET Counselling","Get details about MBBS admission at sheth j.p. government ayurved college bhavnagar, Gujarat. Check cutoff and more.",sheth j.p. government ayurved college bhavnagar
https://neetcounselors.com/colleges/government-ayurved-college-junagadh,200,"Admission at government ayurved college junagadh - Cutoff, Fees 2026 | NEET Counselling","Get details about MBBS admission at government ayurved college junagadh, Gujarat. Check cutoff and more.",government ayurved college junagadh
https://neetcounselors.com/colleges/government-akhandanand-ayurveda-college-ahmedabad,200,"Admission at government akhandanand ayurveda college ahmedabad - Cutoff, Fees 2026 | NEET Counselling","Get details about MBBS admission at government akhandanand ayurveda college ahmedabad, Gujarat. Check cutoff and more.",government akhandanand ayurveda college ahmedabad
https://neetcounselors.com/colleges/government-dental-college-and-hospital-ahmedabad,200,"Admission at government dental college and hospital ahmedabad - Cutoff, Fees 2026 | NEET Counselling","Get details about MBBS admission at government dental college and hospital ahmedabad, Gujarat. Check cutoff and more.",government dental college and hospital ahmedabad
https://neetcounselors.com/colleges/monark-ayurved-medical-college-hospital-at-post-vahelal,200,"Admission at monark ayurved medical college & hospital at.& post- vahelal - Cutoff, Fees 2026 | NEET Counselling","Get details about MBBS admission at monark ayurved medical college & hospital at.& post- vahelal, Gujarat. Check cutoff and more.",monark ayurved medical college & hospital at.& post- vahelal
https://neetcounselors.com/colleges/krishna-ayurved-medical-college-vadodara,200,"Admission at krishna ayurved medical college vadodara - Cutoff, Fees 2026 | NEET Counselling","Get details about MBBS admission at krishna ayurved medical college vadodara, Gujarat. Check cutoff and more.",krishna ayurved medical college vadodara
https://neetcounselors.com/colleges/merchant-ayurved-college-at-post-basna-ta-visnagar-dist,200,"Admission at merchant ayurved college at & post basna ta- visnagar dist. - Cutoff, Fees 2026 | NEET Counselling","Get details about MBBS admission at merchant ayurved college at & post basna ta- visnagar dist., Gujarat. Check cutoff and more.",merchant ayurved college at & post basna ta- visnagar dist.
https://neetcounselors.com/colleges/drvasant-parikh-ayurvedic-medical-college-vadnagar,200,"Admission at dr.vasant parikh ayurvedic medical college vadnagar - Cutoff, Fees 2026 | NEET Counselling","Get details about MBBS admission at dr.vasant parikh ayurvedic medical college vadnagar, Gujarat. Check cutoff and more.",dr.vasant parikh ayurvedic medical college vadnagar
https://neetcounselors.com/colleges/gmers-medical-college-gandhinagar,200,"Admission at gmers medical college gandhinagar - Cutoff, Fees 2026 | NEET Counselling","Get details about MBBS admission at gmers medical college gandhinagar, Gujarat. Check cutoff and more.",gmers medical college gandhinagar
https://neetcounselors.com/colleges/gmers-medical-college-gotri-vadodara,200,"Admission at gmers medical college gotri vadodara - Cutoff, Fees 2026 | NEET Counselling","Get details about MBBS admission at gmers medical college gotri vadodara, Gujarat. Check cutoff and more.",gmers medical college gotri vadodara
https://neetcounselors.com/colleges/gmers-medical-college-dharpur-patan,200,"Admission at gmers medical college dharpur patan - Cutoff, Fees 2026 | NEET Counselling","Get details about MBBS admission at gmers medical college dharpur patan, Gujarat. Check cutoff and more.",gmers medical college dharpur patan
https://neetcounselors.com/colleges/s-s-agrawal-institute-of-ayurveda,200,"Admission at s. s. agrawal institute of ayurveda - Cutoff, Fees 2026 | NEET Counselling","Get details about MBBS admission at s. s. agrawal institute of ayurveda, Uttar Pradesh. Check cutoff and more.",s. s. agrawal institute of ayurveda
https://neetcounselors.com/colleges/dr-v-h-dave-homoeopathic-medical-college-anand,200,"Admission at dr. v. h. dave homoeopathic medical college anand - Cutoff, Fees 2026 | NEET Counselling","Get details about MBBS admission at dr. v. h. dave homoeopathic medical college anand, Gujarat. Check cutoff and more.",dr. v. h. dave homoeopathic medical college anand
https://neetcounselors.com/colleges/rajkot-homoeopathic-medical-college-gondal-road-rajkot,200,"Admission at rajkot homoeopathic medical college gondal road rajkot - Cutoff, Fees 2026 | NEET Counselling","Get details about MBBS admission at rajkot homoeopathic medical college gondal road rajkot, Gujarat. Check cutoff and more.",rajkot homoeopathic medical college gondal road rajkot
https://neetcounselors.com/colleges/ssagrawal-homoeopathic-medical-college-general-hospital,200,"Admission at s.s.agrawal homoeopathic medical college & general hospital - Cutoff, Fees 2026 | NEET Counselling","Get details about MBBS admission at s.s.agrawal homoeopathic medical college & general hospital, Uttar Pradesh. Check cutoff and more.",s.s.agrawal homoeopathic medical college & general hospital
https://neetcounselors.com/colleges/baroda-homoeopathic-medical-college-vadodara,200,"Admission at baroda homoeopathic medical college vadodara - Cutoff, Fees 2026 | NEET Counselling","Get details about MBBS admission at baroda homoeopathic medical college vadodara, Gujarat. Check cutoff and more.",baroda homoeopathic medical college vadodara
https://neetcounselors.com/colleges/ahmedabad-homoeopathic-medical-college-ahmedabad,200,"Admission at ahmedabad homoeopathic medical college ahmedabad - Cutoff, Fees 2026 | NEET Counselling","Get details about MBBS admission at ahmedabad homoeopathic medical college ahmedabad, Gujarat. Check cutoff and more.",ahmedabad homoeopathic medical college ahmedabad
https://neetcounselors.com/colleges/gmers-medical-college-junagadh,200,"Admission at gmers medical college junagadh - Cutoff, Fees 2026 | NEET Counselling","Get details about MBBS admission at gmers medical college junagadh, Gujarat. Check cutoff and more.",gmers medical college junagadh
https://neetcounselors.com/colleges/nootan-homeopathic-medical-college-hospital-visnagar,200,"Admission at nootan homeopathic medical college & hospital visnagar - Cutoff, Fees 2026 | NEET Counselling","Get details about MBBS admission at nootan homeopathic medical college & hospital visnagar, Gujarat. Check cutoff and more.",nootan homeopathic medical college & hospital visnagar
https://neetcounselors.com/colleges/aaryaveer-homoeopathic-medical-college-hospital-kuvadava,200,"Admission at aaryaveer homoeopathic medical college & hospital kuvadava - Cutoff, Fees 2026 | NEET Counselling","Get details about MBBS admission at aaryaveer homoeopathic medical college & hospital kuvadava, Gujarat. Check cutoff and more.",aaryaveer homoeopathic medical college & hospital kuvadava
https://neetcounselors.com/colleges/gandhinagar-homoeopathic-medical-college-at-mubarakpur,200,"Admission at gandhinagar homoeopathic medical college at mubarakpur - Cutoff, Fees 2026 | NEET Counselling","Get details about MBBS admission at gandhinagar homoeopathic medical college at mubarakpur, Gujarat. Check cutoff and more.",gandhinagar homoeopathic medical college at mubarakpur
https://neetcounselors.com/colleges/maharaja-jitendra-narayan-medical-college-and-hospital-coochbehar,200,"Admission at maharaja jitendra narayan medical college and hospital coochbehar - Cutoff, Fees 2026 | NEET Counselling","Get details about MBBS, BDS admission at maharaja jitendra narayan medical college and hospital coochbehar, West Bengal. Check cutoff and more.",maharaja jitendra narayan medical college and hospital coochbehar
https://neetcounselors.com/colleges/merchant-homoeopathic-medical-college-hospital-basna,200,"Admission at merchant homoeopathic medical college & hospital basna - Cutoff, Fees 2026 | NEET Counselling","Get details about MBBS admission at merchant homoeopathic medical college & hospital basna, Gujarat. Check cutoff and more.",merchant homoeopathic medical college & hospital basna
https://neetcounselors.com/colleges/government-unani-medical-college-hospital,200,"BUMS at Government Unani Medical college & hospital - Fees, Cutoff, Ranking 2026 | NEET Counselling","Get details about BUMS admission at Government Unani Medical college & hospital, Karnataka. Check cutoff, fee structure, ranking, and more.",Government Unani Medical college & hospital
https://neetcounselors.com/colleges/ntr-college-of-veterinary-science,200,"BVSc & AH at NTR College of Veterinary Science - Fees, Cutoff, Ranking 2026 | NEET Counselling","Get details about BVSc & AH admission at NTR College of Veterinary Science, Andhra Pradesh. Check cutoff, fee structure, ranking, and more.",NTR College of Veterinary Science
https://neetcounselors.com/colleges/state-takmil-ut-tib-college-and-hospital,200,"BUMS at State Takmil-ut-Tib College and Hospital - Fees, Cutoff, Ranking 2026 | NEET Counselling","Get details about BUMS admission at State Takmil-ut-Tib College and Hospital, Uttar Pradesh. Check cutoff, fee structure, ranking, and more.",State Takmil-ut-Tib College and Hospital
https://neetcounselors.com/colleges/govt-ayurveda-college,200,"BAMS at Govt. Ayurveda College - Fees, Cutoff, Ranking 2026 | NEET Counselling","Get details about BAMS admission at Govt. Ayurveda College, Rajasthan. Check cutoff, fee structure, ranking, and more.",Govt. Ayurveda College
https://neetcounselors.com/colleges/chengalpattu-medical-coll,200,"Admission at chengalpattu medical coll - Cutoff, Fees 2026 | NEET Counselling","Get details about MBBS admission at chengalpattu medical coll, Tamil Nadu. Check cutoff and more.",chengalpattu medical coll
https://neetcounselors.com/colleges/university-college-of-unani,200,"BUMS at University College of Unani - Fees, Cutoff, Ranking 2026 | NEET Counselling","Get details about BUMS admission at University College of Unani, Rajasthan. Check cutoff, fee structure, ranking, and more.",University College of Unani
https://neetcounselors.com/colleges/baba-khetanath-govt-ayurvedic-college-and-hospita,200,"BAMS at Baba Khetanath Govt. Ayurvedic College and Hospita - Fees, Cutoff, Ranking 2026 | NEET Counselling","Get details about BAMS admission at Baba Khetanath Govt. Ayurvedic College and Hospita, Bihar. Check cutoff, fee structure, ranking, and more.",Baba Khetanath Govt. Ayurvedic College and Hospita
https://neetcounselors.com/colleges/shri-maru-singh-memorial-institute-of-ayurved-female-seat-only,200,"BAMS at Shri Maru Singh Memorial Institute of Ayurved (Female Seat only ) - Fees, Cutoff, Ranking 2026 | NEET Counselling","Get details about BAMS admission at Shri Maru Singh Memorial Institute of Ayurved (Female Seat only ), Rajasthan. Check cutoff, fee structure, ranking, and more.",Shri Maru Singh Memorial Institute of Ayurved (Female Seat only )
https://neetcounselors.com/colleges/faculty-of-ayurveda,200,"BAMS at Faculty of Ayurveda - Fees, Cutoff, Ranking 2026 | NEET Counselling","Get details about BAMS admission at Faculty of Ayurveda, Uttar Pradesh. Check cutoff, fee structure, ranking, and more.",Faculty of Ayurveda
https://neetcounselors.com/colleges/government-ayurveda-medical-college-and-hospital,200,"BAMS at Government Ayurveda Medical College and Hospital - Fees, Cutoff, Ranking 2026 | NEET Counselling","Get details about BAMS admission at Government Ayurveda Medical College and Hospital, Maharashtra. Check cutoff, fee structure, ranking, and more.",Government Ayurveda Medical College and Hospital
https://neetcounselors.com/colleges/government-ayurved-college-and-hospital,200,"BAMS at Government Ayurved College and Hospital - Fees, Cutoff, Ranking 2026 | NEET Counselling","Get details about BAMS admission at Government Ayurved College and Hospital, Madhya Pradesh. Check cutoff, fee structure, ranking, and more.",Government Ayurved College and Hospital
https://neetcounselors.com/colleges/government-dhanwantri-ayurveda-college,200,"BAMS at Government Dhanwantri Ayurveda College - Fees, Cutoff, Ranking 2026 | NEET Counselling","Get details about BAMS admission at Government Dhanwantri Ayurveda College, Madhya Pradesh. Check cutoff, fee structure, ranking, and more.",Government Dhanwantri Ayurveda College
https://neetcounselors.com/colleges/government-ayurvedic-medical-college,200,"BAMS at Government Ayurvedic Medical college - Fees, Cutoff, Ranking 2026 | NEET Counselling","Get details about BAMS admission at Government Ayurvedic Medical college, Bihar. Check cutoff, fee structure, ranking, and more.",Government Ayurvedic Medical college
https://neetcounselors.com/colleges/ayurved-mahavidyalaya-and-hospital,200,"BAMS at Ayurved Mahavidyalaya and Hospital - Fees, Cutoff, Ranking 2026 | NEET Counselling","Get details about BAMS admission at Ayurved Mahavidyalaya and Hospital, Maharashtra. Check cutoff, fee structure, ranking, and more.",Ayurved Mahavidyalaya and Hospital
https://neetcounselors.com/colleges/rajiv-gandhi-ayurveda-medical-college-and-hospital,200,"BAMS at Rajiv Gandhi Ayurveda Medical College and Hospital - Fees, Cutoff, Ranking 2026 | NEET Counselling","Get details about BAMS admission at Rajiv Gandhi Ayurveda Medical College and Hospital, Karnataka. Check cutoff, fee structure, ranking, and more.",Rajiv Gandhi Ayurveda Medical College and Hospital
https://neetcounselors.com/colleges/veterinary-college-gadag,200,"BVSc & AH at Veterinary College Gadag - Fees, Cutoff, Ranking 2026 | NEET Counselling","Get details about BVSc & AH admission at Veterinary College Gadag, Karnataka. Check cutoff, fee structure, ranking, and more.",Veterinary College Gadag
https://neetcounselors.com/colleges/government-ayurveda-college-and-hospital,200,"BAMS at Government Ayurveda College and Hospital - Fees, Cutoff, Ranking 2026 | NEET Counselling","Get details about BAMS admission at Government Ayurveda College and Hospital, Odisha. Check cutoff, fee structure, ranking, and more.",Government Ayurveda College and Hospital
https://neetcounselors.com/colleges/government-ayurved-medical-college,200,"BAMS at Government Ayurved Medical College - Fees, Cutoff, Ranking 2026 | NEET Counselling","Get details about BAMS admission at Government Ayurved Medical College, Jammu and Kashmir. Check cutoff, fee structure, ranking, and more.",Government Ayurved Medical College
https://neetcounselors.com/colleges/government-ayurved-college,200,"BAMS at Government Ayurved College - Fees, Cutoff, Ranking 2026 | NEET Counselling","Get details about BAMS admission at Government Ayurved College, Chhattisgarh. Check cutoff, fee structure, ranking, and more.",Government Ayurved College
https://neetcounselors.com/colleges/faculty-of-veterinary-science,200,"BVSc & AH at Faculty of Veterinary Science - Fees, Cutoff, Ranking 2026 | NEET Counselling","Get details about BVSc & AH admission at Faculty of Veterinary Science, Telangana. Check cutoff, fee structure, ranking, and more.",Faculty of Veterinary Science
https://neetcounselors.com/colleges/veterinary-college-and-research-institute-namakkal-637002,200,"BVSc & AH at Veterinary College and Research Institute Namakkal-637002 - Fees, Cutoff, Ranking 2026 | NEET Counselling","Get details about BVSc & AH admission at Veterinary College and Research Institute Namakkal-637002, Tamil Nadu. Check cutoff, fee structure, ranking, and more.",Veterinary College and Research Institute Namakkal-637002
https://neetcounselors.com/colleges/veterinary-college-and-research-institute,200,"BVSc & AH at Veterinary College and Research Institute - Fees, Cutoff, Ranking 2026 | NEET Counselling","Get details about BVSc & AH admission at Veterinary College and Research Institute, Tamil Nadu. Check cutoff, fee structure, ranking, and more.",Veterinary College and Research Institute
https://neetcounselors.com/colleges/ranchi-college-of-veterinary-science-and-animal-husbandry,200,"BVSc & AH at Ranchi College of Veterinary Science and Animal Husbandry - Fees, Cutoff, Ranking 2026 | NEET Counselling","Get details about BVSc & AH admission at Ranchi College of Veterinary Science and Animal Husbandry, Jharkhand. Check cutoff, fee structure, ranking, and more.",Ranchi College of Veterinary Science and Animal Husbandry
https://neetcounselors.com/colleges/indian-veterinary-research-institute,200,"BVSc & AH at Indian Veterinary Research Institute - Fees, Cutoff, Ranking 2026 | NEET Counselling","Get details about BVSc & AH admission at Indian Veterinary Research Institute, Uttar Pradesh. Check cutoff, fee structure, ranking, and more.",Indian Veterinary Research Institute
https://neetcounselors.com/colleges/college-of-veterinary-sciences-a-h,200,"BVSc & AH at College of Veterinary Sciences & A.H - Fees, Cutoff, Ranking 2026 | NEET Counselling","Get details about BVSc & AH admission at College of Veterinary Sciences & A.H, Punjab. Check cutoff, fee structure, ranking, and more.",College of Veterinary Sciences & A.H
https://neetcounselors.com/colleges/international-institute-of-veterinary-education-and-research,200,"BVSc & AH at International Institute of Veterinary Education and Research - Fees, Cutoff, Ranking 2026 | NEET Counselling","Get details about BVSc & AH admission at International Institute of Veterinary Education and Research, Haryana. Check cutoff, fee structure, ranking, and more.",International Institute of Veterinary Education and Research
https://neetcounselors.com/colleges/mahatma-jyotiba-full-college-of-veterinary-animal-sciences-chomu,200,"BVSc & AH at Mahatma Jyotiba Full College of Veterinary & Animal Sciences. Chomu - Fees, Cutoff, Ranking 2026 | NEET Counselling","Get details about BVSc & AH admission at Mahatma Jyotiba Full College of Veterinary & Animal Sciences. Chomu, Rajasthan. Check cutoff, fee structure, ranking, and more.",Mahatma Jyotiba Full College of Veterinary & Animal Sciences. Chomu
https://neetcounselors.com/colleges/veterinary-college-and-research-institute-ramayanpatti,200,"BVSc & AH at Veterinary College and Research Institute Ramayanpatti - Fees, Cutoff, Ranking 2026 | NEET Counselling","Get details about BVSc & AH admission at Veterinary College and Research Institute Ramayanpatti, Tamil Nadu. Check cutoff, fee structure, ranking, and more.",Veterinary College and Research Institute Ramayanpatti
https://neetcounselors.com/colleges/bombay-veterinary-college-parel-mumbai-bombay-veterinary-college,200,"BVSc & AH at Bombay Veterinary College Parel Mumbai (Bombay Veterinary College - Fees, Cutoff, Ranking 2026 | NEET Counselling","Get details about BVSc & AH admission at Bombay Veterinary College Parel Mumbai (Bombay Veterinary College, Maharashtra. Check cutoff, fee structure, ranking, and more.",Bombay Veterinary College Parel Mumbai (Bombay Veterinary College
https://neetcounselors.com/colleges/arawali-veterinary-college,200,"BVSc & AH at Arawali Veterinary College - Fees, Cutoff, Ranking 2026 | NEET Counselling","Get details about BVSc & AH admission at Arawali Veterinary College, Rajasthan. Check cutoff, fee structure, ranking, and more.",Arawali Veterinary College
https://neetcounselors.com/colleges/faculty-of-veterinary-and-animal-sciences-mohanpur-nadia-741252-west-bengal-west-bengal,200,"BVSc & AH at Faculty of Veterinary and Animal Sciences Mohanpur Nadia-741252 West Bengal West Bengal - Fees, Cutoff, Ranking 2026 | NEET Counselling","Get details about BVSc & AH admission at Faculty of Veterinary and Animal Sciences Mohanpur Nadia-741252 West Bengal West Bengal, West Bengal. Check cutoff, fee structure, ranking, and more.",Faculty of Veterinary and Animal Sciences Mohanpur Nadia-741252 West Bengal West Bengal
https://neetcounselors.com/colleges/khalsa-college-of-veterinary-animal-science,200,"BVSc & AH at Khalsa College of Veterinary Animal Science - Fees, Cutoff, Ranking 2026 | NEET Counselling","Get details about BVSc & AH admission at Khalsa College of Veterinary Animal Science, Punjab. Check cutoff, fee structure, ranking, and more.",Khalsa College of Veterinary Animal Science
https://neetcounselors.com/colleges/knp-college-of-veterinary-science,200,"BVSc & AH at KNP College of Veterinary Science - Fees, Cutoff, Ranking 2026 | NEET Counselling","Get details about BVSc & AH admission at KNP College of Veterinary Science, Uttar Pradesh. Check cutoff, fee structure, ranking, and more.",KNP College of Veterinary Science
https://neetcounselors.com/colleges/bihar-veterinary-college,200,"BVSc & AH at Bihar Veterinary College - Fees, Cutoff, Ranking 2026 | NEET Counselling","Get details about BVSc & AH admission at Bihar Veterinary College, Bihar. Check cutoff, fee structure, ranking, and more.",Bihar Veterinary College
https://neetcounselors.com/colleges/rajiv-gandhi-institute-of-veterinary-education-and-research,200,"BVSc & AH at Rajiv Gandhi Institute of Veterinary Education and Research - Fees, Cutoff, Ranking 2026 | NEET Counselling","Get details about BVSc & AH admission at Rajiv Gandhi Institute of Veterinary Education and Research, Puducherry. Check cutoff, fee structure, ranking, and more.",Rajiv Gandhi Institute of Veterinary Education and Research
https://neetcounselors.com/colleges/nagpur-veterinary-college,200,"BVSc & AH at Nagpur veterinary College - Fees, Cutoff, Ranking 2026 | NEET Counselling","Get details about BVSc & AH admission at Nagpur veterinary College, Maharashtra. Check cutoff, fee structure, ranking, and more.",Nagpur veterinary College
https://neetcounselors.com/colleges/dr-g-c-negi-collage-of-veterinary-aminal-sciences,200,"BVSc & AH at Dr. G.C. Negi Collage of veterinary & Aminal sciences - Fees, Cutoff, Ranking 2026 | NEET Counselling","Get details about BVSc & AH admission at Dr. G.C. Negi Collage of veterinary & Aminal sciences, Uttarakhand. Check cutoff, fee structure, ranking, and more.",Dr. G.C. Negi Collage of veterinary & Aminal sciences
https://neetcounselors.com/colleges/madras-veterinary-college-vepery,200,"BVSc & AH at Madras Veterinary College Vepery - Fees, Cutoff, Ranking 2026 | NEET Counselling","Get details about BVSc & AH admission at Madras Veterinary College Vepery, Tamil Nadu. Check cutoff, fee structure, ranking, and more.",Madras Veterinary College Vepery
https://neetcounselors.com/colleges/college-of-veterinary-science-animal-husbandry-sardarkrushinagar,200,"BVSc & AH at College of Veterinary Science & Animal Husbandry Sardarkrushinagar - Fees, Cutoff, Ranking 2026 | NEET Counselling","Get details about BVSc & AH admission at College of Veterinary Science & Animal Husbandry Sardarkrushinagar, Gujarat. Check cutoff, fee structure, ranking, and more.",College of Veterinary Science & Animal Husbandry Sardarkrushinagar
https://neetcounselors.com/colleges/post-graduate-institute-of-veterinary-education-and-research,200,"BVSc & AH at Post Graduate Institute of Veterinary Education and Research - Fees, Cutoff, Ranking 2026 | NEET Counselling","Get details about BVSc & AH admission at Post Graduate Institute of Veterinary Education and Research, Rajasthan. Check cutoff, fee structure, ranking, and more.",Post Graduate Institute of Veterinary Education and Research
https://neetcounselors.com/colleges/pravara-rural-ayurveda-college,200,"BAMS at Pravara Rural Ayurveda College - Fees, Cutoff, Ranking 2026 | NEET Counselling","Get details about BAMS admission at Pravara Rural Ayurveda College, Maharashtra. Check cutoff, fee structure, ranking, and more.",Pravara Rural Ayurveda College
https://neetcounselors.com/colleges/sri-jayendra-saraswati-ayurved-college,200,"BAMS at Sri Jayendra Saraswati Ayurved College - Fees, Cutoff, Ranking 2026 | NEET Counselling","Get details about BAMS admission at Sri Jayendra Saraswati Ayurved College, Karnataka. Check cutoff, fee structure, ranking, and more.",Sri Jayendra Saraswati Ayurved College
https://neetcounselors.com/colleges/faculty-of-veterinary-and-animal-science-rgsc,200,"BVSc & AH at Faculty of Veterinary and Animal Science RGSC - Fees, Cutoff, Ranking 2026 | NEET Counselling","Get details about BVSc & AH admission at Faculty of Veterinary and Animal Science RGSC, Uttar Pradesh. Check cutoff, fee structure, ranking, and more.",Faculty of Veterinary and Animal Science RGSC
https://neetcounselors.com/colleges/apollo-college-of-veterinary-medicine-rajasthan,200,"BVSc & AH at Apollo College of Veterinary Medicine (Rajasthan) - Fees, Cutoff, Ranking 2026 | NEET Counselling","Get details about BVSc & AH admission at Apollo College of Veterinary Medicine (Rajasthan), Rajasthan. Check cutoff, fee structure, ranking, and more.",Apollo College of Veterinary Medicine (Rajasthan)
https://neetcounselors.com/colleges/govt-siddha-medical-college,200,"BSMS at Govt. Siddha Medical College - Fees, Cutoff, Ranking 2026 | NEET Counselling","Get details about BSMS admission at Govt. Siddha Medical College, Tamil Nadu. Check cutoff, fee structure, ranking, and more.",Govt. Siddha Medical College
https://neetcounselors.com/colleges/national-institute-of-siddha,200,"BSMS at National Institute of Siddha - Fees, Cutoff, Ranking 2026 | NEET Counselling","Get details about BSMS admission at National Institute of Siddha, Tamil Nadu. Check cutoff, fee structure, ranking, and more.",National Institute of Siddha
https://neetcounselors.com/colleges/bharati-vidyapeeth-deemed-university-i-e-b-v-d-u,200,"BAMS at Bharati Vidyapeeth Deemed University i.e. B.V.D.U. - Fees, Cutoff, Ranking 2026 | NEET Counselling","Get details about BAMS admission at Bharati Vidyapeeth Deemed University i.e. B.V.D.U., Maharashtra. Check cutoff, fee structure, ranking, and more.",Bharati Vidyapeeth Deemed University i.e. B.V.D.U.
https://neetcounselors.com/colleges/sumandeep-ayurvedic-medical-college-and-hospital-sumandeep-vidyapeeth-an-institute-deemed-to-be-university,200,"BAMS at Sumandeep Ayurvedic Medical college and Hospital Sumandeep Vidyapeeth An institute Deemed to be university - Fees, Cutoff, Ranking 2026 | NEET Counselling","Get details about BAMS admission at Sumandeep Ayurvedic Medical college and Hospital Sumandeep Vidyapeeth An institute Deemed to be university, Gujarat. Check cutoff, fee structure, ranking, and more.",Sumandeep Ayurvedic Medical college and Hospital Sumandeep Vidyapeeth An institute Deemed to be university
https://neetcounselors.com/colleges/amrita-school-of-ayurveda,200,"BAMS at Amrita School of Ayurveda - Fees, Cutoff, Ranking 2026 | NEET Counselling","Get details about BAMS admission at Amrita School of Ayurveda, Kerala. Check cutoff, fee structure, ranking, and more.",Amrita School of Ayurveda
https://neetcounselors.com/colleges/padamshri-dr-dy-patil-college-of-ayurved-and-research-institute,200,"BAMS at Padamshri Dr. DY Patil College of Ayurved and Research Institute - Fees, Cutoff, Ranking 2026 | NEET Counselling","Get details about BAMS admission at Padamshri Dr. DY Patil College of Ayurved and Research Institute, Maharashtra. Check cutoff, fee structure, ranking, and more.",Padamshri Dr. DY Patil College of Ayurved and Research Institute
https://neetcounselors.com/colleges/bharteeya-sanskrit-prabodhini-gomantak-ayurveda-mahavidyalay-and-research-centre,200,"BAMS at BHARTEEYA SANSKRIT PRABODHINI GOMANTAK AYURVEDA MAHAVIDYALAY AND RESEARCH CENTRE - Fees, Cutoff, Ranking 2026 | NEET Counselling","Get details about BAMS admission at BHARTEEYA SANSKRIT PRABODHINI GOMANTAK AYURVEDA MAHAVIDYALAY AND RESEARCH CENTRE, Goa. Check cutoff, fee structure, ranking, and more.",BHARTEEYA SANSKRIT PRABODHINI GOMANTAK AYURVEDA MAHAVIDYALAY AND RESEARCH CENTRE
https://neetcounselors.com/colleges/anjuman-i-islams-dr-ishaq-jam-khanawala-tibbia-unani-medical-college-and-haji-abdul-razak-kalsekar-tibbia-hospital,200,"BUMS at Anjuman-I-Islams Dr. Ishaq Jam Khanawala Tibbia Unani Medical College and Haji Abdul Razak Kalsekar Tibbia Hospital - Fees, Cutoff, Ranking 2026 | NEET Counselling","Get details about BUMS admission at Anjuman-I-Islams Dr. Ishaq Jam Khanawala Tibbia Unani Medical College and Haji Abdul Razak Kalsekar Tibbia Hospital, Maharashtra. Check cutoff, fee structure, ranking, and more.",Anjuman-I-Islams Dr. Ishaq Jam Khanawala Tibbia Unani Medical College and Haji Abdul Razak Kalsekar Tibbia Hospital
https://neetcounselors.com/colleges/zuleikhabai-valy-md-unani-medical-college-and-hospital,200,"BUMS at Zuleikhabai Valy Md. Unani Medical College and Hospital. - Fees, Cutoff, Ranking 2026 | NEET Counselling","Get details about BUMS admission at Zuleikhabai Valy Md. Unani Medical College and Hospital., Karnataka. Check cutoff, fee structure, ranking, and more.",Zuleikhabai Valy Md. Unani Medical College and Hospital.
https://neetcounselors.com/colleges/yenepoya-ayurveda-medical-college,200,"BAMS at Yenepoya Ayurveda Medical College - Fees, Cutoff, Ranking 2026 | NEET Counselling","Get details about BAMS admission at Yenepoya Ayurveda Medical College, Karnataka. Check cutoff, fee structure, ranking, and more.",Yenepoya Ayurveda Medical College
https://neetcounselors.com/colleges/mahatma-gandhi-ayurved-college-mgayurvedcollege-at-gmail-dot-com,200,"BAMS at Mahatma Gandhi Ayurved College mgayurvedcollege[at]gmail[dot]com - Fees, Cutoff, Ranking 2026 | NEET Counselling","Get details about BAMS admission at Mahatma Gandhi Ayurved College mgayurvedcollege[at]gmail[dot]com, Madhya Pradesh. Check cutoff, fee structure, ranking, and more.",Mahatma Gandhi Ayurved College mgayurvedcollege[at]gmail[dot]com
https://neetcounselors.com/colleges/kle-university-shri-bm-kankanawadi-ayurveda-mahavidyalaya-post-graduate-studies-and-research-centre,200,"BAMS at KLE University Shri.BM Kankanawadi Ayurveda Mahavidyalaya Post Graduate Studies and Research Centre - Fees, Cutoff, Ranking 2026 | NEET Counselling","Get details about BAMS admission at KLE University Shri.BM Kankanawadi Ayurveda Mahavidyalaya Post Graduate Studies and Research Centre, Karnataka. Check cutoff, fee structure, ranking, and more.",KLE University Shri.BM Kankanawadi Ayurveda Mahavidyalaya Post Graduate Studies and Research Centre
https://neetcounselors.com/colleges/government-nizamia-tibbia-college,200,"BUMS at Government Nizamia Tibbia College - Fees, Cutoff, Ranking 2026 | NEET Counselling","Get details about BUMS admission at Government Nizamia Tibbia College, Telangana. Check cutoff, fee structure, ranking, and more.",Government Nizamia Tibbia College
https://neetcounselors.com/colleges/hakim-syed-ziaul-hassan-govt-unani-medical-college-and-hospital,200,"BUMS at Hakim Syed Ziaul Hassan Govt. Unani Medical College and Hospital - Fees, Cutoff, Ranking 2026 | NEET Counselling","Get details about BUMS admission at Hakim Syed Ziaul Hassan Govt. Unani Medical College and Hospital, Madhya Pradesh. Check cutoff, fee structure, ranking, and more.",Hakim Syed Ziaul Hassan Govt. Unani Medical College and Hospital
https://neetcounselors.com/colleges/tilak-ayurved-mahavidyalaya,200,"BAMS at Tilak Ayurved Mahavidyalaya - Fees, Cutoff, Ranking 2026 | NEET Counselling","Get details about BAMS admission at Tilak Ayurved Mahavidyalaya, Maharashtra. Check cutoff, fee structure, ranking, and more.",Tilak Ayurved Mahavidyalaya
https://neetcounselors.com/colleges/dr-abdul-haq-unani-medical-college,200,"BUMS at Dr Abdul Haq Unani Medical College - Fees, Cutoff, Ranking 2026 | NEET Counselling","Get details about BUMS admission at Dr Abdul Haq Unani Medical College, Karnataka. Check cutoff, fee structure, ranking, and more.",Dr Abdul Haq Unani Medical College
https://neetcounselors.com/colleges/dayabhai-maoji-majithiya-ayurved-mahavidyalaya,200,"BAMS at Dayabhai Maoji Majithiya Ayurved Mahavidyalaya - Fees, Cutoff, Ranking 2026 | NEET Counselling","Get details about BAMS admission at Dayabhai Maoji Majithiya Ayurved Mahavidyalaya, Gujarat. Check cutoff, fee structure, ranking, and more.",Dayabhai Maoji Majithiya Ayurved Mahavidyalaya
https://neetcounselors.com/colleges/vidarbha-ayurved-mahavidyalaya,200,"BAMS at Vidarbha Ayurved Mahavidyalaya - Fees, Cutoff, Ranking 2026 | NEET Counselling","Get details about BAMS admission at Vidarbha Ayurved Mahavidyalaya, Maharashtra. Check cutoff, fee structure, ranking, and more.",Vidarbha Ayurved Mahavidyalaya
https://neetcounselors.com/colleges/state-unani-medical-college-and-hakim-ahmed-husain-republic-day-memorial-hospital,200,"BUMS at State Unani Medical College and Hakim Ahmed Husain Republic Day Memorial Hospital - Fees, Cutoff, Ranking 2026 | NEET Counselling","Get details about BUMS admission at State Unani Medical College and Hakim Ahmed Husain Republic Day Memorial Hospital, Uttar Pradesh. Check cutoff, fee structure, ranking, and more.",State Unani Medical College and Hakim Ahmed Husain Republic Day Memorial Hospital
https://neetcounselors.com/colleges/dr-d-y-patil-college-of-ayurved-and-research-centre,200,"BAMS at Dr. D. Y. Patil College of Ayurved and Research Centre. - Fees, Cutoff, Ranking 2026 | NEET Counselling","Get details about BAMS admission at Dr. D. Y. Patil College of Ayurved and Research Centre., Maharashtra. Check cutoff, fee structure, ranking, and more.",Dr. D. Y. Patil College of Ayurved and Research Centre.
https://neetcounselors.com/colleges/jsvv-samsthe-s-danappa-gurushiddappa-melmalagi,200,"BAMS at JSVV Samsthe's Danappa Gurushiddappa Melmalagi - Fees, Cutoff, Ranking 2026 | NEET Counselling","Get details about BAMS admission at JSVV Samsthe's Danappa Gurushiddappa Melmalagi, Karnataka. Check cutoff, fee structure, ranking, and more.",JSVV Samsthe's Danappa Gurushiddappa Melmalagi
https://neetcounselors.com/colleges/rjvs-bhaisaheb-sawant-ayurved-mahavidyalaya,200,"BAMS at RJVS Bhaisaheb Sawant Ayurved Mahavidyalaya - Fees, Cutoff, Ranking 2026 | NEET Counselling","Get details about BAMS admission at RJVS Bhaisaheb Sawant Ayurved Mahavidyalaya, Maharashtra. Check cutoff, fee structure, ranking, and more.",RJVS Bhaisaheb Sawant Ayurved Mahavidyalaya
https://neetcounselors.com/colleges/ashtang-ayurved-mahavidyalaya-pune,200,"BAMS at Ashtang Ayurved Mahavidyalaya Pune - Fees, Cutoff, Ranking 2026 | NEET Counselling","Get details about BAMS admission at Ashtang Ayurved Mahavidyalaya Pune, Maharashtra. Check cutoff, fee structure, ranking, and more.",Ashtang Ayurved Mahavidyalaya Pune
https://neetcounselors.com/colleges/anantha-laxmi-govt-ayurved-college,200,"BAMS at Anantha Laxmi Govt. Ayurved College - Fees, Cutoff, Ranking 2026 | NEET Counselling","Get details about BAMS admission at Anantha Laxmi Govt. Ayurved College, Andhra Pradesh. Check cutoff, fee structure, ranking, and more.",Anantha Laxmi Govt. Ayurved College
https://neetcounselors.com/colleges/sri-venkateswara-ayurvedic-college,200,"BAMS at Sri Venkateswara Ayurvedic college - Fees, Cutoff, Ranking 2026 | NEET Counselling","Get details about BAMS admission at Sri Venkateswara Ayurvedic college, Andhra Pradesh. Check cutoff, fee structure, ranking, and more.",Sri Venkateswara Ayurvedic college
https://neetcounselors.com/colleges/radhakisan-toshniwal-ayurved-mahavidyalaya,200,"BAMS at Radhakisan Toshniwal Ayurved Mahavidyalaya - Fees, Cutoff, Ranking 2026 | NEET Counselling","Get details about BAMS admission at Radhakisan Toshniwal Ayurved Mahavidyalaya, Maharashtra. Check cutoff, fee structure, ranking, and more.",Radhakisan Toshniwal Ayurved Mahavidyalaya
https://neetcounselors.com/colleges/pt-shivnath-shastri-govt-auto-ayurved-college-and-hospital,200,"BAMS at Pt. Shivnath Shastri Govt. Auto. Ayurved College and Hospital - Fees, Cutoff, Ranking 2026 | NEET Counselling","Get details about BAMS admission at Pt. Shivnath Shastri Govt. Auto. Ayurved College and Hospital, Madhya Pradesh. Check cutoff, fee structure, ranking, and more.",Pt. Shivnath Shastri Govt. Auto. Ayurved College and Hospital
https://neetcounselors.com/colleges/govt-tibbia-college,200,"BUMS at Govt. Tibbia College - Fees, Cutoff, Ranking 2026 | NEET Counselling","Get details about BUMS admission at Govt. Tibbia College, Delhi. Check cutoff, fee structure, ranking, and more.",Govt. Tibbia College
https://neetcounselors.com/colleges/ayurvidya-prasarak-mandals-ayurved-mahavidyalaya,200,"BAMS at Ayurvidya Prasarak Mandals Ayurved Mahavidyalaya - Fees, Cutoff, Ranking 2026 | NEET Counselling","Get details about BAMS admission at Ayurvidya Prasarak Mandals Ayurved Mahavidyalaya, Maharashtra. Check cutoff, fee structure, ranking, and more.",Ayurvidya Prasarak Mandals Ayurved Mahavidyalaya
https://neetcounselors.com/colleges/taranath-govt-ayurved-college,200,"BAMS at Taranath Govt. Ayurved College - Fees, Cutoff, Ranking 2026 | NEET Counselling","Get details about BAMS admission at Taranath Govt. Ayurved College, Rajasthan. Check cutoff, fee structure, ranking, and more.",Taranath Govt. Ayurved College
https://neetcounselors.com/colleges/kats-ayurved-medical-college,200,"BAMS at KATS Ayurved Medical College - Fees, Cutoff, Ranking 2026 | NEET Counselling","Get details about BAMS admission at KATS Ayurved Medical College, Gujarat. Check cutoff, fee structure, ranking, and more.",KATS Ayurved Medical College
https://neetcounselors.com/colleges/ayurvedic-and-unani-tibbia-college-ayurveda,200,"BUMS at Ayurvedic and Unani Tibbia College-Ayurveda - Fees, Cutoff, Ranking 2026 | NEET Counselling","Get details about BUMS admission at Ayurvedic and Unani Tibbia College-Ayurveda, Delhi. Check cutoff, fee structure, ranking, and more.",Ayurvedic and Unani Tibbia College-Ayurveda
https://neetcounselors.com/colleges/rajiv-gandhi-government-postgraduate-ayurvedic-college,200,"BAMS at Rajiv Gandhi Government Postgraduate Ayurvedic College - Fees, Cutoff, Ranking 2026 | NEET Counselling","Get details about BAMS admission at Rajiv Gandhi Government Postgraduate Ayurvedic College, Himachal Pradesh. Check cutoff, fee structure, ranking, and more.",Rajiv Gandhi Government Postgraduate Ayurvedic College
https://neetcounselors.com/colleges/north-eastern-institute-of-ayurveda-and-folk-medicine-research,200,"BAMS at North Eastern Institute of Ayurveda and Folk Medicine Research - Fees, Cutoff, Ranking 2026 | NEET Counselling","Get details about BAMS admission at North Eastern Institute of Ayurveda and Folk Medicine Research, Meghalaya. Check cutoff, fee structure, ranking, and more.",North Eastern Institute of Ayurveda and Folk Medicine Research
https://neetcounselors.com/colleges/pt-khushilal-sharma-m-p-india,200,"BAMS at Pt. Khushilal Sharma (M.P.) India - Fees, Cutoff, Ranking 2026 | NEET Counselling","Get details about BAMS admission at Pt. Khushilal Sharma (M.P.) India, Madhya Pradesh. Check cutoff, fee structure, ranking, and more.",Pt. Khushilal Sharma (M.P.) India
https://neetcounselors.com/colleges/govt-seth-jp-ayurveda-medical-college,200,"BAMS at Govt. Seth JP Ayurveda Medical College - Fees, Cutoff, Ranking 2026 | NEET Counselling","Get details about BAMS admission at Govt. Seth JP Ayurveda Medical College, Gujarat. Check cutoff, fee structure, ranking, and more.",Govt. Seth JP Ayurveda Medical College
https://neetcounselors.com/colleges/all-india-institute-of-ayurveda,200,"BAMS at All India Institute of Ayurveda - Fees, Cutoff, Ranking 2026 | NEET Counselling","Get details about BAMS admission at All India Institute of Ayurveda, Delhi. Check cutoff, fee structure, ranking, and more.",All India Institute of Ayurveda
https://neetcounselors.com/colleges/government-akhandananda-ayurveda-medical-college,200,"BAMS at Government Akhandananda Ayurveda Medical College - Fees, Cutoff, Ranking 2026 | NEET Counselling","Get details about BAMS admission at Government Akhandananda Ayurveda Medical College, West Bengal. Check cutoff, fee structure, ranking, and more.",Government Akhandananda Ayurveda Medical College
https://neetcounselors.com/colleges/north-eastern-institute-of-ayurveda-and-homeopathy-homoeopathyshilong,200,"BAMS at NORTH EASTERN INSTITUTE OF AYURVEDA AND HOMEOPATHY- HomoeopathySHILONG - Fees, Cutoff, Ranking 2026 | NEET Counselling","Get details about BAMS admission at NORTH EASTERN INSTITUTE OF AYURVEDA AND HOMEOPATHY- HomoeopathySHILONG, Meghalaya. Check cutoff, fee structure, ranking, and more.",NORTH EASTERN INSTITUTE OF AYURVEDA AND HOMEOPATHY- HomoeopathySHILONG
https://neetcounselors.com/colleges/shri-lal-bahadur-shastri-smarak-government-ayurvedic-college-and-hospital,200,"BAMS at Shri Lal Bahadur Shastri Smarak Government Ayurvedic College and Hospital - Fees, Cutoff, Ranking 2026 | NEET Counselling","Get details about BAMS admission at Shri Lal Bahadur Shastri Smarak Government Ayurvedic College and Hospital, Uttar Pradesh. Check cutoff, fee structure, ranking, and more.",Shri Lal Bahadur Shastri Smarak Government Ayurvedic College and Hospital
https://neetcounselors.com/colleges/institute-of-teaching-and-research-in-ayurveda,200,"BAMS at Institute of Teaching and Research in Ayurveda - Fees, Cutoff, Ranking 2026 | NEET Counselling","Get details about BAMS admission at Institute of Teaching and Research in Ayurveda, Gujarat. Check cutoff, fee structure, ranking, and more.",Institute of Teaching and Research in Ayurveda
https://neetcounselors.com/colleges/national-institute-of-ayurveda,200,"BAMS at National Institute of Ayurveda - Fees, Cutoff, Ranking 2026 | NEET Counselling","Get details about BAMS admission at National Institute of Ayurveda, Rajasthan. Check cutoff, fee structure, ranking, and more.",National Institute of Ayurveda
https://neetcounselors.com/colleges/saturday-and-sunday-as,200,"MBBS at saturday and sunday as, Odisha - Fees, Cutoff, Ranking 2026 | NEET Counselling","Get complete details about MBBS admission at saturday and sunday as in Odisha, Odisha. Check 2026 cutoff marks, fee structure, ranking, infrastructure, seat matrix, and admission process. Government NMC approved college.",saturday and sunday as
https://neetcounselors.com/colleges/mgmc-and-sri-balaji-vidyapeeth,200,"MBBS at mgmc and sri balaji vidyapeeth, Andhra Pradesh - Fees, Cutoff, Ranking 2026 | NEET Counselling","Get complete details about MBBS admission at mgmc and sri balaji vidyapeeth in Andhra Pradesh, Andhra Pradesh. Check 2026 cutoff marks, fee structure, ranking, infrastructure, seat matrix, and admission process. Government NMC approved college.",mgmc and sri balaji vidyapeeth
https://neetcounselors.com/colleges/online-stray-vac,200,"B.Sc. Nursing at online stray vac, Telangana - Fees, Cutoff, Ranking 2026 | NEET Counselling","Get complete details about B.Sc. Nursing admission at online stray vac in Telangana, Telangana. Check 2026 cutoff marks, fee structure, ranking, infrastructure, seat matrix, and admission process. Government NMC approved college.",online stray vac
https://neetcounselors.com/colleges/rajkiya-ayodhya-shivkumar-ayurved-college-and-hospital,200,"BAMS at Rajkiya Ayodhya Shivkumar Ayurved College and Hospital - Fees, Cutoff, Ranking 2026 | NEET Counselling","Get details about BAMS admission at Rajkiya Ayodhya Shivkumar Ayurved College and Hospital, Uttar Pradesh. Check cutoff, fee structure, ranking, and more.",Rajkiya Ayodhya Shivkumar Ayurved College and Hospital
https://neetcounselors.com/colleges/delhi-university-quota,200,"MBBS at delhi university quota, Delhi - Fees, Cutoff, Ranking 2026 | NEET Counselling","Get complete details about MBBS, BDS admission at delhi university quota in Delhi, Delhi. Check 2026 cutoff marks, fee structure, ranking, infrastructure, seat matrix, and admission process. Government NMC approved college.",delhi university quota
https://neetcounselors.com/colleges/ims-bhu,200,"MBBS at ims bhu, Uttar Pradesh - Fees, Cutoff, Ranking 2026 | NEET Counselling","Get complete details about MBBS admission at ims bhu in Uttar Pradesh, Uttar Pradesh. Check 2026 cutoff marks, fee structure, ranking, infrastructure, seat matrix, and admission process. Government NMC approved college.",ims bhu
https://neetcounselors.com/colleges/no-new-registration,200,"MBBS at no new registration, Odisha - Fees, Cutoff, Ranking 2026 | NEET Counselling","Get complete details about MBBS admission at no new registration in Odisha, Odisha. Check 2026 cutoff marks, fee structure, ranking, infrastructure, seat matrix, and admission process. Government NMC approved college.",no new registration
https://neetcounselors.com/colleges/muslim-obc-quota,200,"BDS at muslim obc quota, Delhi - Fees, Cutoff, Ranking 2026 | NEET Counselling","Get complete details about BDS admission at muslim obc quota in Delhi, Delhi. Check 2026 cutoff marks, fee structure, ranking, infrastructure, seat matrix, and admission process. Government NMC approved college.",muslim obc quota
https://neetcounselors.com/colleges/muslim-women-quota,200,"BDS at muslim women quota, Delhi - Fees, Cutoff, Ranking 2026 | NEET Counselling","Get complete details about BDS admission at muslim women quota in Delhi, Delhi. Check 2026 cutoff marks, fee structure, ranking, infrastructure, seat matrix, and admission process. Government NMC approved college.",muslim women quota
https://neetcounselors.com/colleges/gokul-ayurvedic-college-siddhpur,200,"MBBS at gokul ayurvedic college siddhpur, Himachal Pradesh - Fees, Cutoff, Ranking 2026 | NEET Counselling","Get complete details about MBBS admission at gokul ayurvedic college siddhpur in Himachal Pradesh, Himachal Pradesh. Check 2026 cutoff marks, fee structure, ranking, infrastructure, seat matrix, and admission process. Government NMC approved college.",gokul ayurvedic college siddhpur
https://neetcounselors.com/colleges/eva-college-of-ayurved-supedi-dist-rajkot,200,"MBBS at eva college of ayurved supedi dist. rajkot, Uttar Pradesh - Fees, Cutoff, Ranking 2026 | NEET Counselling","Get complete details about MBBS admission at eva college of ayurved supedi dist. rajkot in Uttar Pradesh, Uttar Pradesh. Check 2026 cutoff marks, fee structure, ranking, infrastructure, seat matrix, and admission process. Government NMC approved college.",eva college of ayurved supedi dist. rajkot
https://neetcounselors.com/colleges/ananya-college-of-ayurved-kalol-gandhinagar,200,"MBBS at ananya college of ayurved kalol gandhinagar, Karnataka - Fees, Cutoff, Ranking 2026 | NEET Counselling","Get complete details about MBBS admission at ananya college of ayurved kalol gandhinagar in Karnataka, Karnataka. Check 2026 cutoff marks, fee structure, ranking, infrastructure, seat matrix, and admission process. Government NMC approved college.",ananya college of ayurved kalol gandhinagar
https://neetcounselors.com/colleges/shri-o-h-nazar-ayurved-college-surat,200,"MBBS at shri o. h. nazar ayurved college surat, Haryana - Fees, Cutoff, Ranking 2026 | NEET Counselling","Get complete details about MBBS admission at shri o. h. nazar ayurved college surat in Haryana, Haryana. Check 2026 cutoff marks, fee structure, ranking, infrastructure, seat matrix, and admission process. Government NMC approved college.",shri o. h. nazar ayurved college surat
https://neetcounselors.com/colleges/shree-rasiklal-manikchandji-dhariwal-ayurved-college-hospital,200,"MBBS at shree rasiklal manikchandji dhariwal ayurved college & hospital, Haryana - Fees, Cutoff, Ranking 2026 | NEET Counselling","Get complete details about MBBS admission at shree rasiklal manikchandji dhariwal ayurved college & hospital in Haryana, Haryana. Check 2026 cutoff marks, fee structure, ranking, infrastructure, seat matrix, and admission process. Government NMC approved college.",shree rasiklal manikchandji dhariwal ayurved college & hospital
https://neetcounselors.com/colleges/shree-mahalaxmiji-mahila-homoeopathic-medical-college,200,"MBBS at shree mahalaxmiji mahila homoeopathic medical college &, Haryana - Fees, Cutoff, Ranking 2026 | NEET Counselling","Get complete details about MBBS admission at shree mahalaxmiji mahila homoeopathic medical college & in Haryana, Haryana. Check 2026 cutoff marks, fee structure, ranking, infrastructure, seat matrix, and admission process. Government NMC approved college.",shree mahalaxmiji mahila homoeopathic medical college &
https://neetcounselors.com/colleges/jawaharlal-nehru-homoeopathic-medical-college-post-limda,200,"MBBS at jawaharlal nehru homoeopathic medical college post: limda, Haryana - Fees, Cutoff, Ranking 2026 | NEET Counselling","Get complete details about MBBS admission at jawaharlal nehru homoeopathic medical college post: limda in Haryana, Haryana. Check 2026 cutoff marks, fee structure, ranking, infrastructure, seat matrix, and admission process. Government NMC approved college.",jawaharlal nehru homoeopathic medical college post: limda
https://neetcounselors.com/colleges/gmers-medical-college-himmatnagar,200,"MBBS at gmers medical college himmatnagar, Tamil Nadu - Fees, Cutoff, Ranking 2026 | NEET Counselling","Get complete details about MBBS admission at gmers medical college himmatnagar in Tamil Nadu, Tamil Nadu. Check 2026 cutoff marks, fee structure, ranking, infrastructure, seat matrix, and admission process. Government NMC approved college.",gmers medical college himmatnagar
https://neetcounselors.com/colleges/gujarat-homoeopathic-medical-college-hospital-savli-dist,200,"MBBS at gujarat homoeopathic medical college & hospital savli dist., Gujarat - Fees, Cutoff, Ranking 2026 | NEET Counselling","Get complete details about MBBS admission at gujarat homoeopathic medical college & hospital savli dist. in Gujarat, Gujarat. Check 2026 cutoff marks, fee structure, ranking, infrastructure, seat matrix, and admission process. Government NMC approved college.",gujarat homoeopathic medical college & hospital savli dist.
https://neetcounselors.com/colleges/pandit-deendayal-upadhyay-medical-college-rajkot,200,"MBBS at pandit deendayal upadhyay medical college rajkot, Uttar Pradesh - Fees, Cutoff, Ranking 2026 | NEET Counselling","Get complete details about MBBS admission at pandit deendayal upadhyay medical college rajkot in Uttar Pradesh, Uttar Pradesh. Check 2026 cutoff marks, fee structure, ranking, infrastructure, seat matrix, and admission process. Government NMC approved college.",pandit deendayal upadhyay medical college rajkot
https://neetcounselors.com/colleges/shri-sardar-patel-mahila-homeopathic-medical-college,200,"MBBS at shri sardar patel mahila homeopathic medical college, Haryana - Fees, Cutoff, Ranking 2026 | NEET Counselling","Get complete details about MBBS admission at shri sardar patel mahila homeopathic medical college in Haryana, Haryana. Check 2026 cutoff marks, fee structure, ranking, infrastructure, seat matrix, and admission process. Government NMC approved college.",shri sardar patel mahila homeopathic medical college
https://neetcounselors.com/colleges/smt-malini-kishore-sanghvi-homoeopathic-medical-college,200,"MBBS at smt malini kishore sanghvi homoeopathic medical college, Odisha - Fees, Cutoff, Ranking 2026 | NEET Counselling","Get complete details about MBBS admission at smt malini kishore sanghvi homoeopathic medical college in Odisha, Odisha. Check 2026 cutoff marks, fee structure, ranking, infrastructure, seat matrix, and admission process. Government NMC approved college.",smt malini kishore sanghvi homoeopathic medical college
https://neetcounselors.com/colleges/ananya-college-of-homoeopathy-kalol,200,"MBBS at ananya college of homoeopathy kalol, Karnataka - Fees, Cutoff, Ranking 2026 | NEET Counselling","Get complete details about MBBS admission at ananya college of homoeopathy kalol in Karnataka, Karnataka. Check 2026 cutoff marks, fee structure, ranking, infrastructure, seat matrix, and admission process. Government NMC approved college.",ananya college of homoeopathy kalol
https://neetcounselors.com/colleges/gover-nment-medica-l-colleg-e,200,"MBBS at gover nment medica l colleg e, Karnataka - Fees, Cutoff, Ranking 2026 | NEET Counselling","Get complete details about MBBS admission at gover nment medica l colleg e in Karnataka, Karnataka. Check 2026 cutoff marks, fee structure, ranking, infrastructure, seat matrix, and admission process. Government NMC approved college.",gover nment medica l colleg e
https://neetcounselors.com/colleges/dr-s-c-govt-medica-l-colleg-e,200,"MBBS at dr.s.c. govt medica l colleg e, Uttar Pradesh - Fees, Cutoff, Ranking 2026 | NEET Counselling","Get complete details about MBBS admission at dr.s.c. govt medica l colleg e in Uttar Pradesh, Uttar Pradesh. Check 2026 cutoff marks, fee structure, ranking, infrastructure, seat matrix, and admission process. Government NMC approved college.",dr.s.c. govt medica l colleg e
https://neetcounselors.com/colleges/ays-sundays-and-gazetted,200,"MBBS at ays/ sundays and gazetted, Odisha - Fees, Cutoff, Ranking 2026 | NEET Counselling","Get complete details about MBBS admission at ays/ sundays and gazetted in Odisha, Odisha. Check 2026 cutoff marks, fee structure, ranking, infrastructure, seat matrix, and admission process. Government NMC approved college.",ays/ sundays and gazetted
https://neetcounselors.com/colleges/govt-m-edical-colleg-e,200,"MBBS at govt.m edical colleg e, Kerala - Fees, Cutoff, Ranking 2026 | NEET Counselling","Get complete details about MBBS admission at govt.m edical colleg e in Kerala, Kerala. Check 2026 cutoff marks, fee structure, ranking, infrastructure, seat matrix, and admission process. Government NMC approved college.",govt.m edical colleg e
https://neetcounselors.com/colleges/ing-in-view-the-lim,200,"MBBS at ing in view the lim, Odisha - Fees, Cutoff, Ranking 2026 | NEET Counselling","Get complete details about MBBS admission at ing in view the lim in Odisha, Odisha. Check 2026 cutoff marks, fee structure, ranking, infrastructure, seat matrix, and admission process. Government NMC approved college.",ing in view the lim
https://neetcounselors.com/colleges/govt-dental-colleg-e,200,"BDS at govt. dental colleg e, Himachal Pradesh - Fees, Cutoff, Ranking 2026 | NEET Counselling","Get complete details about BDS admission at govt. dental colleg e in Himachal Pradesh, Himachal Pradesh. Check 2026 cutoff marks, fee structure, ranking, infrastructure, seat matrix, and admission process. Government NMC approved college.",govt. dental colleg e
https://neetcounselors.com/colleges/medica-l-colleg-e,200,"MBBS at medica l colleg e, Gujarat - Fees, Cutoff, Ranking 2026 | NEET Counselling","Get complete details about MBBS admission at medica l colleg e in Gujarat, Gujarat. Check 2026 cutoff marks, fee structure, ranking, infrastructure, seat matrix, and admission process. Government NMC approved college.",medica l colleg e
https://neetcounselors.com/colleges/e-filling-choice,200,"MBBS at e filling & choice, Odisha - Fees, Cutoff, Ranking 2026 | NEET Counselling","Get complete details about MBBS admission at e filling & choice in Odisha, Odisha. Check 2026 cutoff marks, fee structure, ranking, infrastructure, seat matrix, and admission process. Government NMC approved college.",e filling & choice
https://neetcounselors.com/colleges/ith-the-mcc-websit,200,"MBBS at ith the mcc websit, Odisha - Fees, Cutoff, Ranking 2026 | NEET Counselling","Get complete details about MBBS admission at ith the mcc websit in Odisha, Odisha. Check 2026 cutoff marks, fee structure, ranking, infrastructure, seat matrix, and admission process. Government NMC approved college.",ith the mcc websit
https://neetcounselors.com/colleges/s-judgment-dated-08-02-202,200,"MBBS at s judgment dated 08.02.202, Uttar Pradesh - Fees, Cutoff, Ranking 2026 | NEET Counselling","Get complete details about MBBS admission at s judgment dated 08.02.202 in Uttar Pradesh, Uttar Pradesh. Check 2026 cutoff marks, fee structure, ranking, infrastructure, seat matrix, and admission process. Government NMC approved college.",s judgment dated 08.02.202
https://neetcounselors.com/colleges/ility-of-the-college,200,"MBBS at ility of the college, Odisha - Fees, Cutoff, Ranking 2026 | NEET Counselling","Get complete details about MBBS admission at ility of the college in Odisha, Odisha. Check 2026 cutoff marks, fee structure, ranking, infrastructure, seat matrix, and admission process. Government NMC approved college.",ility of the college
https://neetcounselors.com/colleges/s-to-the-deemed-univer,200,"MBBS at s to the deemed univer, Odisha - Fees, Cutoff, Ranking 2026 | NEET Counselling","Get complete details about MBBS admission at s to the deemed univer in Odisha, Odisha. Check 2026 cutoff marks, fee structure, ranking, infrastructure, seat matrix, and admission process. Government NMC approved college.",s to the deemed univer
https://neetcounselors.com/colleges/urday-and-sunday-as,200,"MBBS at urday and sunday as, Odisha - Fees, Cutoff, Ranking 2026 | NEET Counselling","Get complete details about MBBS admission at urday and sunday as in Odisha, Odisha. Check 2026 cutoff marks, fee structure, ranking, infrastructure, seat matrix, and admission process. Government NMC approved college.",urday and sunday as
https://neetcounselors.com/colleges/w-the-limited-tim,200,"MBBS at w the limited tim, Odisha - Fees, Cutoff, Ranking 2026 | NEET Counselling","Get complete details about MBBS admission at w the limited tim in Odisha, Odisha. Check 2026 cutoff marks, fee structure, ranking, infrastructure, seat matrix, and admission process. Government NMC approved college.",w the limited tim
https://neetcounselors.com/colleges/eligible-for-bachelor-of-homoeopathic-medicine-and-surgery-b-h-m-s-course,200,"MBBS at eligible for bachelor of homoeopathic medicine and surgery (b.h.m.s). course, Odisha - Fees, Cutoff, Ranking 2026 | NEET Counselling","Get complete details about MBBS admission at eligible for bachelor of homoeopathic medicine and surgery (b.h.m.s). course in Odisha, Odisha. Check 2026 cutoff marks, fee structure, ranking, infrastructure, seat matrix, and admission process. Government NMC approved college.",eligible for bachelor of homoeopathic medicine and surgery (b.h.m.s). course
https://neetcounselors.com/colleges/will-have-to-regis,200,"MBBS at will have to regis, Odisha - Fees, Cutoff, Ranking 2026 | NEET Counselling","Get complete details about MBBS admission at will have to regis in Odisha, Odisha. Check 2026 cutoff marks, fee structure, ranking, infrastructure, seat matrix, and admission process. Government NMC approved college.",will have to regis
https://neetcounselors.com/colleges/will-be-from-08-00,200,"MBBS at will be from 08:00, Uttar Pradesh - Fees, Cutoff, Ranking 2026 | NEET Counselling","Get complete details about MBBS admission at will be from 08:00 in Uttar Pradesh, Uttar Pradesh. Check 2026 cutoff marks, fee structure, ranking, infrastructure, seat matrix, and admission process. Government NMC approved college.",will be from 08:00
https://neetcounselors.com/colleges/demonstration-and-practice-of-basic-use-of-word,200,"MBBS at demonstration and practice of basic use of word, Odisha - Fees, Cutoff, Ranking 2026 | NEET Counselling","Get complete details about MBBS admission at demonstration and practice of basic use of word in Odisha, Odisha. Check 2026 cutoff marks, fee structure, ranking, infrastructure, seat matrix, and admission process. Government NMC approved college.",demonstration and practice of basic use of word
https://neetcounselors.com/colleges/dr-rml-hospital,200,"MBBS at dr rml hospital, Delhi - Fees, Cutoff, Ranking 2026 | NEET Counselling","Get complete details about MBBS admission at dr rml hospital in Delhi, Delhi. Check 2026 cutoff marks, fee structure, ranking, infrastructure, seat matrix, and admission process. Government NMC approved college.",dr rml hospital
https://neetcounselors.com/colleges/north-bengal-med-coll,200,"MBBS at north bengal med.coll, Rajasthan - Fees, Cutoff, Ranking 2026 | NEET Counselling","Get complete details about MBBS admission at north bengal med.coll in Rajasthan, Rajasthan. Check 2026 cutoff marks, fee structure, ranking, infrastructure, seat matrix, and admission process. Government NMC approved college.",north bengal med.coll
https://neetcounselors.com/colleges/bangalore-med-college,200,"MBBS at bangalore med. college, Odisha - Fees, Cutoff, Ranking 2026 | NEET Counselling","Get complete details about MBBS admission at bangalore med. college in Odisha, Odisha. Check 2026 cutoff marks, fee structure, ranking, infrastructure, seat matrix, and admission process. Government NMC approved college.",bangalore med. college
https://neetcounselors.com/colleges/mahatma-gandhi-medical-college-and-sri-balaji-vidyapeeth,200,"MBBS at mahatma gandhi medical college and sri balaji vidyapeeth, Andhra Pradesh - Fees, Cutoff, Ranking 2026 | NEET Counselling","Get complete details about MBBS, BDS admission at mahatma gandhi medical college and sri balaji vidyapeeth in Andhra Pradesh, Andhra Pradesh. Check 2026 cutoff marks, fee structure, ranking, infrastructure, seat matrix, and admission process. Government NMC approved college.",mahatma gandhi medical college and sri balaji vidyapeeth
https://neetcounselors.com/colleges/shkm-gmc,200,"MBBS at shkm gmc, Haryana - Fees, Cutoff, Ranking 2026 | NEET Counselling","Get complete details about MBBS admission at shkm gmc in Haryana, Haryana. Check 2026 cutoff marks, fee structure, ranking, infrastructure, seat matrix, and admission process. Government NMC approved college.",shkm gmc
https://neetcounselors.com/colleges/maulana-azad-inst-of-dental-sci,200,"MBBS at maulana azad inst.of dental sci, Delhi - Fees, Cutoff, Ranking 2026 | NEET Counselling","Get complete details about BDS, MBBS admission at maulana azad inst.of dental sci in Delhi, Delhi. Check 2026 cutoff marks, fee structure, ranking, infrastructure, seat matrix, and admission process. Government NMC approved college.",maulana azad inst.of dental sci
https://neetcounselors.com/colleges/ims-bhu-dental,200,"MBBS at ims bhu dental, Uttar Pradesh - Fees, Cutoff, Ranking 2026 | NEET Counselling","Get complete details about BDS, MBBS admission at ims bhu dental in Uttar Pradesh, Uttar Pradesh. Check 2026 cutoff marks, fee structure, ranking, infrastructure, seat matrix, and admission process. Government NMC approved college.",ims bhu dental
https://neetcounselors.com/colleges/vmmc-and-safdarjung-hospital,200,"MBBS at vmmc and safdarjung hospital, Delhi - Fees, Cutoff, Ranking 2026 | NEET Counselling","Get complete details about MBBS admission at vmmc and safdarjung hospital in Delhi, Delhi. Check 2026 cutoff marks, fee structure, ranking, infrastructure, seat matrix, and admission process. Government NMC approved college.",vmmc and safdarjung hospital
https://neetcounselors.com/colleges/north-bengal-dent-coll,200,"MBBS at north bengal dent.coll, Tamil Nadu - Fees, Cutoff, Ranking 2026 | NEET Counselling","Get complete details about BDS, MBBS admission at north bengal dent.coll in Tamil Nadu, Tamil Nadu. Check 2026 cutoff marks, fee structure, ranking, infrastructure, seat matrix, and admission process. Government NMC approved college.",north bengal dent.coll
https://neetcounselors.com/colleges/datta-meghe-medical-college-wanadongri-hingna-nagpur,200,"MBBS at datta meghe medical college wanadongri hingna nagpur, Maharashtra - Fees, Cutoff, Ranking 2026 | NEET Counselling","Get complete details about MBBS admission at datta meghe medical college wanadongri hingna nagpur in Maharashtra, Maharashtra. Check 2026 cutoff marks, fee structure, ranking, infrastructure, seat matrix, and admission process. Government NMC approved college.",datta meghe medical college wanadongri hingna nagpur
https://neetcounselors.com/colleges/government-doon-medcial-college-dehradun,200,"MBBS at Government Doon Medcial College, Dehradun, Dehradun - Fees, Cutoff, Ranking 2026 | NEET Counselling","Get complete details about MBBS admission at Government Doon Medcial College, Dehradun in Dehradun, Uttarakhand. Check 2026 cutoff marks, fee structure, ranking, infrastructure, seat matrix, and admission process. Government NMC approved college.","Government Doon Medcial College, Dehradun"
https://neetcounselors.com/colleges/government-medcial-college-gondia,200,"MBBS at Government Medcial College, Gondia, Gondia - Fees, Cutoff, Ranking 2026 | NEET Counselling","Get complete details about MBBS admission at Government Medcial College, Gondia in Gondia, Maharashtra. Check 2026 cutoff marks, fee structure, ranking, infrastructure, seat matrix, and admission process. Government NMC approved college.","Government Medcial College, Gondia"
https://neetcounselors.com/colleges/government-medical-college-hospital-alibag,200,"MBBS at Government Medical College & Hospital, Alibag, Alibag - Fees, Cutoff, Ranking 2026 | NEET Counselling","Get complete details about MBBS admission at Government Medical College & Hospital, Alibag in Alibag, Maharashtra. Check 2026 cutoff marks, fee structure, ranking, infrastructure, seat matrix, and admission process. Government NMC approved college.","Government Medical College & Hospital, Alibag"
https://neetcounselors.com/colleges/government-dental-college-thrissur,200,"BDS at Government Dental College, Thrissur, Thrissur - Fees, Cutoff, Ranking 2026 | NEET Counselling","Get complete details about BDS admission at Government Dental College, Thrissur in Thrissur, Kerala. Check 2026 cutoff marks, fee structure, ranking, infrastructure, seat matrix, and admission process. Government NMC approved college.","Government Dental College, Thrissur"
https://neetcounselors.com/colleges/government-medical-college-and-district-general-hospital-ratnagiri,200,"MBBS at Government Medical College and District General Hospital, Ratnagiri, Ratnagiri - Fees, Cutoff, Ranking 2026 | NEET Counselling","Get complete details about MBBS admission at Government Medical College and District General Hospital, Ratnagiri in Ratnagiri, Maharashtra. Check 2026 cutoff marks, fee structure, ranking, infrastructure, seat matrix, and admission process. Government NMC approved college.","Government Medical College and District General Hospital, Ratnagiri"
https://neetcounselors.com/colleges/government-medical-college-hospital-jalpaiguri,200,"MBBS at Government Medical College & Hospital, Jalpaiguri, Jalpaiguri - Fees, Cutoff, Ranking 2026 | NEET Counselling","Get complete details about MBBS admission at Government Medical College & Hospital, Jalpaiguri in Jalpaiguri, West Bengal. Check 2026 cutoff marks, fee structure, ranking, infrastructure, seat matrix, and admission process. Government NMC approved college.","Government Medical College & Hospital, Jalpaiguri"
https://neetcounselors.com/colleges/government-medical-college-hospital-phulbani,200,"MBBS at Government Medical College & Hospital, Phulbani, Phulbani - Fees, Cutoff, Ranking 2026 | NEET Counselling","Get complete details about MBBS admission at Government Medical College & Hospital, Phulbani in Phulbani, Odisha. Check 2026 cutoff marks, fee structure, ranking, infrastructure, seat matrix, and admission process. Government NMC approved college.","Government Medical College & Hospital, Phulbani"
https://neetcounselors.com/colleges/goverment-medical-college-datia,200,"MBBS at Goverment Medical College, Datia, Datia - Fees, Cutoff, Ranking 2026 | NEET Counselling","Get complete details about MBBS admission at Goverment Medical College, Datia in Datia, Madhya Pradesh. Check 2026 cutoff marks, fee structure, ranking, infrastructure, seat matrix, and admission process. Government NMC approved college.","Goverment Medical College, Datia"
https://neetcounselors.com/colleges/government-dental-college-silchar,200,"BDS at Government Dental College, Silchar, Silchar - Fees, Cutoff, Ranking 2026 | NEET Counselling","Get complete details about BDS admission at Government Dental College, Silchar in Silchar, Assam. Check 2026 cutoff marks, fee structure, ranking, infrastructure, seat matrix, and admission process. Government NMC approved college.","Government Dental College, Silchar"
https://neetcounselors.com/colleges/goverment-medical-college-gadchiroli,200,"MBBS at Goverment Medical College, Gadchiroli, Gadchiroli - Fees, Cutoff, Ranking 2026 | NEET Counselling","Get complete details about MBBS admission at Goverment Medical College, Gadchiroli in Gadchiroli, Maharashtra. Check 2026 cutoff marks, fee structure, ranking, infrastructure, seat matrix, and admission process. Government NMC approved college.","Goverment Medical College, Gadchiroli"
https://neetcounselors.com/colleges/goverment-medical-college-bettiah,200,"MBBS at Goverment Medical College, Bettiah, Bettiah - Fees, Cutoff, Ranking 2026 | NEET Counselling","Get complete details about MBBS admission at Goverment Medical College, Bettiah in Bettiah, Bihar. Check 2026 cutoff marks, fee structure, ranking, infrastructure, seat matrix, and admission process. Government NMC approved college.","Goverment Medical College, Bettiah"
https://neetcounselors.com/colleges/goverment-medical-college-sheopur,200,"MBBS at Goverment Medical College Sheopur, Madhya Pradesh - Fees, Cutoff, Ranking 2026 | NEET Counselling","Get complete details about MBBS admission at Goverment Medical College Sheopur in Madhya Pradesh, Madhya Pradesh. Check 2026 cutoff marks, fee structure, ranking, infrastructure, seat matrix, and admission process. Government NMC approved college.",Goverment Medical College Sheopur
https://neetcounselors.com/colleges/government-dental-college-jodhpur,200,"MBBS at Government Dental College, Jodhpur, Jodhpur - Fees, Cutoff, Ranking 2026 | NEET Counselling","Get complete details about BDS, MBBS admission at Government Dental College, Jodhpur in Jodhpur, Rajasthan. Check 2026 cutoff marks, fee structure, ranking, infrastructure, seat matrix, and admission process. Government NMC approved college.","Government Dental College, Jodhpur"
https://neetcounselors.com/colleges/government-dental-college-alappuzha,200,"BDS at Government Dental College, Alappuzha, Alappuzha - Fees, Cutoff, Ranking 2026 | NEET Counselling","Get complete details about BDS admission at Government Dental College, Alappuzha in Alappuzha, Kerala. Check 2026 cutoff marks, fee structure, ranking, infrastructure, seat matrix, and admission process. Government NMC approved college.","Government Dental College, Alappuzha"
https://neetcounselors.com/colleges/government-dental-college-hyderabad,200,"MBBS at Government Dental College Hyderabad, Telangana - Fees, Cutoff, Ranking 2026 | NEET Counselling","Get complete details about BDS, MBBS admission at Government Dental College Hyderabad in Telangana, Telangana. Check 2026 cutoff marks, fee structure, ranking, infrastructure, seat matrix, and admission process. Government NMC approved college.",Government Dental College Hyderabad
https://neetcounselors.com/colleges/goverment-medical-college-singrauli,200,"MBBS at Goverment Medical College, Singrauli, Singrauli - Fees, Cutoff, Ranking 2026 | NEET Counselling","Get complete details about MBBS admission at Goverment Medical College, Singrauli in Singrauli, Madhya Pradesh. Check 2026 cutoff marks, fee structure, ranking, infrastructure, seat matrix, and admission process. Government NMC approved college.","Goverment Medical College, Singrauli"
https://neetcounselors.com/colleges/government-dental-college-dibrugarh,200,"BDS at Government Dental College Dibrugarh, Assam - Fees, Cutoff, Ranking 2026 | NEET Counselling","Get complete details about BDS admission at Government Dental College Dibrugarh in Assam, Assam. Check 2026 cutoff marks, fee structure, ranking, infrastructure, seat matrix, and admission process. Government NMC approved college.",Government Dental College Dibrugarh
https://neetcounselors.com/colleges/government-dental-college-and-hospital-vijayawada,200,"MBBS at Government Dental College and Hospital, Vijayawada, Vijayawada - Fees, Cutoff, Ranking 2026 | NEET Counselling","Get complete details about BDS, MBBS admission at Government Dental College and Hospital, Vijayawada in Vijayawada, Andhra Pradesh. Check 2026 cutoff marks, fee structure, ranking, infrastructure, seat matrix, and admission process. Government NMC approved college.","Government Dental College and Hospital, Vijayawada"
https://neetcounselors.com/colleges/government-dental-college-and-hospital-paithna-bhaganbigha,200,"BDS at Government Dental College and Hospital Paithna Bhaganbigha, Bihar - Fees, Cutoff, Ranking 2026 | NEET Counselling","Get complete details about BDS admission at Government Dental College and Hospital Paithna Bhaganbigha in Bihar, Bihar. Check 2026 cutoff marks, fee structure, ranking, infrastructure, seat matrix, and admission process. Government NMC approved college.",Government Dental College and Hospital Paithna Bhaganbigha
https://neetcounselors.com/colleges/government-medical-college-and-esic-hospital-coimbatore,200,"MBBS at Government Medical College and ESIC Hospital, Coimbatore, Coimbatore - Fees, Cutoff, Ranking 2026 | NEET Counselling","Get complete details about MBBS admission at Government Medical College and ESIC Hospital, Coimbatore in Coimbatore, Tamil Nadu. Check 2026 cutoff marks, fee structure, ranking, infrastructure, seat matrix, and admission process. Government NMC approved college.","Government Medical College and ESIC Hospital, Coimbatore"
https://neetcounselors.com/colleges/government-dental-college-hospital-srinagar,200,"MBBS at Government Dental College & Hospital, Srinagar, Srinagar - Fees, Cutoff, Ranking 2026 | NEET Counselling","Get complete details about BDS, MBBS admission at Government Dental College & Hospital, Srinagar in Srinagar, Jammu and Kashmir. Check 2026 cutoff marks, fee structure, ranking, infrastructure, seat matrix, and admission process. Government NMC approved college.","Government Dental College & Hospital, Srinagar"
https://neetcounselors.com/colleges/government-medical-college-siddipet,200,"MBBS at Government Medical College Siddipet, Telangana - Fees, Cutoff, Ranking 2026 | NEET Counselling","Get complete details about MBBS admission at Government Medical College Siddipet in Telangana, Telangana. Check 2026 cutoff marks, fee structure, ranking, infrastructure, seat matrix, and admission process. Government NMC approved college.",Government Medical College Siddipet
https://neetcounselors.com/colleges/government-medical-college-purnea,200,"MBBS at Government Medical College Purnea, Bihar - Fees, Cutoff, Ranking 2026 | NEET Counselling","Get complete details about MBBS admission at Government Medical College Purnea in Bihar, Bihar. Check 2026 cutoff marks, fee structure, ranking, infrastructure, seat matrix, and admission process. Government NMC approved college.",Government Medical College Purnea
https://neetcounselors.com/colleges/government-medical-college-suryapet,200,"MBBS at Government Medical College Suryapet, Telangana - Fees, Cutoff, Ranking 2026 | NEET Counselling","Get complete details about MBBS admission at Government Medical College Suryapet in Telangana, Telangana. Check 2026 cutoff marks, fee structure, ranking, infrastructure, seat matrix, and admission process. Government NMC approved college.",Government Medical College Suryapet
https://neetcounselors.com/colleges/government-medical-college-satna,200,"MBBS at Government Medical College Satna, Madhya Pradesh - Fees, Cutoff, Ranking 2026 | NEET Counselling","Get complete details about MBBS, BDS admission at Government Medical College Satna in Madhya Pradesh, Madhya Pradesh. Check 2026 cutoff marks, fee structure, ranking, infrastructure, seat matrix, and admission process. Government NMC approved college.",Government Medical College Satna
https://neetcounselors.com/colleges/government-medical-college-ananthapuram,200,"MBBS at Government Medical College, Ananthapuram, Ananthapuram - Fees, Cutoff, Ranking 2026 | NEET Counselling","Get complete details about MBBS admission at Government Medical College, Ananthapuram in Ananthapuram, Andhra Pradesh. Check 2026 cutoff marks, fee structure, ranking, infrastructure, seat matrix, and admission process. Government NMC approved college.","Government Medical College, Ananthapuram"
https://neetcounselors.com/colleges/government-medical-college-chittorgarh,200,"MBBS at Government Medical College Chittorgarh, Rajasthan - Fees, Cutoff, Ranking 2026 | NEET Counselling","Get complete details about MBBS admission at Government Medical College Chittorgarh in Rajasthan, Rajasthan. Check 2026 cutoff marks, fee structure, ranking, infrastructure, seat matrix, and admission process. Government NMC approved college.",Government Medical College Chittorgarh
https://neetcounselors.com/colleges/government-medical-college-akola,200,"MBBS at Government Medical College, Akola, Akola - Fees, Cutoff, Ranking 2026 | NEET Counselling","Get complete details about MBBS admission at Government Medical College, Akola in Akola, Maharashtra. Check 2026 cutoff marks, fee structure, ranking, infrastructure, seat matrix, and admission process. Government NMC approved college.","Government Medical College, Akola"
https://neetcounselors.com/colleges/government-medical-college-amravati,200,"MBBS at Government Medical College, Amravati, Amravati - Fees, Cutoff, Ranking 2026 | NEET Counselling","Get complete details about MBBS admission at Government Medical College, Amravati in Amravati, Maharashtra. Check 2026 cutoff marks, fee structure, ranking, infrastructure, seat matrix, and admission process. Government NMC approved college.","Government Medical College, Amravati"
https://neetcounselors.com/colleges/government-medical-college-ambernath,200,"MBBS at Government Medical College, Ambernath, Ambernath - Fees, Cutoff, Ranking 2026 | NEET Counselling","Get complete details about MBBS admission at Government Medical College, Ambernath in Ambernath, Maharashtra. Check 2026 cutoff marks, fee structure, ranking, infrastructure, seat matrix, and admission process. Government NMC approved college.","Government Medical College, Ambernath"
https://neetcounselors.com/colleges/government-medical-college-nirmal,200,"MBBS at Government Medical College Nirmal, Telangana - Fees, Cutoff, Ranking 2026 | NEET Counselling","Get complete details about MBBS, BDS admission at Government Medical College Nirmal in Telangana, Telangana. Check 2026 cutoff marks, fee structure, ranking, infrastructure, seat matrix, and admission process. Government NMC approved college.",Government Medical College Nirmal
https://neetcounselors.com/colleges/government-medical-college-and-hospital-keonjhar,200,"MBBS at Government Medical College and Hospital, Keonjhar, Keonjhar - Fees, Cutoff, Ranking 2026 | NEET Counselling","Get complete details about MBBS admission at Government Medical College and Hospital, Keonjhar in Keonjhar, Odisha. Check 2026 cutoff marks, fee structure, ranking, infrastructure, seat matrix, and admission process. Government NMC approved college.","Government Medical College and Hospital, Keonjhar"
https://neetcounselors.com/colleges/government-medical-college-narsampet,200,"MBBS at Government Medical College Narsampet, Telangana - Fees, Cutoff, Ranking 2026 | NEET Counselling","Get complete details about MBBS admission at Government Medical College Narsampet in Telangana, Telangana. Check 2026 cutoff marks, fee structure, ranking, infrastructure, seat matrix, and admission process. Government NMC approved college.",Government Medical College Narsampet
https://neetcounselors.com/colleges/government-medical-college-and-general-hospital-satara,200,"MBBS at Government Medical College and General Hospital, Satara, Satara - Fees, Cutoff, Ranking 2026 | NEET Counselling","Get complete details about MBBS admission at Government Medical College and General Hospital, Satara in Satara, Maharashtra. Check 2026 cutoff marks, fee structure, ranking, infrastructure, seat matrix, and admission process. Government NMC approved college.","Government Medical College and General Hospital, Satara"
https://neetcounselors.com/colleges/government-medical-college-and-hospital-jajpur,200,"MBBS at Government Medical College and Hospital, Jajpur, Jajpur - Fees, Cutoff, Ranking 2026 | NEET Counselling","Get complete details about MBBS admission at Government Medical College and Hospital, Jajpur in Jajpur, Odisha. Check 2026 cutoff marks, fee structure, ranking, infrastructure, seat matrix, and admission process. Government NMC approved college.","Government Medical College and Hospital, Jajpur"
https://neetcounselors.com/colleges/government-medical-college-and-hospital-chandigar,200,"MBBS at Government Medical College and Hospital, Chandigar, Chandigar - Fees, Cutoff, Ranking 2026 | NEET Counselling","Get complete details about MBBS admission at Government Medical College and Hospital, Chandigar in Chandigar, Chandigarh. Check 2026 cutoff marks, fee structure, ranking, infrastructure, seat matrix, and admission process. Government NMC approved college.","Government Medical College and Hospital, Chandigar"
https://neetcounselors.com/colleges/government-medical-college-machilipatnam,200,"MBBS at Government Medical College Machilipatnam, Andhra Pradesh - Fees, Cutoff, Ranking 2026 | NEET Counselling","Get complete details about MBBS admission at Government Medical College Machilipatnam in Andhra Pradesh, Andhra Pradesh. Check 2026 cutoff marks, fee structure, ranking, infrastructure, seat matrix, and admission process. Government NMC approved college.",Government Medical College Machilipatnam
https://neetcounselors.com/colleges/government-medical-college-karimnagar,200,"MBBS at Government Medical College Karimnagar, Telangana - Fees, Cutoff, Ranking 2026 | NEET Counselling","Get complete details about MBBS admission at Government Medical College Karimnagar in Telangana, Telangana. Check 2026 cutoff marks, fee structure, ranking, infrastructure, seat matrix, and admission process. Government NMC approved college.",Government Medical College Karimnagar
https://neetcounselors.com/colleges/faculty-of-dentistry-jamia-millia-islamia-new-delhi,200,"BDS at Faculty of Dentistry, Jamia Millia Islamia, New Delhi, Jamia Millia Islamia, New Delhi - Fees, Cutoff, Ranking 2026 | NEET Counselling","Get complete details about BDS admission at Faculty of Dentistry, Jamia Millia Islamia, New Delhi in Jamia Millia Islamia, New Delhi, Delhi. Check 2026 cutoff marks, fee structure, ranking, infrastructure, seat matrix, and admission process. Government NMC approved college.","Faculty of Dentistry, Jamia Millia Islamia, New Delhi"
https://neetcounselors.com/colleges/government-medical-college-mahasamund,200,"MBBS at Government Medical College Mahasamund, Chhattisgarh - Fees, Cutoff, Ranking 2026 | NEET Counselling","Get complete details about MBBS admission at Government Medical College Mahasamund in Chhattisgarh, Chhattisgarh. Check 2026 cutoff marks, fee structure, ranking, infrastructure, seat matrix, and admission process. Government NMC approved college.",Government Medical College Mahasamund
https://neetcounselors.com/colleges/government-medical-college-nandyal,200,"MBBS at Government Medical College Nandyal, Andhra Pradesh - Fees, Cutoff, Ranking 2026 | NEET Counselling","Get complete details about MBBS admission at Government Medical College Nandyal in Andhra Pradesh, Andhra Pradesh. Check 2026 cutoff marks, fee structure, ranking, infrastructure, seat matrix, and admission process. Government NMC approved college.",Government Medical College Nandyal
https://neetcounselors.com/colleges/faculty-of-den-sci-kg-med-univ-lucknow,200,"BDS at Faculty of Den Sci, KG Med Univ, Lucknow, KG Med Univ, Lucknow - Fees, Cutoff, Ranking 2026 | NEET Counselling","Get complete details about BDS admission at Faculty of Den Sci, KG Med Univ, Lucknow in KG Med Univ, Lucknow, Uttar Pradesh. Check 2026 cutoff marks, fee structure, ranking, infrastructure, seat matrix, and admission process. Government NMC approved college.","Faculty of Den Sci, KG Med Univ, Lucknow"
https://neetcounselors.com/colleges/fakhruddin-ali-ahmed-medical-college-barpeta,200,"MBBS at Fakhruddin Ali Ahmed Medical College, Barpeta, Barpeta - Fees, Cutoff, Ranking 2026 | NEET Counselling","Get complete details about MBBS admission at Fakhruddin Ali Ahmed Medical College, Barpeta in Barpeta, Assam. Check 2026 cutoff marks, fee structure, ranking, infrastructure, seat matrix, and admission process. Government NMC approved college.","Fakhruddin Ali Ahmed Medical College, Barpeta"
https://neetcounselors.com/colleges/gajra-raja-medical-college-gwalior,200,"MBBS at Gajra Raja Medical College, Gwalior, Gwalior - Fees, Cutoff, Ranking 2026 | NEET Counselling","Get complete details about MBBS admission at Gajra Raja Medical College, Gwalior in Gwalior, Madhya Pradesh. Check 2026 cutoff marks, fee structure, ranking, infrastructure, seat matrix, and admission process. Government NMC approved college.","Gajra Raja Medical College, Gwalior"
https://neetcounselors.com/colleges/gandhi-medical-college-musheerabad-secunderabad,200,"MBBS at Gandhi Medical College Musheerabad Secunderabad, Telangana - Fees, Cutoff, Ranking 2026 | NEET Counselling","Get complete details about MBBS admission at Gandhi Medical College Musheerabad Secunderabad in Telangana, Telangana. Check 2026 cutoff marks, fee structure, ranking, infrastructure, seat matrix, and admission process. Government NMC approved college.",Gandhi Medical College Musheerabad Secunderabad
https://neetcounselors.com/colleges/goverment-medical-college-nandurbar,200,"MBBS at Goverment Medical College Nandurbar, Maharashtra - Fees, Cutoff, Ranking 2026 | NEET Counselling","Get complete details about MBBS admission at Goverment Medical College Nandurbar in Maharashtra, Maharashtra. Check 2026 cutoff marks, fee structure, ranking, infrastructure, seat matrix, and admission process. Government NMC approved college.",Goverment Medical College Nandurbar
https://neetcounselors.com/colleges/esic-medical-college-gulbarga,200,"MBBS at ESIC Medical College, Gulbarga, Gulbarga - Fees, Cutoff, Ranking 2026 | NEET Counselling","Get complete details about MBBS admission at ESIC Medical College, Gulbarga in Gulbarga, Karnataka. Check 2026 cutoff marks, fee structure, ranking, infrastructure, seat matrix, and admission process. Government NMC approved college.","ESIC Medical College, Gulbarga"
https://neetcounselors.com/colleges/gadag-institute-of-medical-sciences,200,"MBBS at Gadag Institute of Medical Sciences, Karnataka - Fees, Cutoff, Ranking 2026 | NEET Counselling","Get complete details about MBBS admission at Gadag Institute of Medical Sciences in Karnataka, Karnataka. Check 2026 cutoff marks, fee structure, ranking, infrastructure, seat matrix, and admission process. Government NMC approved college.",Gadag Institute of Medical Sciences
https://neetcounselors.com/colleges/esi-mc-pgims-r-banglore,200,"MBBS at ESI-MC&PGIMS&R, Banglore, Banglore - Fees, Cutoff, Ranking 2026 | NEET Counselling","Get complete details about MBBS admission at ESI-MC&PGIMS&R, Banglore in Banglore, Karnataka. Check 2026 cutoff marks, fee structure, ranking, infrastructure, seat matrix, and admission process. Government NMC approved college.","ESI-MC&PGIMS&R, Banglore"
https://neetcounselors.com/colleges/g-s-v-m-medical-college-kanpur,200,"MBBS at G.S.V.M. Medical College, Kanpur, Kanpur - Fees, Cutoff, Ranking 2026 | NEET Counselling","Get complete details about MBBS admission at G.S.V.M. Medical College, Kanpur in Kanpur, Uttar Pradesh. Check 2026 cutoff marks, fee structure, ranking, infrastructure, seat matrix, and admission process. Government NMC approved college.","G.S.V.M. Medical College, Kanpur"
https://neetcounselors.com/colleges/esic-medical-college-and-hospital-indore,200,"MBBS at ESIC, Medical College and Hospital, Indore, Medical College and Hospital, Indore - Fees, Cutoff, Ranking 2026 | NEET Counselling","Get complete details about MBBS admission at ESIC, Medical College and Hospital, Indore in Medical College and Hospital, Indore, Madhya Pradesh. Check 2026 cutoff marks, fee structure, ranking, infrastructure, seat matrix, and admission process. Government NMC approved college.","ESIC, Medical College and Hospital, Indore"
https://neetcounselors.com/colleges/esic-medical-college-hyderbad,200,"MBBS at ESIC Medical College, Hyderbad, Hyderbad - Fees, Cutoff, Ranking 2026 | NEET Counselling","Get complete details about MBBS admission at ESIC Medical College, Hyderbad in Hyderbad, Telangana. Check 2026 cutoff marks, fee structure, ranking, infrastructure, seat matrix, and admission process. Government NMC approved college.","ESIC Medical College, Hyderbad"
https://neetcounselors.com/colleges/esic-pgimsr-joka,200,"MBBS at ESIC PGIMSR, Joka, Joka - Fees, Cutoff, Ranking 2026 | NEET Counselling","Get complete details about MBBS admission at ESIC PGIMSR, Joka in Joka, West Bengal. Check 2026 cutoff marks, fee structure, ranking, infrastructure, seat matrix, and admission process. Government NMC approved college.","ESIC PGIMSR, Joka"
https://neetcounselors.com/colleges/gmers-medical-college-navsari,200,"MBBS at GMERS Medical College, Navsari, Navsari - Fees, Cutoff, Ranking 2026 | NEET Counselling","Get complete details about MBBS admission at GMERS Medical College, Navsari in Navsari, Gujarat. Check 2026 cutoff marks, fee structure, ranking, infrastructure, seat matrix, and admission process. Government NMC approved college.","GMERS Medical College, Navsari"
https://neetcounselors.com/colleges/gmers-medical-college-panchmahal-godhra,200,"MBBS at GMERS Medical College, Panchmahal Godhra, Panchmahal Godhra - Fees, Cutoff, Ranking 2026 | NEET Counselling","Get complete details about MBBS admission at GMERS Medical College, Panchmahal Godhra in Panchmahal Godhra, Gujarat. Check 2026 cutoff marks, fee structure, ranking, infrastructure, seat matrix, and admission process. Government NMC approved college.","GMERS Medical College, Panchmahal Godhra"
https://neetcounselors.com/colleges/gandhi-medical-college-bhopal,200,"MBBS at Gandhi Medical College, Bhopal, Bhopal - Fees, Cutoff, Ranking 2026 | NEET Counselling","Get complete details about MBBS admission at Gandhi Medical College, Bhopal in Bhopal, Madhya Pradesh. Check 2026 cutoff marks, fee structure, ranking, infrastructure, seat matrix, and admission process. Government NMC approved college.","Gandhi Medical College, Bhopal"
https://neetcounselors.com/colleges/goverment-dental-college-hospital-jalgaon,200,"MBBS at Goverment Dental College & Hospital, Jalgaon, Jalgaon - Fees, Cutoff, Ranking 2026 | NEET Counselling","Get complete details about BDS, MBBS admission at Goverment Dental College & Hospital, Jalgaon in Jalgaon, Maharashtra. Check 2026 cutoff marks, fee structure, ranking, infrastructure, seat matrix, and admission process. Government NMC approved college.","Goverment Dental College & Hospital, Jalgaon"
https://neetcounselors.com/colleges/gmers-medical-college-porbandar,200,"MBBS at GMERS Medical College, Porbandar, Porbandar - Fees, Cutoff, Ranking 2026 | NEET Counselling","Get complete details about MBBS admission at GMERS Medical College, Porbandar in Porbandar, Gujarat. Check 2026 cutoff marks, fee structure, ranking, infrastructure, seat matrix, and admission process. Government NMC approved college.","GMERS Medical College, Porbandar"
https://neetcounselors.com/colleges/goa-medical-college-panaji,200,"MBBS at Goa Medical College, Panaji, Panaji - Fees, Cutoff, Ranking 2026 | NEET Counselling","Get complete details about MBBS admission at Goa Medical College, Panaji in Panaji, Goa. Check 2026 cutoff marks, fee structure, ranking, infrastructure, seat matrix, and admission process. Government NMC approved college.","Goa Medical College, Panaji"
https://neetcounselors.com/colleges/gmers-medical-college-morbi,200,"MBBS at GMERS Medical College, Morbi, Morbi - Fees, Cutoff, Ranking 2026 | NEET Counselling","Get complete details about MBBS, BDS admission at GMERS Medical College, Morbi in Morbi, Gujarat. Check 2026 cutoff marks, fee structure, ranking, infrastructure, seat matrix, and admission process. Government NMC approved college.","GMERS Medical College, Morbi"
https://neetcounselors.com/colleges/goverment-medical-college-and-hospital-jalgaon,200,"MBBS at Goverment Medical College And Hospital Jalgaon, Maharashtra - Fees, Cutoff, Ranking 2026 | NEET Counselling","Get complete details about MBBS admission at Goverment Medical College And Hospital Jalgaon in Maharashtra, Maharashtra. Check 2026 cutoff marks, fee structure, ranking, infrastructure, seat matrix, and admission process. Government NMC approved college.",Goverment Medical College And Hospital Jalgaon
https://neetcounselors.com/colleges/gmers-medical-college-rajpipla,200,"MBBS at GMERS Medical College, Rajpipla, Rajpipla - Fees, Cutoff, Ranking 2026 | NEET Counselling","Get complete details about MBBS admission at GMERS Medical College, Rajpipla in Rajpipla, Gujarat. Check 2026 cutoff marks, fee structure, ranking, infrastructure, seat matrix, and admission process. Government NMC approved college.","GMERS Medical College, Rajpipla"
https://neetcounselors.com/colleges/gmc-jangaon,200,"MBBS at GMC Jangaon, Telangana - Fees, Cutoff, Ranking 2026 | NEET Counselling","Get complete details about MBBS admission at GMC Jangaon in Telangana, Telangana. Check 2026 cutoff marks, fee structure, ranking, infrastructure, seat matrix, and admission process. Government NMC approved college.",GMC Jangaon
https://neetcounselors.com/colleges/gmc-dausa,200,"MBBS at GMC Dausa, Rajasthan - Fees, Cutoff, Ranking 2026 | NEET Counselling","Get complete details about MBBS admission at GMC Dausa in Rajasthan, Rajasthan. Check 2026 cutoff marks, fee structure, ranking, infrastructure, seat matrix, and admission process. Government NMC approved college.",GMC Dausa
https://neetcounselors.com/colleges/gmc-shahjhanpur,200,"MBBS at GMC, Shahjhanpur, Shahjhanpur - Fees, Cutoff, Ranking 2026 | NEET Counselling","Get complete details about MBBS admission at GMC, Shahjhanpur in Shahjhanpur, Uttar Pradesh. Check 2026 cutoff marks, fee structure, ranking, infrastructure, seat matrix, and admission process. Government NMC approved college.","GMC, Shahjhanpur"
https://neetcounselors.com/colleges/goa-dental-college-hospital,200,"MBBS at Goa Dental College & Hospital, Goa - Fees, Cutoff, Ranking 2026 | NEET Counselling","Get complete details about BDS, MBBS admission at Goa Dental College & Hospital in Goa, Goa. Check 2026 cutoff marks, fee structure, ranking, infrastructure, seat matrix, and admission process. Government NMC approved college.",Goa Dental College & Hospital
https://neetcounselors.com/colleges/gitam-institue-of-med-sce-and-res-visakhapatnam,200,"MBBS at GITAM Institue of Med. Sce. and Res., Visakhapatnam, Visakhapatnam - Fees, Cutoff, Ranking 2026 | NEET Counselling","Get complete details about MBBS admission at GITAM Institue of Med. Sce. and Res., Visakhapatnam in Visakhapatnam, Andhra Pradesh. Check 2026 cutoff marks, fee structure, ranking, infrastructure, seat matrix, and admission process. Government NMC approved college.","GITAM Institue of Med. Sce. and Res., Visakhapatnam"
https://neetcounselors.com/colleges/gmc-rajamahendravaram,200,"MBBS at GMC, Rajamahendravaram, Rajamahendravaram - Fees, Cutoff, Ranking 2026 | NEET Counselling","Get complete details about MBBS admission at GMC, Rajamahendravaram in Rajamahendravaram, Andhra Pradesh. Check 2026 cutoff marks, fee structure, ranking, infrastructure, seat matrix, and admission process. Government NMC approved college.","GMC, Rajamahendravaram"
https://neetcounselors.com/colleges/gmc-manjeri,200,"MBBS at GMC, Manjeri, Manjeri - Fees, Cutoff, Ranking 2026 | NEET Counselling","Get complete details about MBBS admission at GMC, Manjeri in Manjeri, Kerala. Check 2026 cutoff marks, fee structure, ranking, infrastructure, seat matrix, and admission process. Government NMC approved college.","GMC, Manjeri"
https://neetcounselors.com/colleges/gmc-kamareddy,200,"MBBS at GMC Kamareddy, Telangana - Fees, Cutoff, Ranking 2026 | NEET Counselling","Get complete details about MBBS admission at GMC Kamareddy in Telangana, Telangana. Check 2026 cutoff marks, fee structure, ranking, infrastructure, seat matrix, and admission process. Government NMC approved college.",GMC Kamareddy
https://neetcounselors.com/colleges/gdc-pt-bds-univ-of-health-sci-rohtak,200,"BDS at GDC, PT.BDS Univ.of Health Sci, Rohtak, PT.BDS Univ.of Health Sci, Rohtak - Fees, Cutoff, Ranking 2026 | NEET Counselling","Get complete details about BDS admission at GDC, PT.BDS Univ.of Health Sci, Rohtak in PT.BDS Univ.of Health Sci, Rohtak, Haryana. Check 2026 cutoff marks, fee structure, ranking, infrastructure, seat matrix, and admission process. Government NMC approved college.","GDC, PT.BDS Univ.of Health Sci, Rohtak"
https://neetcounselors.com/colleges/government-medical-college-ramagundam,200,"MBBS at Government Medical College, Ramagundam, Ramagundam - Fees, Cutoff, Ranking 2026 | NEET Counselling","Get complete details about MBBS admission at Government Medical College, Ramagundam in Ramagundam, Telangana. Check 2026 cutoff marks, fee structure, ranking, infrastructure, seat matrix, and admission process. Government NMC approved college.","Government Medical College, Ramagundam"
https://neetcounselors.com/colleges/gmc-karauli,200,"MBBS at GMC Karauli, Rajasthan - Fees, Cutoff, Ranking 2026 | NEET Counselling","Get complete details about MBBS admission at GMC Karauli in Rajasthan, Rajasthan. Check 2026 cutoff marks, fee structure, ranking, infrastructure, seat matrix, and admission process. Government NMC approved college.",GMC Karauli
https://neetcounselors.com/colleges/government-medical-college-rajouri,200,"MBBS at Government Medical College, Rajouri, Rajouri - Fees, Cutoff, Ranking 2026 | NEET Counselling","Get complete details about MBBS admission at Government Medical College, Rajouri in Rajouri, Jammu and Kashmir. Check 2026 cutoff marks, fee structure, ranking, infrastructure, seat matrix, and admission process. Government NMC approved college.","Government Medical College, Rajouri"
https://neetcounselors.com/colleges/gmc-azamgarh,200,"MBBS at GMC, Azamgarh, Azamgarh - Fees, Cutoff, Ranking 2026 | NEET Counselling","Get complete details about MBBS admission at GMC, Azamgarh in Azamgarh, Uttar Pradesh. Check 2026 cutoff marks, fee structure, ranking, infrastructure, seat matrix, and admission process. Government NMC approved college.","GMC, Azamgarh"
https://neetcounselors.com/colleges/gmc-bahraich,200,"MBBS at GMC, Bahraich, Bahraich - Fees, Cutoff, Ranking 2026 | NEET Counselling","Get complete details about MBBS admission at GMC, Bahraich in Bahraich, Uttar Pradesh. Check 2026 cutoff marks, fee structure, ranking, infrastructure, seat matrix, and admission process. Government NMC approved college.","GMC, Bahraich"
https://neetcounselors.com/colleges/government-medical-college-sindhudurg,200,"MBBS at Government Medical College, Sindhudurg, Sindhudurg - Fees, Cutoff, Ranking 2026 | NEET Counselling","Get complete details about MBBS admission at Government Medical College, Sindhudurg in Sindhudurg, Maharashtra. Check 2026 cutoff marks, fee structure, ranking, infrastructure, seat matrix, and admission process. Government NMC approved college.","Government Medical College, Sindhudurg"
https://neetcounselors.com/colleges/government-medical-college-anantnag,200,"MBBS at Government Medical College, Anantnag, Anantnag - Fees, Cutoff, Ranking 2026 | NEET Counselling","Get complete details about MBBS admission at Government Medical College, Anantnag in Anantnag, Jammu and Kashmir. Check 2026 cutoff marks, fee structure, ranking, infrastructure, seat matrix, and admission process. Government NMC approved college.","Government Medical College, Anantnag"
https://neetcounselors.com/colleges/government-medical-college-ramanathapuram,200,"MBBS at Government Medical College, Ramanathapuram, Ramanathapuram - Fees, Cutoff, Ranking 2026 | NEET Counselling","Get complete details about MBBS admission at Government Medical College, Ramanathapuram in Ramanathapuram, Tamil Nadu. Check 2026 cutoff marks, fee structure, ranking, infrastructure, seat matrix, and admission process. Government NMC approved college.","Government Medical College, Ramanathapuram"
https://neetcounselors.com/colleges/government-medical-college-rajnandgaon,200,"MBBS at Government Medical College, Rajnandgaon, Rajnandgaon - Fees, Cutoff, Ranking 2026 | NEET Counselling","Get complete details about MBBS admission at Government Medical College, Rajnandgaon in Rajnandgaon, Chhattisgarh. Check 2026 cutoff marks, fee structure, ranking, infrastructure, seat matrix, and admission process. Government NMC approved college.","Government Medical College, Rajnandgaon"
https://neetcounselors.com/colleges/government-medical-college-seoni,200,"MBBS at Government Medical College, Seoni, Seoni - Fees, Cutoff, Ranking 2026 | NEET Counselling","Get complete details about MBBS admission at Government Medical College, Seoni in Seoni, Madhya Pradesh. Check 2026 cutoff marks, fee structure, ranking, infrastructure, seat matrix, and admission process. Government NMC approved college.","Government Medical College, Seoni"
https://neetcounselors.com/colleges/government-medical-college-sawai-madhopur,200,"MBBS at Government Medical College, Sawai Madhopur, Sawai Madhopur - Fees, Cutoff, Ranking 2026 | NEET Counselling","Get complete details about MBBS admission at Government Medical College, Sawai Madhopur in Sawai Madhopur, Rajasthan. Check 2026 cutoff marks, fee structure, ranking, infrastructure, seat matrix, and admission process. Government NMC approved college.","Government Medical College, Sawai Madhopur"
https://neetcounselors.com/colleges/government-medical-college-nashik,200,"MBBS at Government Medical College, Nashik, Nashik - Fees, Cutoff, Ranking 2026 | NEET Counselling","Get complete details about MBBS admission at Government Medical College, Nashik in Nashik, Maharashtra. Check 2026 cutoff marks, fee structure, ranking, infrastructure, seat matrix, and admission process. Government NMC approved college.","Government Medical College, Nashik"
https://neetcounselors.com/colleges/government-medical-college-quthbullapur,200,"MBBS at Government Medical College, Quthbullapur, Quthbullapur - Fees, Cutoff, Ranking 2026 | NEET Counselling","Get complete details about MBBS admission at Government Medical College, Quthbullapur in Quthbullapur, Telangana. Check 2026 cutoff marks, fee structure, ranking, infrastructure, seat matrix, and admission process. Government NMC approved college.","Government Medical College, Quthbullapur"
https://neetcounselors.com/colleges/government-medical-college-sangareddy,200,"MBBS at Government Medical College, Sangareddy, Sangareddy - Fees, Cutoff, Ranking 2026 | NEET Counselling","Get complete details about MBBS admission at Government Medical College, Sangareddy in Sangareddy, Telangana. Check 2026 cutoff marks, fee structure, ranking, infrastructure, seat matrix, and admission process. Government NMC approved college.","Government Medical College, Sangareddy"
https://neetcounselors.com/colleges/government-medical-college-narayanpet,200,"MBBS at Government Medical College, Narayanpet, Narayanpet - Fees, Cutoff, Ranking 2026 | NEET Counselling","Get complete details about MBBS admission at Government Medical College, Narayanpet in Narayanpet, Telangana. Check 2026 cutoff marks, fee structure, ranking, infrastructure, seat matrix, and admission process. Government NMC approved college.","Government Medical College, Narayanpet"
https://neetcounselors.com/colleges/government-medical-college-parbhani,200,"MBBS at Government Medical College, Parbhani, Parbhani - Fees, Cutoff, Ranking 2026 | NEET Counselling","Get complete details about MBBS admission at Government Medical College, Parbhani in Parbhani, Maharashtra. Check 2026 cutoff marks, fee structure, ranking, infrastructure, seat matrix, and admission process. Government NMC approved college.","Government Medical College, Parbhani"
https://neetcounselors.com/colleges/government-medical-college-namakkal,200,"MBBS at Government medical College, Namakkal, Namakkal - Fees, Cutoff, Ranking 2026 | NEET Counselling","Get complete details about MBBS admission at Government medical College, Namakkal in Namakkal, Tamil Nadu. Check 2026 cutoff marks, fee structure, ranking, infrastructure, seat matrix, and admission process. Government NMC approved college.","Government medical College, Namakkal"
https://neetcounselors.com/colleges/government-medical-college-nagarkurnool,200,"MBBS at Government Medical College, Nagarkurnool, Nagarkurnool - Fees, Cutoff, Ranking 2026 | NEET Counselling","Get complete details about MBBS admission at Government Medical College, Nagarkurnool in Nagarkurnool, Telangana. Check 2026 cutoff marks, fee structure, ranking, infrastructure, seat matrix, and admission process. Government NMC approved college.","Government Medical College, Nagarkurnool"
https://neetcounselors.com/colleges/government-medical-college-pali,200,"MBBS at Government Medical College, Pali, Pali - Fees, Cutoff, Ranking 2026 | NEET Counselling","Get complete details about MBBS admission at Government Medical College, Pali in Pali, Rajasthan. Check 2026 cutoff marks, fee structure, ranking, infrastructure, seat matrix, and admission process. Government NMC approved college.","Government Medical College, Pali"
https://neetcounselors.com/colleges/government-medical-college-osmanabad,200,"MBBS at Government Medical College, Osmanabad, Osmanabad - Fees, Cutoff, Ranking 2026 | NEET Counselling","Get complete details about MBBS admission at Government Medical College, Osmanabad in Osmanabad, Maharashtra. Check 2026 cutoff marks, fee structure, ranking, infrastructure, seat matrix, and admission process. Government NMC approved college.","Government Medical College, Osmanabad"
https://neetcounselors.com/colleges/government-medical-college-nizamabad,200,"MBBS at Government Medical College, Nizamabad, Nizamabad - Fees, Cutoff, Ranking 2026 | NEET Counselling","Get complete details about MBBS admission at Government Medical College, Nizamabad in Nizamabad, Telangana. Check 2026 cutoff marks, fee structure, ranking, infrastructure, seat matrix, and admission process. Government NMC approved college.","Government Medical College, Nizamabad"
https://neetcounselors.com/colleges/government-medical-college-sriganganagar,200,"MBBS at Government Medical College, Sriganganagar, Sriganganagar - Fees, Cutoff, Ranking 2026 | NEET Counselling","Get complete details about MBBS admission at Government Medical College, Sriganganagar in Sriganganagar, Rajasthan. Check 2026 cutoff marks, fee structure, ranking, infrastructure, seat matrix, and admission process. Government NMC approved college.","Government Medical College, Sriganganagar"
https://neetcounselors.com/colleges/govt-institute-of-medcial-sciences-greater-noida,200,"MBBS at Govt institute of Medcial Sciences, Greater Noida, Greater Noida - Fees, Cutoff, Ranking 2026 | NEET Counselling","Get complete details about MBBS admission at Govt institute of Medcial Sciences, Greater Noida in Greater Noida, Uttar Pradesh. Check 2026 cutoff marks, fee structure, ranking, infrastructure, seat matrix, and admission process. Government NMC approved college.","Govt institute of Medcial Sciences, Greater Noida"
https://neetcounselors.com/colleges/government-medical-college-omandurar,200,"MBBS at Government Medical College, Omandurar, Omandurar - Fees, Cutoff, Ranking 2026 | NEET Counselling","Get complete details about MBBS admission at Government Medical College, Omandurar in Omandurar, Tamil Nadu. Check 2026 cutoff marks, fee structure, ranking, infrastructure, seat matrix, and admission process. Government NMC approved college.","Government Medical College, Omandurar"
https://neetcounselors.com/colleges/government-medical-college-nilgiris,200,"MBBS at Government Medical College, Nilgiris, Nilgiris - Fees, Cutoff, Ranking 2026 | NEET Counselling","Get complete details about MBBS admission at Government Medical College, Nilgiris in Nilgiris, Tamil Nadu. Check 2026 cutoff marks, fee structure, ranking, infrastructure, seat matrix, and admission process. Government NMC approved college.","Government Medical College, Nilgiris"
https://neetcounselors.com/colleges/govt-medical-college-faizabad,200,"MBBS at Govt Medical College Faizabad, Uttar Pradesh - Fees, Cutoff, Ranking 2026 | NEET Counselling","Get complete details about MBBS admission at Govt Medical College Faizabad in Uttar Pradesh, Uttar Pradesh. Check 2026 cutoff marks, fee structure, ranking, infrastructure, seat matrix, and admission process. Government NMC approved college.",Govt Medical College Faizabad
https://neetcounselors.com/colleges/govt-dental-college-kannur,200,"MBBS at Govt Dental College Kannur, Kerala - Fees, Cutoff, Ranking 2026 | NEET Counselling","Get complete details about BDS, B.Sc. Nursing, MBBS admission at Govt Dental College Kannur in Kerala, Kerala. Check 2026 cutoff marks, fee structure, ranking, infrastructure, seat matrix, and admission process. Government NMC approved college.",Govt Dental College Kannur
https://neetcounselors.com/colleges/govt-dental-college-rims-kadapa,200,"MBBS at Govt Dental College RIMS Kadapa, Andhra Pradesh - Fees, Cutoff, Ranking 2026 | NEET Counselling","Get complete details about BDS, MBBS admission at Govt Dental College RIMS Kadapa in Andhra Pradesh, Andhra Pradesh. Check 2026 cutoff marks, fee structure, ranking, infrastructure, seat matrix, and admission process. Government NMC approved college.",Govt Dental College RIMS Kadapa
https://neetcounselors.com/colleges/govt-medical-college-badaun,200,"MBBS at Govt Medical College Badaun, Uttar Pradesh - Fees, Cutoff, Ranking 2026 | NEET Counselling","Get complete details about MBBS admission at Govt Medical College Badaun in Uttar Pradesh, Uttar Pradesh. Check 2026 cutoff marks, fee structure, ranking, infrastructure, seat matrix, and admission process. Government NMC approved college.",Govt Medical College Badaun
https://neetcounselors.com/colleges/govt-dental-college-pudukkottai,200,"BDS at Govt Dental College Pudukkottai, Tamil Nadu - Fees, Cutoff, Ranking 2026 | NEET Counselling","Get complete details about BDS admission at Govt Dental College Pudukkottai in Tamil Nadu, Tamil Nadu. Check 2026 cutoff marks, fee structure, ranking, infrastructure, seat matrix, and admission process. Government NMC approved college.",Govt Dental College Pudukkottai
https://neetcounselors.com/colleges/govt-medical-college-basti,200,"MBBS at Govt Medical College Basti, Uttar Pradesh - Fees, Cutoff, Ranking 2026 | NEET Counselling","Get complete details about MBBS admission at Govt Medical College Basti in Uttar Pradesh, Uttar Pradesh. Check 2026 cutoff marks, fee structure, ranking, infrastructure, seat matrix, and admission process. Government NMC approved college.",Govt Medical College Basti
https://neetcounselors.com/colleges/govt-medical-college-baramati,200,"MBBS at Govt Medical College Baramati, Maharashtra - Fees, Cutoff, Ranking 2026 | NEET Counselling","Get complete details about MBBS admission at Govt Medical College Baramati in Maharashtra, Maharashtra. Check 2026 cutoff marks, fee structure, ranking, infrastructure, seat matrix, and admission process. Government NMC approved college.",Govt Medical College Baramati
https://neetcounselors.com/colleges/govt-medical-college-barmer,200,"MBBS at Govt Medical College Barmer, Rajasthan - Fees, Cutoff, Ranking 2026 | NEET Counselling","Get complete details about MBBS admission at Govt Medical College Barmer in Rajasthan, Rajasthan. Check 2026 cutoff marks, fee structure, ranking, infrastructure, seat matrix, and admission process. Government NMC approved college.",Govt Medical College Barmer
https://neetcounselors.com/colleges/government-medical-college-tiruppur,200,"MBBS at Government Medical College, Tiruppur, Tiruppur - Fees, Cutoff, Ranking 2026 | NEET Counselling","Get complete details about MBBS admission at Government Medical College, Tiruppur in Tiruppur, Tamil Nadu. Check 2026 cutoff marks, fee structure, ranking, infrastructure, seat matrix, and admission process. Government NMC approved college.","Government Medical College, Tiruppur"
https://neetcounselors.com/colleges/govt-den-coll-dental-wing-patiala,200,"BDS at Govt Den Coll Dental Wing Patiala, Punjab - Fees, Cutoff, Ranking 2026 | NEET Counselling","Get complete details about BDS admission at Govt Den Coll Dental Wing Patiala in Punjab, Punjab. Check 2026 cutoff marks, fee structure, ranking, infrastructure, seat matrix, and admission process. Government NMC approved college.",Govt Den Coll Dental Wing Patiala
https://neetcounselors.com/colleges/government-medical-college-thalarasingi-village,200,"MBBS at Government medical College, Thalarasingi village, Thalarasingi village - Fees, Cutoff, Ranking 2026 | NEET Counselling","Get complete details about MBBS admission at Government medical College, Thalarasingi village in Thalarasingi village, Andhra Pradesh. Check 2026 cutoff marks, fee structure, ranking, infrastructure, seat matrix, and admission process. Government NMC approved college.","Government medical College, Thalarasingi village"
https://neetcounselors.com/colleges/government-medical-college-sundargarh,200,"MBBS at Government Medical College, Sundargarh, Sundargarh - Fees, Cutoff, Ranking 2026 | NEET Counselling","Get complete details about MBBS admission at Government Medical College, Sundargarh in Sundargarh, Odisha. Check 2026 cutoff marks, fee structure, ranking, infrastructure, seat matrix, and admission process. Government NMC approved college.","Government Medical College, Sundargarh"
https://neetcounselors.com/colleges/government-medical-college-thiruvallur,200,"MBBS at Government Medical College, Thiruvallur, Thiruvallur - Fees, Cutoff, Ranking 2026 | NEET Counselling","Get complete details about MBBS admission at Government Medical College, Thiruvallur in Thiruvallur, Tamil Nadu. Check 2026 cutoff marks, fee structure, ranking, infrastructure, seat matrix, and admission process. Government NMC approved college.","Government Medical College, Thiruvallur"
https://neetcounselors.com/colleges/government-medical-college-surat,200,"MBBS at Government Medical College, Surat, Surat - Fees, Cutoff, Ranking 2026 | NEET Counselling","Get complete details about MBBS admission at Government Medical College, Surat in Surat, Gujarat. Check 2026 cutoff marks, fee structure, ranking, infrastructure, seat matrix, and admission process. Government NMC approved college.","Government Medical College, Surat"
https://neetcounselors.com/colleges/government-medical-college-tonk,200,"MBBS at Government Medical College, Tonk, Tonk - Fees, Cutoff, Ranking 2026 | NEET Counselling","Get complete details about MBBS admission at Government Medical College, Tonk in Tonk, Rajasthan. Check 2026 cutoff marks, fee structure, ranking, infrastructure, seat matrix, and admission process. Government NMC approved college.","Government Medical College, Tonk"
https://neetcounselors.com/colleges/government-medical-college-yadadri,200,"MBBS at Government Medical College, Yadadri, Yadadri - Fees, Cutoff, Ranking 2026 | NEET Counselling","Get complete details about MBBS admission at Government Medical College, Yadadri in Yadadri, Telangana. Check 2026 cutoff marks, fee structure, ranking, infrastructure, seat matrix, and admission process. Government NMC approved college.","Government Medical College, Yadadri"
https://neetcounselors.com/colleges/government-medical-college-virudhunagar,200,"MBBS at Government Medical College, Virudhunagar, Virudhunagar - Fees, Cutoff, Ranking 2026 | NEET Counselling","Get complete details about MBBS admission at Government Medical College, Virudhunagar in Virudhunagar, Tamil Nadu. Check 2026 cutoff marks, fee structure, ranking, infrastructure, seat matrix, and admission process. Government NMC approved college.","Government Medical College, Virudhunagar"
https://neetcounselors.com/colleges/government-of-medical-college-and-hospital-balasore,200,"MBBS at Government of Medical College and Hospital, Balasore, Balasore - Fees, Cutoff, Ranking 2026 | NEET Counselling","Get complete details about MBBS admission at Government of Medical College and Hospital, Balasore in Balasore, Odisha. Check 2026 cutoff marks, fee structure, ranking, infrastructure, seat matrix, and admission process. Government NMC approved college.","Government of Medical College and Hospital, Balasore"
https://neetcounselors.com/colleges/government-medical-college-wayanad,200,"MBBS at Government Medical College, Wayanad, Wayanad - Fees, Cutoff, Ranking 2026 | NEET Counselling","Get complete details about MBBS admission at Government Medical College, Wayanad in Wayanad, Kerala. Check 2026 cutoff marks, fee structure, ranking, infrastructure, seat matrix, and admission process. Government NMC approved college.","Government Medical College, Wayanad"
https://neetcounselors.com/colleges/government-medical-college-washim,200,"MBBS at Government Medical College, Washim, Washim - Fees, Cutoff, Ranking 2026 | NEET Counselling","Get complete details about MBBS admission at Government Medical College, Washim in Washim, Maharashtra. Check 2026 cutoff marks, fee structure, ranking, infrastructure, seat matrix, and admission process. Government NMC approved college.","Government Medical College, Washim"
https://neetcounselors.com/colleges/government-medical-college-doda,200,"MBBS at Government Medical College, Doda, Doda - Fees, Cutoff, Ranking 2026 | NEET Counselling","Get complete details about MBBS admission at Government Medical College, Doda in Doda, Jammu and Kashmir. Check 2026 cutoff marks, fee structure, ranking, infrastructure, seat matrix, and admission process. Government NMC approved college.","Government Medical College, Doda"
https://neetcounselors.com/colleges/government-medical-college-dindigul,200,"MBBS at Government Medical College, Dindigul, Dindigul - Fees, Cutoff, Ranking 2026 | NEET Counselling","Get complete details about MBBS admission at Government Medical College, Dindigul in Dindigul, Tamil Nadu. Check 2026 cutoff marks, fee structure, ranking, infrastructure, seat matrix, and admission process. Government NMC approved college.","Government Medical College, Dindigul"
https://neetcounselors.com/colleges/government-medical-college-eluru,200,"MBBS at Government Medical College, Eluru, Eluru - Fees, Cutoff, Ranking 2026 | NEET Counselling","Get complete details about MBBS admission at Government Medical College, Eluru in Eluru, Andhra Pradesh. Check 2026 cutoff marks, fee structure, ranking, infrastructure, seat matrix, and admission process. Government NMC approved college.","Government Medical College, Eluru"
https://neetcounselors.com/colleges/government-medical-college-nagapattinam,200,"MBBS at Government Medical College, Nagapattinam, Nagapattinam - Fees, Cutoff, Ranking 2026 | NEET Counselling","Get complete details about MBBS admission at Government Medical College, Nagapattinam in Nagapattinam, Tamil Nadu. Check 2026 cutoff marks, fee structure, ranking, infrastructure, seat matrix, and admission process. Government NMC approved college.","Government Medical College, Nagapattinam"
https://neetcounselors.com/colleges/government-medical-college-haridwar,200,"MBBS at Government Medical college, Haridwar, Haridwar - Fees, Cutoff, Ranking 2026 | NEET Counselling","Get complete details about MBBS admission at Government Medical college, Haridwar in Haridwar, Uttarakhand. Check 2026 cutoff marks, fee structure, ranking, infrastructure, seat matrix, and admission process. Government NMC approved college.","Government Medical college, Haridwar"
https://neetcounselors.com/colleges/government-medical-college-bhadradri,200,"MBBS at Government Medical College, Bhadradri, Bhadradri - Fees, Cutoff, Ranking 2026 | NEET Counselling","Get complete details about MBBS admission at Government Medical College, Bhadradri in Bhadradri, Telangana. Check 2026 cutoff marks, fee structure, ranking, infrastructure, seat matrix, and admission process. Government NMC approved college.","Government Medical College, Bhadradri"
https://neetcounselors.com/colleges/government-medical-college-dholpur,200,"MBBS at Government Medical College, Dholpur, Dholpur - Fees, Cutoff, Ranking 2026 | NEET Counselling","Get complete details about MBBS admission at Government Medical College, Dholpur in Dholpur, Rajasthan. Check 2026 cutoff marks, fee structure, ranking, infrastructure, seat matrix, and admission process. Government NMC approved college.","Government Medical College, Dholpur"
https://neetcounselors.com/colleges/government-medical-college-handwara,200,"MBBS at Government Medical College, Handwara, Handwara - Fees, Cutoff, Ranking 2026 | NEET Counselling","Get complete details about MBBS admission at Government Medical College, Handwara in Handwara, Jammu and Kashmir. Check 2026 cutoff marks, fee structure, ranking, infrastructure, seat matrix, and admission process. Government NMC approved college.","Government Medical College, Handwara"
https://neetcounselors.com/colleges/government-medical-college-hanumangarh,200,"MBBS at Government Medical College, Hanumangarh, Hanumangarh - Fees, Cutoff, Ranking 2026 | NEET Counselling","Get complete details about MBBS admission at Government Medical College, Hanumangarh in Hanumangarh, Rajasthan. Check 2026 cutoff marks, fee structure, ranking, infrastructure, seat matrix, and admission process. Government NMC approved college.","Government Medical College, Hanumangarh"
https://neetcounselors.com/colleges/government-medical-college-esic-kollam,200,"MBBS at Government Medical College, ESIC, Kollam, ESIC, Kollam - Fees, Cutoff, Ranking 2026 | NEET Counselling","Get complete details about MBBS admission at Government Medical College, ESIC, Kollam in ESIC, Kollam, Kerala. Check 2026 cutoff marks, fee structure, ranking, infrastructure, seat matrix, and admission process. Government NMC approved college.","Government Medical College, ESIC, Kollam"
https://neetcounselors.com/colleges/government-medical-college-banswara,200,"MBBS at Government Medical College, Banswara, Banswara - Fees, Cutoff, Ranking 2026 | NEET Counselling","Get complete details about MBBS admission at Government Medical College, Banswara in Banswara, Rajasthan. Check 2026 cutoff marks, fee structure, ranking, infrastructure, seat matrix, and admission process. Government NMC approved college.","Government Medical College, Banswara"
https://neetcounselors.com/colleges/government-medical-college-baramulla,200,"MBBS at Government Medical College, Baramulla, Baramulla - Fees, Cutoff, Ranking 2026 | NEET Counselling","Get complete details about MBBS admission at Government Medical College, Baramulla in Baramulla, Jammu and Kashmir. Check 2026 cutoff marks, fee structure, ranking, infrastructure, seat matrix, and admission process. Government NMC approved college.","Government Medical College, Baramulla"
https://neetcounselors.com/colleges/government-medical-college-churachandpur,200,"MBBS at Government Medical College, Churachandpur, Churachandpur - Fees, Cutoff, Ranking 2026 | NEET Counselling","Get complete details about MBBS admission at Government Medical College, Churachandpur in Churachandpur, Manipur. Check 2026 cutoff marks, fee structure, ranking, infrastructure, seat matrix, and admission process. Government NMC approved college.","Government Medical College, Churachandpur"
https://neetcounselors.com/colleges/government-medical-college-baran,200,"MBBS at Government Medical College, Baran, Baran - Fees, Cutoff, Ranking 2026 | NEET Counselling","Get complete details about MBBS admission at Government Medical College, Baran in Baran, Rajasthan. Check 2026 cutoff marks, fee structure, ranking, infrastructure, seat matrix, and admission process. Government NMC approved college.","Government Medical College, Baran"
https://neetcounselors.com/colleges/government-medical-college-ariyalur,200,"MBBS at Government Medical College, Ariyalur, Ariyalur - Fees, Cutoff, Ranking 2026 | NEET Counselling","Get complete details about MBBS admission at Government Medical College, Ariyalur in Ariyalur, Tamil Nadu. Check 2026 cutoff marks, fee structure, ranking, infrastructure, seat matrix, and admission process. Government NMC approved college.","Government Medical College, Ariyalur"
https://neetcounselors.com/colleges/government-medical-college-buldhana,200,"MBBS at Government Medical College, Buldhana, Buldhana - Fees, Cutoff, Ranking 2026 | NEET Counselling","Get complete details about MBBS admission at Government Medical College, Buldhana in Buldhana, Maharashtra. Check 2026 cutoff marks, fee structure, ranking, infrastructure, seat matrix, and admission process. Government NMC approved college.","Government Medical College, Buldhana"
https://neetcounselors.com/colleges/government-medical-college-bhandara,200,"MBBS at Government Medical College, Bhandara, Bhandara - Fees, Cutoff, Ranking 2026 | NEET Counselling","Get complete details about MBBS admission at Government Medical College, Bhandara in Bhandara, Maharashtra. Check 2026 cutoff marks, fee structure, ranking, infrastructure, seat matrix, and admission process. Government NMC approved college.","Government Medical College, Bhandara"
https://neetcounselors.com/colleges/government-medical-college-hingoli,200,"MBBS at Government Medical College, Hingoli, Hingoli - Fees, Cutoff, Ranking 2026 | NEET Counselling","Get complete details about MBBS admission at Government Medical College, Hingoli in Hingoli, Maharashtra. Check 2026 cutoff marks, fee structure, ranking, infrastructure, seat matrix, and admission process. Government NMC approved college.","Government Medical College, Hingoli"
https://neetcounselors.com/colleges/government-medical-college-bhilwara,200,"MBBS at Government Medical College, Bhilwara, Bhilwara - Fees, Cutoff, Ranking 2026 | NEET Counselling","Get complete details about MBBS admission at Government Medical College, Bhilwara in Bhilwara, Rajasthan. Check 2026 cutoff marks, fee structure, ranking, infrastructure, seat matrix, and admission process. Government NMC approved college.","Government Medical College, Bhilwara"
https://neetcounselors.com/colleges/government-medical-college-bundi,200,"MBBS at Government Medical College, Bundi, Bundi - Fees, Cutoff, Ranking 2026 | NEET Counselling","Get complete details about MBBS admission at Government Medical College, Bundi in Bundi, Rajasthan. Check 2026 cutoff marks, fee structure, ranking, infrastructure, seat matrix, and admission process. Government NMC approved college.","Government Medical College, Bundi"
https://neetcounselors.com/colleges/government-medical-college-krishnagiri,200,"MBBS at Government Medical College, Krishnagiri, Krishnagiri - Fees, Cutoff, Ranking 2026 | NEET Counselling","Get complete details about MBBS admission at Government Medical College, Krishnagiri in Krishnagiri, Tamil Nadu. Check 2026 cutoff marks, fee structure, ranking, infrastructure, seat matrix, and admission process. Government NMC approved college.","Government Medical College, Krishnagiri"
https://neetcounselors.com/colleges/government-medical-college-latur,200,"MBBS at Government Medical College, Latur, Latur - Fees, Cutoff, Ranking 2026 | NEET Counselling","Get complete details about MBBS admission at Government Medical College, Latur in Latur, Maharashtra. Check 2026 cutoff marks, fee structure, ranking, infrastructure, seat matrix, and admission process. Government NMC approved college.","Government Medical College, Latur"
https://neetcounselors.com/colleges/government-medical-college-mahabubabad,200,"MBBS at Government Medical College, Mahabubabad, Mahabubabad - Fees, Cutoff, Ranking 2026 | NEET Counselling","Get complete details about MBBS admission at Government Medical College, Mahabubabad in Mahabubabad, Telangana. Check 2026 cutoff marks, fee structure, ranking, infrastructure, seat matrix, and admission process. Government NMC approved college.","Government Medical College, Mahabubabad"
https://neetcounselors.com/colleges/government-medical-college-mumbai,200,"MBBS at Government Medical College, Mumbai, Mumbai - Fees, Cutoff, Ranking 2026 | NEET Counselling","Get complete details about MBBS admission at Government Medical College, Mumbai in Mumbai, Maharashtra. Check 2026 cutoff marks, fee structure, ranking, infrastructure, seat matrix, and admission process. Government NMC approved college.","Government Medical College, Mumbai"
https://neetcounselors.com/colleges/government-medical-college-korba,200,"MBBS at Government Medical College, Korba, Korba - Fees, Cutoff, Ranking 2026 | NEET Counselling","Get complete details about MBBS admission at Government Medical College, Korba in Korba, Chhattisgarh. Check 2026 cutoff marks, fee structure, ranking, infrastructure, seat matrix, and admission process. Government NMC approved college.","Government Medical College, Korba"
https://neetcounselors.com/colleges/government-medical-college-miraj,200,"MBBS at Government Medical College, Miraj, Miraj - Fees, Cutoff, Ranking 2026 | NEET Counselling","Get complete details about MBBS admission at Government Medical College, Miraj in Miraj, Maharashtra. Check 2026 cutoff marks, fee structure, ranking, infrastructure, seat matrix, and admission process. Government NMC approved college.","Government Medical College, Miraj"
https://neetcounselors.com/colleges/government-medical-college-maheshwaram,200,"MBBS at Government Medical College, Maheshwaram, Maheshwaram - Fees, Cutoff, Ranking 2026 | NEET Counselling","Get complete details about MBBS admission at Government Medical College, Maheshwaram in Maheshwaram, Telangana. Check 2026 cutoff marks, fee structure, ranking, infrastructure, seat matrix, and admission process. Government NMC approved college.","Government Medical College, Maheshwaram"
https://neetcounselors.com/colleges/government-medical-college-mancherial,200,"MBBS at Government Medical College, Mancherial, Mancherial - Fees, Cutoff, Ranking 2026 | NEET Counselling","Get complete details about MBBS admission at Government Medical College, Mancherial in Mancherial, Telangana. Check 2026 cutoff marks, fee structure, ranking, infrastructure, seat matrix, and admission process. Government NMC approved college.","Government Medical College, Mancherial"
https://neetcounselors.com/colleges/government-medical-college-mahabubangar,200,"MBBS at Government Medical College, Mahabubangar, Mahabubangar - Fees, Cutoff, Ranking 2026 | NEET Counselling","Get complete details about MBBS admission at Government Medical College, Mahabubangar in Mahabubangar, Telangana. Check 2026 cutoff marks, fee structure, ranking, infrastructure, seat matrix, and admission process. Government NMC approved college.","Government Medical College, Mahabubangar"
https://neetcounselors.com/colleges/government-medical-college-medak,200,"MBBS at Government Medical College, Medak, Medak - Fees, Cutoff, Ranking 2026 | NEET Counselling","Get complete details about MBBS admission at Government Medical College, Medak in Medak, Telangana. Check 2026 cutoff marks, fee structure, ranking, infrastructure, seat matrix, and admission process. Government NMC approved college.","Government Medical College, Medak"
https://neetcounselors.com/colleges/government-medical-college-jhunjhunu,200,"MBBS at Government Medical College, Jhunjhunu, Jhunjhunu - Fees, Cutoff, Ranking 2026 | NEET Counselling","Get complete details about MBBS admission at Government Medical College, Jhunjhunu in Jhunjhunu, Rajasthan. Check 2026 cutoff marks, fee structure, ranking, infrastructure, seat matrix, and admission process. Government NMC approved college.","Government Medical College, Jhunjhunu"
https://neetcounselors.com/colleges/government-medical-college-konni,200,"MBBS at Government Medical College, Konni, Konni - Fees, Cutoff, Ranking 2026 | NEET Counselling","Get complete details about MBBS admission at Government Medical College, Konni in Konni, Kerala. Check 2026 cutoff marks, fee structure, ranking, infrastructure, seat matrix, and admission process. Government NMC approved college.","Government Medical College, Konni"
https://neetcounselors.com/colleges/government-medical-college-jaisalmer,200,"MBBS at Government Medical College, Jaisalmer, Jaisalmer - Fees, Cutoff, Ranking 2026 | NEET Counselling","Get complete details about MBBS admission at Government Medical College, Jaisalmer in Jaisalmer, Rajasthan. Check 2026 cutoff marks, fee structure, ranking, infrastructure, seat matrix, and admission process. Government NMC approved college.","Government Medical College, Jaisalmer"
https://neetcounselors.com/colleges/government-medical-college-jagtial,200,"MBBS at Government Medical College, Jagtial, Jagtial - Fees, Cutoff, Ranking 2026 | NEET Counselling","Get complete details about MBBS admission at Government Medical College, Jagtial in Jagtial, Telangana. Check 2026 cutoff marks, fee structure, ranking, infrastructure, seat matrix, and admission process. Government NMC approved college.","Government Medical College, Jagtial"
https://neetcounselors.com/colleges/government-medical-college-jalna,200,"MBBS at Government Medical College, Jalna, Jalna - Fees, Cutoff, Ranking 2026 | NEET Counselling","Get complete details about MBBS admission at Government Medical College, Jalna in Jalna, Maharashtra. Check 2026 cutoff marks, fee structure, ranking, infrastructure, seat matrix, and admission process. Government NMC approved college.","Government Medical College, Jalna"
https://neetcounselors.com/colleges/government-medical-college-kallakurichi,200,"MBBS at Government Medical College, Kallakurichi, Kallakurichi - Fees, Cutoff, Ranking 2026 | NEET Counselling","Get complete details about MBBS admission at Government Medical College, Kallakurichi in Kallakurichi, Tamil Nadu. Check 2026 cutoff marks, fee structure, ranking, infrastructure, seat matrix, and admission process. Government NMC approved college.","Government Medical College, Kallakurichi"
https://neetcounselors.com/colleges/government-medical-college-kodangal,200,"MBBS at Government Medical College, Kodangal, Kodangal - Fees, Cutoff, Ranking 2026 | NEET Counselling","Get complete details about MBBS admission at Government Medical College, Kodangal in Kodangal, Telangana. Check 2026 cutoff marks, fee structure, ranking, infrastructure, seat matrix, and admission process. Government NMC approved college.","Government Medical College, Kodangal"
https://neetcounselors.com/colleges/government-medical-college-kathua,200,"MBBS at Government Medical College, Kathua, Kathua - Fees, Cutoff, Ranking 2026 | NEET Counselling","Get complete details about MBBS admission at Government Medical College, Kathua in Kathua, Jammu and Kashmir. Check 2026 cutoff marks, fee structure, ranking, infrastructure, seat matrix, and admission process. Government NMC approved college.","Government Medical College, Kathua"
https://neetcounselors.com/colleges/government-medical-college-khammam,200,"MBBS at Government Medical College, Khammam, Khammam - Fees, Cutoff, Ranking 2026 | NEET Counselling","Get complete details about MBBS admission at Government Medical College, Khammam in Khammam, Telangana. Check 2026 cutoff marks, fee structure, ranking, infrastructure, seat matrix, and admission process. Government NMC approved college.","Government Medical College, Khammam"
https://neetcounselors.com/colleges/government-medical-college-kasaragod,200,"MBBS at Government Medical College, Kasaragod, Kasaragod - Fees, Cutoff, Ranking 2026 | NEET Counselling","Get complete details about MBBS admission at Government Medical College, Kasaragod in Kasaragod, Kerala. Check 2026 cutoff marks, fee structure, ranking, infrastructure, seat matrix, and admission process. Government NMC approved college.","Government Medical College, Kasaragod"
https://neetcounselors.com/colleges/government-medical-college-kanker,200,"MBBS at Government Medical College, Kanker, Kanker - Fees, Cutoff, Ranking 2026 | NEET Counselling","Get complete details about MBBS admission at Government Medical College, Kanker in Kanker, Chhattisgarh. Check 2026 cutoff marks, fee structure, ranking, infrastructure, seat matrix, and admission process. Government NMC approved college.","Government Medical College, Kanker"
https://neetcounselors.com/colleges/autonomous-state-medical-college-kanpur-dehat,200,"MBBS at Autonomous State Medical College, Kanpur Dehat, Kanpur Dehat - Fees, Cutoff, Ranking 2026 | NEET Counselling","Get complete details about MBBS admission at Autonomous State Medical College, Kanpur Dehat in Kanpur Dehat, Uttar Pradesh. Check 2026 cutoff marks, fee structure, ranking, infrastructure, seat matrix, and admission process. Government NMC approved college.","Autonomous State Medical College, Kanpur Dehat"
https://neetcounselors.com/colleges/autonomous-state-medical-college-ghazipur,200,"MBBS at Autonomous State Medical College, Ghazipur, Ghazipur - Fees, Cutoff, Ranking 2026 | NEET Counselling","Get complete details about MBBS admission at Autonomous State Medical College, Ghazipur in Ghazipur, Uttar Pradesh. Check 2026 cutoff marks, fee structure, ranking, infrastructure, seat matrix, and admission process. Government NMC approved college.","Autonomous State Medical College, Ghazipur"
https://neetcounselors.com/colleges/autonomous-state-medical-college-gonda,200,"MBBS at Autonomous State Medical College, Gonda, Gonda - Fees, Cutoff, Ranking 2026 | NEET Counselling","Get complete details about MBBS admission at Autonomous State Medical College, Gonda in Gonda, Uttar Pradesh. Check 2026 cutoff marks, fee structure, ranking, infrastructure, seat matrix, and admission process. Government NMC approved college.","Autonomous State Medical College, Gonda"
https://neetcounselors.com/colleges/autonomous-state-medical-college-fatehpur,200,"MBBS at Autonomous State Medical College, Fatehpur, Fatehpur - Fees, Cutoff, Ranking 2026 | NEET Counselling","Get complete details about MBBS admission at Autonomous State Medical College, Fatehpur in Fatehpur, Uttar Pradesh. Check 2026 cutoff marks, fee structure, ranking, infrastructure, seat matrix, and admission process. Government NMC approved college.","Autonomous State Medical College, Fatehpur"
https://neetcounselors.com/colleges/autonomous-state-medical-college-pilibhit,200,"MBBS at Autonomous State Medical College, Pilibhit, Pilibhit - Fees, Cutoff, Ranking 2026 | NEET Counselling","Get complete details about MBBS admission at Autonomous State Medical College, Pilibhit in Pilibhit, Uttar Pradesh. Check 2026 cutoff marks, fee structure, ranking, infrastructure, seat matrix, and admission process. Government NMC approved college.","Autonomous State Medical College, Pilibhit"
https://neetcounselors.com/colleges/autonomous-state-medical-college-lalitpur,200,"MBBS at Autonomous State Medical College, Lalitpur, Lalitpur - Fees, Cutoff, Ranking 2026 | NEET Counselling","Get complete details about MBBS admission at Autonomous State Medical College, Lalitpur in Lalitpur, Uttar Pradesh. Check 2026 cutoff marks, fee structure, ranking, infrastructure, seat matrix, and admission process. Government NMC approved college.","Autonomous State Medical College, Lalitpur"
https://neetcounselors.com/colleges/autonomous-state-medical-college-lakhimpur-kheri,200,"MBBS at Autonomous State Medical College, Lakhimpur Kheri, Lakhimpur Kheri - Fees, Cutoff, Ranking 2026 | NEET Counselling","Get complete details about MBBS admission at Autonomous State Medical College, Lakhimpur Kheri in Lakhimpur Kheri, Uttar Pradesh. Check 2026 cutoff marks, fee structure, ranking, infrastructure, seat matrix, and admission process. Government NMC approved college.","Autonomous State Medical College, Lakhimpur Kheri"
https://neetcounselors.com/colleges/autonomous-state-medical-college-kaushambi,200,"MBBS at Autonomous State Medical College, Kaushambi, Kaushambi - Fees, Cutoff, Ranking 2026 | NEET Counselling","Get complete details about MBBS admission at Autonomous State Medical College, Kaushambi in Kaushambi, Uttar Pradesh. Check 2026 cutoff marks, fee structure, ranking, infrastructure, seat matrix, and admission process. Government NMC approved college.","Autonomous State Medical College, Kaushambi"
https://neetcounselors.com/colleges/autonomous-state-medical-college-kushinagar,200,"MBBS at Autonomous State Medical College, Kushinagar, Kushinagar - Fees, Cutoff, Ranking 2026 | NEET Counselling","Get complete details about MBBS admission at Autonomous State Medical College, Kushinagar in Kushinagar, Uttar Pradesh. Check 2026 cutoff marks, fee structure, ranking, infrastructure, seat matrix, and admission process. Government NMC approved college.","Autonomous State Medical College, Kushinagar"
https://neetcounselors.com/colleges/atal-bihari-vajpayee-government-medical-college-vidisha,200,"MBBS at Atal Bihari Vajpayee Government Medical College, Vidisha, Vidisha - Fees, Cutoff, Ranking 2026 | NEET Counselling","Get complete details about MBBS admission at Atal Bihari Vajpayee Government Medical College, Vidisha in Vidisha, Madhya Pradesh. Check 2026 cutoff marks, fee structure, ranking, infrastructure, seat matrix, and admission process. Government NMC approved college.","Atal Bihari Vajpayee Government Medical College, Vidisha"
https://neetcounselors.com/colleges/autonomous-state-medical-college-etah,200,"MBBS at Autonomous State Medical College, Etah, Etah - Fees, Cutoff, Ranking 2026 | NEET Counselling","Get complete details about MBBS admission at Autonomous State Medical College, Etah in Etah, Uttar Pradesh. Check 2026 cutoff marks, fee structure, ranking, infrastructure, seat matrix, and admission process. Government NMC approved college.","Autonomous State Medical College, Etah"
https://neetcounselors.com/colleges/anugrah-narayan-magadh-medical-college-gaya,200,"MBBS at Anugrah Narayan Magadh Medical College, Gaya, Gaya - Fees, Cutoff, Ranking 2026 | NEET Counselling","Get complete details about MBBS, BDS admission at Anugrah Narayan Magadh Medical College, Gaya in Gaya, Bihar. Check 2026 cutoff marks, fee structure, ranking, infrastructure, seat matrix, and admission process. Government NMC approved college.","Anugrah Narayan Magadh Medical College, Gaya"
https://neetcounselors.com/colleges/autonomous-state-medical-college-amethi,200,"MBBS at Autonomous State Medical College, Amethi, Amethi - Fees, Cutoff, Ranking 2026 | NEET Counselling","Get complete details about MBBS admission at Autonomous State Medical College, Amethi in Amethi, Uttar Pradesh. Check 2026 cutoff marks, fee structure, ranking, infrastructure, seat matrix, and admission process. Government NMC approved college.","Autonomous State Medical College, Amethi"
https://neetcounselors.com/colleges/assam-medical-college-dibrugarh,200,"MBBS at Assam Medical College, Dibrugarh, Dibrugarh - Fees, Cutoff, Ranking 2026 | NEET Counselling","Get complete details about MBBS admission at Assam Medical College, Dibrugarh in Dibrugarh, Assam. Check 2026 cutoff marks, fee structure, ranking, infrastructure, seat matrix, and admission process. Government NMC approved college.","Assam Medical College, Dibrugarh"
https://neetcounselors.com/colleges/autonomous-state-medical-college-society-mirzapur,200,"MBBS at Autonomous State Medical College Society, Mirzapur, Mirzapur - Fees, Cutoff, Ranking 2026 | NEET Counselling","Get complete details about MBBS admission at Autonomous State Medical College Society, Mirzapur in Mirzapur, Uttar Pradesh. Check 2026 cutoff marks, fee structure, ranking, infrastructure, seat matrix, and admission process. Government NMC approved college.","Autonomous State Medical College Society, Mirzapur"
https://neetcounselors.com/colleges/autonomous-state-medical-college-society-hardoi,200,"MBBS at Autonomous State Medical College Society, Hardoi, Hardoi - Fees, Cutoff, Ranking 2026 | NEET Counselling","Get complete details about MBBS admission at Autonomous State Medical College Society, Hardoi in Hardoi, Uttar Pradesh. Check 2026 cutoff marks, fee structure, ranking, infrastructure, seat matrix, and admission process. Government NMC approved college.","Autonomous State Medical College Society, Hardoi"
https://neetcounselors.com/colleges/bhaarath-medical-college-and-hospital-chennai,200,"MBBS at Bhaarath Medical College and Hospital, Chennai, Chennai - Fees, Cutoff, Ranking 2026 | NEET Counselling","Get complete details about MBBS admission at Bhaarath Medical College and Hospital, Chennai in Chennai, Tamil Nadu. Check 2026 cutoff marks, fee structure, ranking, infrastructure, seat matrix, and admission process. Government NMC approved college.","Bhaarath Medical College and Hospital, Chennai"
https://neetcounselors.com/colleges/atal-bihari-vajpayee-institute-of-medical-sciences-dr-rml-hospital-new-delhi,200,"MBBS at Atal Bihari Vajpayee Institute of Medical Sciences & DR RML Hospital, New Delhi, New Delhi - Fees, Cutoff, Ranking 2026 | NEET Counselling","Get complete details about MBBS admission at Atal Bihari Vajpayee Institute of Medical Sciences & DR RML Hospital, New Delhi in New Delhi, Delhi. Check 2026 cutoff marks, fee structure, ranking, infrastructure, seat matrix, and admission process. Government NMC approved college.","Atal Bihari Vajpayee Institute of Medical Sciences & DR RML Hospital, New Delhi"
https://neetcounselors.com/colleges/barasat-government-medical-college-hospital,200,"MBBS at Barasat Government Medical College & Hospital, West Bengal - Fees, Cutoff, Ranking 2026 | NEET Counselling","Get complete details about MBBS admission at Barasat Government Medical College & Hospital in West Bengal, West Bengal. Check 2026 cutoff marks, fee structure, ranking, infrastructure, seat matrix, and admission process. Government NMC approved college.",Barasat Government Medical College & Hospital
https://neetcounselors.com/colleges/belgaum-inst-of-medical-sci-belgaum,200,"MBBS at Belgaum Inst. of Medical Sci., Belgaum, Belgaum - Fees, Cutoff, Ranking 2026 | NEET Counselling","Get complete details about MBBS admission at Belgaum Inst. of Medical Sci., Belgaum in Belgaum, Karnataka. Check 2026 cutoff marks, fee structure, ranking, infrastructure, seat matrix, and admission process. Government NMC approved college.","Belgaum Inst. of Medical Sci., Belgaum"
https://neetcounselors.com/colleges/bankura-sammilani-medical-college-bankura,200,"MBBS at Bankura Sammilani Medical College, Bankura, Bankura - Fees, Cutoff, Ranking 2026 | NEET Counselling","Get complete details about MBBS admission at Bankura Sammilani Medical College, Bankura in Bankura, West Bengal. Check 2026 cutoff marks, fee structure, ranking, infrastructure, seat matrix, and admission process. Government NMC approved college.","Bankura Sammilani Medical College, Bankura"
https://neetcounselors.com/colleges/bharati-vidyapeeth-du-medical-college-pune,200,"MBBS at Bharati Vidyapeeth DU Medical College, Pune, Pune - Fees, Cutoff, Ranking 2026 | NEET Counselling","Get complete details about MBBS admission at Bharati Vidyapeeth DU Medical College, Pune in Pune, Maharashtra. Check 2026 cutoff marks, fee structure, ranking, infrastructure, seat matrix, and admission process. Government NMC approved college.","Bharati Vidyapeeth DU Medical College, Pune"
https://neetcounselors.com/colleges/bharati-vidyapeeth-du-dental-college-and-hospt-pune,200,"BDS at Bharati Vidyapeeth DU Dental College and Hospt., Pune, Pune - Fees, Cutoff, Ranking 2026 | NEET Counselling","Get complete details about BDS admission at Bharati Vidyapeeth DU Dental College and Hospt., Pune in Pune, Maharashtra. Check 2026 cutoff marks, fee structure, ranking, infrastructure, seat matrix, and admission process. Government NMC approved college.","Bharati Vidyapeeth DU Dental College and Hospt., Pune"
https://neetcounselors.com/colleges/bhima-bhoi-medical-college-and-hospital-balangir,200,"MBBS at Bhima Bhoi Medical College and Hospital, Balangir, Balangir - Fees, Cutoff, Ranking 2026 | NEET Counselling","Get complete details about MBBS, BDS admission at Bhima Bhoi Medical College and Hospital, Balangir in Balangir, Odisha. Check 2026 cutoff marks, fee structure, ranking, infrastructure, seat matrix, and admission process. Government NMC approved college.","Bhima Bhoi Medical College and Hospital, Balangir"
https://neetcounselors.com/colleges/bidar-institute-of-medical-sci-bidar,200,"MBBS at Bidar Institute of Medical Sci., Bidar, Bidar - Fees, Cutoff, Ranking 2026 | NEET Counselling","Get complete details about MBBS admission at Bidar Institute of Medical Sci., Bidar in Bidar, Karnataka. Check 2026 cutoff marks, fee structure, ranking, infrastructure, seat matrix, and admission process. Government NMC approved college.","Bidar Institute of Medical Sci., Bidar"
https://neetcounselors.com/colleges/bangalore-medical-college-and-research-institute,200,"MBBS at Bangalore Medical College and Research Institute, Karnataka - Fees, Cutoff, Ranking 2026 | NEET Counselling","Get complete details about MBBS admission at Bangalore Medical College and Research Institute in Karnataka, Karnataka. Check 2026 cutoff marks, fee structure, ranking, infrastructure, seat matrix, and admission process. Government NMC approved college.",Bangalore Medical College and Research Institute
https://neetcounselors.com/colleges/autonomous-state-medical-college-siddharthnagar,200,"MBBS at Autonomous State Medical College, Siddharthnagar, Siddharthnagar - Fees, Cutoff, Ranking 2026 | NEET Counselling","Get complete details about MBBS admission at Autonomous State Medical College, Siddharthnagar in Siddharthnagar, Uttar Pradesh. Check 2026 cutoff marks, fee structure, ranking, infrastructure, seat matrix, and admission process. Government NMC approved college.","Autonomous State Medical College, Siddharthnagar"
https://neetcounselors.com/colleges/autonomous-state-medical-college-pratapgarh,200,"MBBS at Autonomous State Medical College, Pratapgarh, Pratapgarh - Fees, Cutoff, Ranking 2026 | NEET Counselling","Get complete details about MBBS admission at Autonomous State Medical College, Pratapgarh in Pratapgarh, Uttar Pradesh. Check 2026 cutoff marks, fee structure, ranking, infrastructure, seat matrix, and admission process. Government NMC approved college.","Autonomous State Medical College, Pratapgarh"
https://neetcounselors.com/colleges/autonomous-state-medical-college-sultanpur,200,"MBBS at Autonomous State Medical College, Sultanpur, Sultanpur - Fees, Cutoff, Ranking 2026 | NEET Counselling","Get complete details about MBBS admission at Autonomous State Medical College, Sultanpur in Sultanpur, Uttar Pradesh. Check 2026 cutoff marks, fee structure, ranking, infrastructure, seat matrix, and admission process. Government NMC approved college.","Autonomous State Medical College, Sultanpur"
https://neetcounselors.com/colleges/autonomous-state-medical-college-sonebhadra,200,"MBBS at Autonomous State Medical College, Sonebhadra, Sonebhadra - Fees, Cutoff, Ranking 2026 | NEET Counselling","Get complete details about MBBS admission at Autonomous State Medical College, Sonebhadra in Sonebhadra, Uttar Pradesh. Check 2026 cutoff marks, fee structure, ranking, infrastructure, seat matrix, and admission process. Government NMC approved college.","Autonomous State Medical College, Sonebhadra"
https://neetcounselors.com/colleges/autonomous-state-medical-college-sehud-auraiya,200,"MBBS at Autonomous State Medical College, Sehud, Auraiya, Sehud, Auraiya - Fees, Cutoff, Ranking 2026 | NEET Counselling","Get complete details about MBBS admission at Autonomous State Medical College, Sehud, Auraiya in Sehud, Auraiya, Uttar Pradesh. Check 2026 cutoff marks, fee structure, ranking, infrastructure, seat matrix, and admission process. Government NMC approved college.","Autonomous State Medical College, Sehud, Auraiya"
https://neetcounselors.com/colleges/b-r-d-medical-college-gorakhpur,200,"MBBS at B.R.D. Medical College, Gorakhpur, Gorakhpur - Fees, Cutoff, Ranking 2026 | NEET Counselling","Get complete details about MBBS admission at B.R.D. Medical College, Gorakhpur in Gorakhpur, Uttar Pradesh. Check 2026 cutoff marks, fee structure, ranking, infrastructure, seat matrix, and admission process. Government NMC approved college.","B.R.D. Medical College, Gorakhpur"
https://neetcounselors.com/colleges/baba-kinaram-autonomous-state-medical-college-chandauli,200,"MBBS at Baba Kinaram Autonomous State Medical College, Chandauli, Chandauli - Fees, Cutoff, Ranking 2026 | NEET Counselling","Get complete details about MBBS admission at Baba Kinaram Autonomous State Medical College, Chandauli in Chandauli, Uttar Pradesh. Check 2026 cutoff marks, fee structure, ranking, infrastructure, seat matrix, and admission process. Government NMC approved college.","Baba Kinaram Autonomous State Medical College, Chandauli"
https://neetcounselors.com/colleges/b-j-medical-college-ahmedabad,200,"MBBS at B.J. Medical College, Ahmedabad, Ahmedabad - Fees, Cutoff, Ranking 2026 | NEET Counselling","Get complete details about MBBS admission at B.J. Medical College, Ahmedabad in Ahmedabad, Gujarat. Check 2026 cutoff marks, fee structure, ranking, infrastructure, seat matrix, and admission process. Government NMC approved college.","B.J. Medical College, Ahmedabad"
https://neetcounselors.com/colleges/b-l-d-e-university-bijapur,200,"MBBS at B.L.D.E University, Bijapur, Bijapur - Fees, Cutoff, Ranking 2026 | NEET Counselling","Get complete details about MBBS admission at B.L.D.E University, Bijapur in Bijapur, Karnataka. Check 2026 cutoff marks, fee structure, ranking, infrastructure, seat matrix, and admission process. Government NMC approved college.","B.L.D.E University, Bijapur"
https://neetcounselors.com/colleges/b-j-government-medical-college-pune,200,"MBBS at B.J. Government Medical College, Pune, Pune - Fees, Cutoff, Ranking 2026 | NEET Counselling","Get complete details about MBBS admission at B.J. Government Medical College, Pune in Pune, Maharashtra. Check 2026 cutoff marks, fee structure, ranking, infrastructure, seat matrix, and admission process. Government NMC approved college.","B.J. Government Medical College, Pune"
https://neetcounselors.com/colleges/andhra-medical-college-visakhapatnam,200,"MBBS at Andhra Medical College, Visakhapatnam, Visakhapatnam - Fees, Cutoff, Ranking 2026 | NEET Counselling","Get complete details about MBBS admission at Andhra Medical College, Visakhapatnam in Visakhapatnam, Andhra Pradesh. Check 2026 cutoff marks, fee structure, ranking, infrastructure, seat matrix, and admission process. Government NMC approved college.","Andhra Medical College, Visakhapatnam"
https://neetcounselors.com/colleges/aiims-gorakhpur,200,"MBBS at AIIMS Gorakhpur, Uttar Pradesh - Fees, Cutoff, Ranking 2026 | NEET Counselling","Get complete details about MBBS admission at AIIMS Gorakhpur in Uttar Pradesh, Uttar Pradesh. Check 2026 cutoff marks, fee structure, ranking, infrastructure, seat matrix, and admission process. Government NMC approved college.",AIIMS Gorakhpur
https://neetcounselors.com/colleges/aiims-guwahati,200,"MBBS at AIIMS Guwahati, Assam - Fees, Cutoff, Ranking 2026 | NEET Counselling","Get complete details about MBBS admission at AIIMS Guwahati in Assam, Assam. Check 2026 cutoff marks, fee structure, ranking, infrastructure, seat matrix, and admission process. Government NMC approved college.",AIIMS Guwahati
https://neetcounselors.com/colleges/aiims-bilaspur,200,"MBBS at AIIMS Bilaspur, Himachal Pradesh - Fees, Cutoff, Ranking 2026 | NEET Counselling","Get complete details about MBBS admission at AIIMS Bilaspur in Himachal Pradesh, Himachal Pradesh. Check 2026 cutoff marks, fee structure, ranking, infrastructure, seat matrix, and admission process. Government NMC approved college.",AIIMS Bilaspur
https://neetcounselors.com/colleges/aiims-bibi-nagar-hyderabad,200,"MBBS at AIIMS Bibi Nagar, Hyderabad, Hyderabad - Fees, Cutoff, Ranking 2026 | NEET Counselling","Get complete details about MBBS admission at AIIMS Bibi Nagar, Hyderabad in Hyderabad, Telangana. Check 2026 cutoff marks, fee structure, ranking, infrastructure, seat matrix, and admission process. Government NMC approved college.","AIIMS Bibi Nagar, Hyderabad"
https://neetcounselors.com/colleges/aiims-deogarh,200,"MBBS at AIIMS Deogarh, Jharkhand - Fees, Cutoff, Ranking 2026 | NEET Counselling","Get complete details about MBBS admission at AIIMS Deogarh in Jharkhand, Jharkhand. Check 2026 cutoff marks, fee structure, ranking, infrastructure, seat matrix, and admission process. Government NMC approved college.",AIIMS Deogarh
https://neetcounselors.com/colleges/acs-medical-college-and-hospital-chennai,200,"MBBS at ACS Medical College and Hospital, Chennai, Chennai - Fees, Cutoff, Ranking 2026 | NEET Counselling","Get complete details about MBBS admission at ACS Medical College and Hospital, Chennai in Chennai, Tamil Nadu. Check 2026 cutoff marks, fee structure, ranking, infrastructure, seat matrix, and admission process. Government NMC approved college.","ACS Medical College and Hospital, Chennai"
https://neetcounselors.com/colleges/acsr-govt-medical-college-nellore,200,"MBBS at ACSR Govt Medical College, Nellore, Nellore - Fees, Cutoff, Ranking 2026 | NEET Counselling","Get complete details about MBBS admission at ACSR Govt Medical College, Nellore in Nellore, Andhra Pradesh. Check 2026 cutoff marks, fee structure, ranking, infrastructure, seat matrix, and admission process. Government NMC approved college.","ACSR Govt Medical College, Nellore"
https://neetcounselors.com/colleges/agartala-govt-dental-college,200,"MBBS at AGARTALA GOVT. DENTAL COLLEGE, Tripura - Fees, Cutoff, Ranking 2026 | NEET Counselling","Get complete details about BDS, MBBS admission at AGARTALA GOVT. DENTAL COLLEGE in Tripura, Tripura. Check 2026 cutoff marks, fee structure, ranking, infrastructure, seat matrix, and admission process. Government NMC approved college.",AGARTALA GOVT. DENTAL COLLEGE
https://neetcounselors.com/colleges/ab-shetty-memorial-inst-of-dental-sce-mangaluru,200,"MBBS at AB Shetty Memorial Inst. of Dental Sce., Mangaluru, Mangaluru - Fees, Cutoff, Ranking 2026 | NEET Counselling","Get complete details about BDS, MBBS admission at AB Shetty Memorial Inst. of Dental Sce., Mangaluru in Mangaluru, Karnataka. Check 2026 cutoff marks, fee structure, ranking, infrastructure, seat matrix, and admission process. Government NMC approved college.","AB Shetty Memorial Inst. of Dental Sce., Mangaluru"
https://neetcounselors.com/colleges/aiims-bhubaneswar,200,"MBBS at AIIMS Bhubaneswar, Odisha - Fees, Cutoff, Ranking 2026 | NEET Counselling","Get complete details about MBBS admission at AIIMS Bhubaneswar in Odisha, Odisha. Check 2026 cutoff marks, fee structure, ranking, infrastructure, seat matrix, and admission process. Government NMC approved college.",AIIMS Bhubaneswar
https://neetcounselors.com/colleges/aiims-bathinda,200,"MBBS at AIIMS Bathinda, Punjab - Fees, Cutoff, Ranking 2026 | NEET Counselling","Get complete details about MBBS admission at AIIMS Bathinda in Punjab, Punjab. Check 2026 cutoff marks, fee structure, ranking, infrastructure, seat matrix, and admission process. Government NMC approved college.",AIIMS Bathinda
https://neetcounselors.com/colleges/aiims-bhopal,200,"MBBS at AIIMS Bhopal, Madhya Pradesh - Fees, Cutoff, Ranking 2026 | NEET Counselling","Get complete details about MBBS admission at AIIMS Bhopal in Madhya Pradesh, Madhya Pradesh. Check 2026 cutoff marks, fee structure, ranking, infrastructure, seat matrix, and admission process. Government NMC approved college.",AIIMS Bhopal
https://neetcounselors.com/colleges/aiims-raipur,200,"MBBS at AIIMS Raipur, Chhattisgarh - Fees, Cutoff, Ranking 2026 | NEET Counselling","Get complete details about MBBS admission at AIIMS Raipur in Chhattisgarh, Chhattisgarh. Check 2026 cutoff marks, fee structure, ranking, infrastructure, seat matrix, and admission process. Government NMC approved college.",AIIMS Raipur
https://neetcounselors.com/colleges/aiims-jammu,200,"MBBS at AIIMS Jammu, Jammu and Kashmir - Fees, Cutoff, Ranking 2026 | NEET Counselling","Get complete details about MBBS admission at AIIMS Jammu in Jammu and Kashmir, Jammu and Kashmir. Check 2026 cutoff marks, fee structure, ranking, infrastructure, seat matrix, and admission process. Government NMC approved college.",AIIMS Jammu
https://neetcounselors.com/colleges/agartala-govt-medical-college-agartala,200,"MBBS at AGARTALA GOVT. MEDICAL COLLEGE, AGARTALA, AGARTALA - Fees, Cutoff, Ranking 2026 | NEET Counselling","Get complete details about MBBS admission at AGARTALA GOVT. MEDICAL COLLEGE, AGARTALA in AGARTALA, Tripura. Check 2026 cutoff marks, fee structure, ranking, infrastructure, seat matrix, and admission process. Government NMC approved college.","AGARTALA GOVT. MEDICAL COLLEGE, AGARTALA"
https://neetcounselors.com/colleges/aiims-rai-bareli,200,"MBBS at AIIMS Rai Bareli, Uttar Pradesh - Fees, Cutoff, Ranking 2026 | NEET Counselling","Get complete details about MBBS admission at AIIMS Rai Bareli in Uttar Pradesh, Uttar Pradesh. Check 2026 cutoff marks, fee structure, ranking, infrastructure, seat matrix, and admission process. Government NMC approved college.",AIIMS Rai Bareli
https://neetcounselors.com/colleges/aiims-rajkot,200,"MBBS at AIIMS Rajkot, Gujarat - Fees, Cutoff, Ranking 2026 | NEET Counselling","Get complete details about MBBS admission at AIIMS Rajkot in Gujarat, Gujarat. Check 2026 cutoff marks, fee structure, ranking, infrastructure, seat matrix, and admission process. Government NMC approved college.",AIIMS Rajkot
https://neetcounselors.com/colleges/andaman-and-nicobar-islands-institute-of-medical-sciences,200,"MBBS at Andaman and Nicobar Islands Institute of Medical Sciences, Andaman and Nicobar Islands - Fees, Cutoff, Ranking 2026 | NEET Counselling","Get complete details about MBBS admission at Andaman and Nicobar Islands Institute of Medical Sciences in Andaman and Nicobar Islands, Andaman and Nicobar Islands. Check 2026 cutoff marks, fee structure, ranking, infrastructure, seat matrix, and admission process. Government NMC approved college.",Andaman and Nicobar Islands Institute of Medical Sciences
https://neetcounselors.com/colleges/amrita-school-of-medicine-faridabad,200,"MBBS at Amrita School of Medicine, Faridabad, Faridabad - Fees, Cutoff, Ranking 2026 | NEET Counselling","Get complete details about MBBS admission at Amrita School of Medicine, Faridabad in Faridabad, Haryana. Check 2026 cutoff marks, fee structure, ranking, infrastructure, seat matrix, and admission process. Government NMC approved college.","Amrita School of Medicine, Faridabad"
https://neetcounselors.com/colleges/amrita-school-of-dentistry-kochi,200,"BDS at Amrita School of Dentistry, Kochi, Kochi - Fees, Cutoff, Ranking 2026 | NEET Counselling","Get complete details about BDS admission at Amrita School of Dentistry, Kochi in Kochi, Kerala. Check 2026 cutoff marks, fee structure, ranking, infrastructure, seat matrix, and admission process. Government NMC approved college.","Amrita School of Dentistry, Kochi"
https://neetcounselors.com/colleges/aiims-rishikesh,200,"MBBS at AIIMS Rishikesh, Uttarakhand - Fees, Cutoff, Ranking 2026 | NEET Counselling","Get complete details about MBBS admission at AIIMS Rishikesh in Uttarakhand, Uttarakhand. Check 2026 cutoff marks, fee structure, ranking, infrastructure, seat matrix, and admission process. Government NMC approved college.",AIIMS Rishikesh
https://neetcounselors.com/colleges/amrita-institute-of-medical-science-kochi,200,"MBBS at Amrita Institute of Medical Science, Kochi, Kochi - Fees, Cutoff, Ranking 2026 | NEET Counselling","Get complete details about MBBS admission at Amrita Institute of Medical Science, Kochi in Kochi, Kerala. Check 2026 cutoff marks, fee structure, ranking, infrastructure, seat matrix, and admission process. Government NMC approved college.","Amrita Institute of Medical Science, Kochi"
https://neetcounselors.com/colleges/aiims-madurai,200,"MBBS at AIIMS Madurai, Tamil Nadu - Fees, Cutoff, Ranking 2026 | NEET Counselling","Get complete details about MBBS admission at AIIMS Madurai in Tamil Nadu, Tamil Nadu. Check 2026 cutoff marks, fee structure, ranking, infrastructure, seat matrix, and admission process. Government NMC approved college.",AIIMS Madurai
https://neetcounselors.com/colleges/aiims-kalyani,200,"MBBS at AIIMS Kalyani, West Bengal - Fees, Cutoff, Ranking 2026 | NEET Counselling","Get complete details about MBBS admission at AIIMS Kalyani in West Bengal, West Bengal. Check 2026 cutoff marks, fee structure, ranking, infrastructure, seat matrix, and admission process. Government NMC approved college.",AIIMS Kalyani
https://neetcounselors.com/colleges/aiims-jodhpur,200,"MBBS at AIIMS Jodhpur, Rajasthan - Fees, Cutoff, Ranking 2026 | NEET Counselling","Get complete details about MBBS admission at AIIMS Jodhpur in Rajasthan, Rajasthan. Check 2026 cutoff marks, fee structure, ranking, infrastructure, seat matrix, and admission process. Government NMC approved college.",AIIMS Jodhpur
https://neetcounselors.com/colleges/aiims-patna,200,"MBBS at AIIMS Patna, Bihar - Fees, Cutoff, Ranking 2026 | NEET Counselling","Get complete details about MBBS admission at AIIMS Patna in Bihar, Bihar. Check 2026 cutoff marks, fee structure, ranking, infrastructure, seat matrix, and admission process. Government NMC approved college.",AIIMS Patna
https://neetcounselors.com/colleges/aiims-nagpur,200,"MBBS at AIIMS Nagpur, Maharashtra - Fees, Cutoff, Ranking 2026 | NEET Counselling","Get complete details about MBBS admission at AIIMS Nagpur in Maharashtra, Maharashtra. Check 2026 cutoff marks, fee structure, ranking, infrastructure, seat matrix, and admission process. Government NMC approved college.",AIIMS Nagpur
https://neetcounselors.com/colleges/aiims-new-delhi,200,"MBBS at AIIMS New Delhi, Delhi - Fees, Cutoff, Ranking 2026 | NEET Counselling","Get complete details about MBBS admission at AIIMS New Delhi in Delhi, Delhi. Check 2026 cutoff marks, fee structure, ranking, infrastructure, seat matrix, and admission process. Government NMC approved college.",AIIMS New Delhi
https://neetcounselors.com/colleges/aiims-mangalagiri,200,"MBBS at AIIMS Mangalagiri, Andhra Pradesh - Fees, Cutoff, Ranking 2026 | NEET Counselling","Get complete details about MBBS admission at AIIMS Mangalagiri in Andhra Pradesh, Andhra Pradesh. Check 2026 cutoff marks, fee structure, ranking, infrastructure, seat matrix, and admission process. Government NMC approved college.",AIIMS Mangalagiri
https://neetcounselors.com/colleges/dr-s-c-govt-medical-college-nanded,200,"MBBS at Dr.S.C.Govt Medical College, Nanded, Nanded - Fees, Cutoff, Ranking 2026 | NEET Counselling","Get complete details about MBBS admission at Dr.S.C.Govt Medical College, Nanded in Nanded, Maharashtra. Check 2026 cutoff marks, fee structure, ranking, infrastructure, seat matrix, and admission process. Government NMC approved college.","Dr.S.C.Govt Medical College, Nanded"
https://neetcounselors.com/colleges/dr-rajendra-prasad-mc-tanda,200,"MBBS at Dr.Rajendra Prasad MC, Tanda, Tanda - Fees, Cutoff, Ranking 2026 | NEET Counselling","Get complete details about MBBS admission at Dr.Rajendra Prasad MC, Tanda in Tanda, Himachal Pradesh. Check 2026 cutoff marks, fee structure, ranking, infrastructure, seat matrix, and admission process. Government NMC approved college.","Dr.Rajendra Prasad MC, Tanda"
https://neetcounselors.com/colleges/dr-s-n-medical-college-jodhpur,200,"MBBS at Dr.S.N. Medical College, Jodhpur, Jodhpur - Fees, Cutoff, Ranking 2026 | NEET Counselling","Get complete details about MBBS, BDS admission at Dr.S.N. Medical College, Jodhpur in Jodhpur, Rajasthan. Check 2026 cutoff marks, fee structure, ranking, infrastructure, seat matrix, and admission process. Government NMC approved college.","Dr.S.N. Medical College, Jodhpur"
https://neetcounselors.com/colleges/dr-radhakrishnan-government-medical-college-hamirpur,200,"MBBS at Dr.Radhakrishnan Government Medical College, Hamirpur, Hamirpur - Fees, Cutoff, Ranking 2026 | NEET Counselling","Get complete details about MBBS admission at Dr.Radhakrishnan Government Medical College, Hamirpur in Hamirpur, Himachal Pradesh. Check 2026 cutoff marks, fee structure, ranking, infrastructure, seat matrix, and admission process. Government NMC approved college.","Dr.Radhakrishnan Government Medical College, Hamirpur"
https://neetcounselors.com/colleges/esic-college-of-nursing-indiranagar,200,"Nursing at ESIC College of Nursing, Indiranagar, Indiranagar - Fees, Cutoff, Ranking 2026 | NEET Counselling","Get complete details about Nursing admission at ESIC College of Nursing, Indiranagar in Indiranagar, Karnataka. Check 2026 cutoff marks, fee structure, ranking, infrastructure, seat matrix, and admission process. Government NMC approved college.","ESIC College of Nursing, Indiranagar"
https://neetcounselors.com/colleges/bps-govt-med-college-sonepat,200,"MBBS at BPS Govt. Med. College, Sonepat, Sonepat - Fees, Cutoff, Ranking 2026 | NEET Counselling","Get complete details about MBBS admission at BPS Govt. Med. College, Sonepat in Sonepat, Haryana. Check 2026 cutoff marks, fee structure, ranking, infrastructure, seat matrix, and admission process. Government NMC approved college.","BPS Govt. Med. College, Sonepat"
https://neetcounselors.com/colleges/esic-college-of-nursing-gulbarga,200,"Nursing at ESIC College of Nursing, Gulbarga, Gulbarga - Fees, Cutoff, Ranking 2026 | NEET Counselling","Get complete details about Nursing admission at ESIC College of Nursing, Gulbarga in Gulbarga, Karnataka. Check 2026 cutoff marks, fee structure, ranking, infrastructure, seat matrix, and admission process. Government NMC approved college.","ESIC College of Nursing, Gulbarga"
https://neetcounselors.com/colleges/employees-state-insurance-corporation-medical-college-alwar,200,"MBBS at Employees State Insurance Corporation Medical College, Alwar, Alwar - Fees, Cutoff, Ranking 2026 | NEET Counselling","Get complete details about MBBS admission at Employees State Insurance Corporation Medical College, Alwar in Alwar, Rajasthan. Check 2026 cutoff marks, fee structure, ranking, infrastructure, seat matrix, and admission process. Government NMC approved college.","Employees State Insurance Corporation Medical College, Alwar"
https://neetcounselors.com/colleges/dy-patil-university-school-of-medicine,200,"MBBS at DY Patil University School of Medicine, Maharashtra - Fees, Cutoff, Ranking 2026 | NEET Counselling","Get complete details about MBBS admission at DY Patil University School of Medicine in Maharashtra, Maharashtra. Check 2026 cutoff marks, fee structure, ranking, infrastructure, seat matrix, and admission process. Government NMC approved college.",DY Patil University School of Medicine
https://neetcounselors.com/colleges/dr-dy-patil-medical-college-navi-mumbai,200,"MBBS at Dr. DY Patil Medical College, Navi Mumbai, Navi Mumbai - Fees, Cutoff, Ranking 2026 | NEET Counselling","Get complete details about MBBS admission at Dr. DY Patil Medical College, Navi Mumbai in Navi Mumbai, Maharashtra. Check 2026 cutoff marks, fee structure, ranking, infrastructure, seat matrix, and admission process. Government NMC approved college.","Dr. DY Patil Medical College, Navi Mumbai"
https://neetcounselors.com/colleges/dr-dy-patil-medical-college-and-hospt-pune,200,"MBBS at Dr. DY Patil Medical College and Hospt., Pune, Pune - Fees, Cutoff, Ranking 2026 | NEET Counselling","Get complete details about MBBS, BDS admission at Dr. DY Patil Medical College and Hospt., Pune in Pune, Maharashtra. Check 2026 cutoff marks, fee structure, ranking, infrastructure, seat matrix, and admission process. Government NMC approved college.","Dr. DY Patil Medical College and Hospt., Pune"
https://neetcounselors.com/colleges/dr-ziauddin-ahmed-dental-college-and-hospital-aligarh,200,"MBBS at Dr. Ziauddin Ahmed Dental College and Hospital, Aligarh, Aligarh - Fees, Cutoff, Ranking 2026 | NEET Counselling","Get complete details about BDS, MBBS admission at Dr. Ziauddin Ahmed Dental College and Hospital, Aligarh in Aligarh, Uttar Pradesh. Check 2026 cutoff marks, fee structure, ranking, infrastructure, seat matrix, and admission process. Government NMC approved college.","Dr. Ziauddin Ahmed Dental College and Hospital, Aligarh"
https://neetcounselors.com/colleges/dr-ys-parmar-govt-medical-college-nahan,200,"MBBS at Dr. YS Parmar Govt. Medical College, Nahan, Nahan - Fees, Cutoff, Ranking 2026 | NEET Counselling","Get complete details about MBBS admission at Dr. YS Parmar Govt. Medical College, Nahan in Nahan, Himachal Pradesh. Check 2026 cutoff marks, fee structure, ranking, infrastructure, seat matrix, and admission process. Government NMC approved college.","Dr. YS Parmar Govt. Medical College, Nahan"
https://neetcounselors.com/colleges/dr-dy-patil-dental-college-and-hosp-pune,200,"MBBS at Dr. DY Patil Dental College and Hosp. Pune, Maharashtra - Fees, Cutoff, Ranking 2026 | NEET Counselling","Get complete details about BDS, MBBS admission at Dr. DY Patil Dental College and Hosp. Pune in Maharashtra, Maharashtra. Check 2026 cutoff marks, fee structure, ranking, infrastructure, seat matrix, and admission process. Government NMC approved college.",Dr. DY Patil Dental College and Hosp. Pune
https://neetcounselors.com/colleges/dr-vaishampayam-memorial-m-c-sholapur,200,"MBBS at Dr. Vaishampayam Memorial M.C., Sholapur, Sholapur - Fees, Cutoff, Ranking 2026 | NEET Counselling","Get complete details about MBBS admission at Dr. Vaishampayam Memorial M.C., Sholapur in Sholapur, Maharashtra. Check 2026 cutoff marks, fee structure, ranking, infrastructure, seat matrix, and admission process. Government NMC approved college.","Dr. Vaishampayam Memorial M.C., Sholapur"
https://neetcounselors.com/colleges/esic-medical-college-and-hospital-basaidarapur,200,"MBBS at ESIC Medical College and Hospital, Basaidarapur, Basaidarapur - Fees, Cutoff, Ranking 2026 | NEET Counselling","Get complete details about MBBS admission at ESIC Medical College and Hospital, Basaidarapur in Basaidarapur, Delhi. Check 2026 cutoff marks, fee structure, ranking, infrastructure, seat matrix, and admission process. Government NMC approved college.","ESIC Medical College and Hospital, Basaidarapur"
https://neetcounselors.com/colleges/dr-dyp-edu-soc-deemed-uni-kolhapur,200,"MBBS at Dr. DYP Edu. Soc. Deemed Uni., Kolhapur, Kolhapur - Fees, Cutoff, Ranking 2026 | NEET Counselling","Get complete details about MBBS admission at Dr. DYP Edu. Soc. Deemed Uni., Kolhapur in Kolhapur, Maharashtra. Check 2026 cutoff marks, fee structure, ranking, infrastructure, seat matrix, and admission process. Government NMC approved college.","Dr. DYP Edu. Soc. Deemed Uni., Kolhapur"
https://neetcounselors.com/colleges/esic-medical-college-and-hospital-ludhiana,200,"MBBS at ESIC Medical College and Hospital, Ludhiana, Ludhiana - Fees, Cutoff, Ranking 2026 | NEET Counselling","Get complete details about MBBS admission at ESIC Medical College and Hospital, Ludhiana in Ludhiana, Punjab. Check 2026 cutoff marks, fee structure, ranking, infrastructure, seat matrix, and admission process. Government NMC approved college.","ESIC Medical College and Hospital, Ludhiana"
https://neetcounselors.com/colleges/dr-r-ahmed-dent-coll-hosp-kolkata,200,"MBBS at Dr. R. Ahmed Dent.Coll & Hosp, Kolkata, Kolkata - Fees, Cutoff, Ranking 2026 | NEET Counselling","Get complete details about BDS, MBBS admission at Dr. R. Ahmed Dent.Coll & Hosp, Kolkata in Kolkata, West Bengal. Check 2026 cutoff marks, fee structure, ranking, infrastructure, seat matrix, and admission process. Government NMC approved college.","Dr. R. Ahmed Dent.Coll & Hosp, Kolkata"
https://neetcounselors.com/colleges/esic-medical-college-hospital-andheri,200,"MBBS at ESIC Medical College & Hospital, Andheri, Andheri - Fees, Cutoff, Ranking 2026 | NEET Counselling","Get complete details about MBBS admission at ESIC Medical College & Hospital, Andheri in Andheri, Maharashtra. Check 2026 cutoff marks, fee structure, ranking, infrastructure, seat matrix, and admission process. Government NMC approved college.","ESIC Medical College & Hospital, Andheri"
https://neetcounselors.com/colleges/esic-medical-college-faridabad,200,"MBBS at ESIC Medical College, Faridabad, Faridabad - Fees, Cutoff, Ranking 2026 | NEET Counselling","Get complete details about MBBS admission at ESIC Medical College, Faridabad in Faridabad, Haryana. Check 2026 cutoff marks, fee structure, ranking, infrastructure, seat matrix, and admission process. Government NMC approved college.","ESIC Medical College, Faridabad"
https://neetcounselors.com/colleges/esic-medical-college-naroda,200,"MBBS at ESIC Medical College Naroda, Gujarat - Fees, Cutoff, Ranking 2026 | NEET Counselling","Get complete details about MBBS admission at ESIC Medical College Naroda in Gujarat, Gujarat. Check 2026 cutoff marks, fee structure, ranking, infrastructure, seat matrix, and admission process. Government NMC approved college.",ESIC Medical College Naroda
https://neetcounselors.com/colleges/esic-medical-college-and-pgimsr-chennai,200,"MBBS at ESIC Medical College and PGIMSR, Chennai, Chennai - Fees, Cutoff, Ranking 2026 | NEET Counselling","Get complete details about MBBS admission at ESIC Medical College and PGIMSR, Chennai in Chennai, Tamil Nadu. Check 2026 cutoff marks, fee structure, ranking, infrastructure, seat matrix, and admission process. Government NMC approved college.","ESIC Medical College and PGIMSR, Chennai"
https://neetcounselors.com/colleges/esic-medical-college-and-hospital-noida,200,"MBBS at ESIC Medical College and Hospital, Noida, Noida - Fees, Cutoff, Ranking 2026 | NEET Counselling","Get complete details about MBBS admission at ESIC Medical College and Hospital, Noida in Noida, Uttar Pradesh. Check 2026 cutoff marks, fee structure, ranking, infrastructure, seat matrix, and admission process. Government NMC approved college.","ESIC Medical College and Hospital, Noida"
https://neetcounselors.com/colleges/esic-dental-college-gulbarga,200,"BDS at ESIC Dental College, Gulbarga, Gulbarga - Fees, Cutoff, Ranking 2026 | NEET Counselling","Get complete details about BDS admission at ESIC Dental College, Gulbarga in Gulbarga, Karnataka. Check 2026 cutoff marks, fee structure, ranking, infrastructure, seat matrix, and admission process. Government NMC approved college.","ESIC Dental College, Gulbarga"
https://neetcounselors.com/colleges/esic-dental-college-and-hospital,200,"BDS at ESIC Dental College and Hospital, Delhi - Fees, Cutoff, Ranking 2026 | NEET Counselling","Get complete details about BDS admission at ESIC Dental College and Hospital in Delhi, Delhi. Check 2026 cutoff marks, fee structure, ranking, infrastructure, seat matrix, and admission process. Government NMC approved college.",ESIC Dental College and Hospital
https://neetcounselors.com/colleges/esic-medical-college-and-hospital-varanasi,200,"MBBS at ESIC Medical College and Hospital Varanasi, Uttar Pradesh - Fees, Cutoff, Ranking 2026 | NEET Counselling","Get complete details about MBBS admission at ESIC Medical College and Hospital Varanasi in Uttar Pradesh, Uttar Pradesh. Check 2026 cutoff marks, fee structure, ranking, infrastructure, seat matrix, and admission process. Government NMC approved college.",ESIC Medical College and Hospital Varanasi
https://neetcounselors.com/colleges/esic-medical-college-hospital-bihta,200,"MBBS at ESIC Medical College & Hospital, Bihta, Bihta - Fees, Cutoff, Ranking 2026 | NEET Counselling","Get complete details about MBBS admission at ESIC Medical College & Hospital, Bihta in Bihta, Bihar. Check 2026 cutoff marks, fee structure, ranking, infrastructure, seat matrix, and admission process. Government NMC approved college.","ESIC Medical College & Hospital, Bihta"
https://neetcounselors.com/colleges/esic-medical-college-hospital-jaipur,200,"MBBS at ESIC Medical College & Hospital, Jaipur, Jaipur - Fees, Cutoff, Ranking 2026 | NEET Counselling","Get complete details about MBBS admission at ESIC Medical College & Hospital, Jaipur in Jaipur, Rajasthan. Check 2026 cutoff marks, fee structure, ranking, infrastructure, seat matrix, and admission process. Government NMC approved college.","ESIC Medical College & Hospital, Jaipur"
https://neetcounselors.com/colleges/dr-dy-patil-dental-college-and-hosp-navi-mumbai,200,"BDS at Dr. DY Patil Dental College and Hosp. Navi Mumbai, Maharashtra - Fees, Cutoff, Ranking 2026 | NEET Counselling","Get complete details about BDS admission at Dr. DY Patil Dental College and Hosp. Navi Mumbai in Maharashtra, Maharashtra. Check 2026 cutoff marks, fee structure, ranking, infrastructure, seat matrix, and admission process. Government NMC approved college.",Dr. DY Patil Dental College and Hosp. Navi Mumbai
https://neetcounselors.com/colleges/chhindwara-institute-of-medical-sciences,200,"MBBS at Chhindwara Institute of Medical Sciences, Madhya Pradesh - Fees, Cutoff, Ranking 2026 | NEET Counselling","Get complete details about MBBS admission at Chhindwara Institute of Medical Sciences in Madhya Pradesh, Madhya Pradesh. Check 2026 cutoff marks, fee structure, ranking, infrastructure, seat matrix, and admission process. Government NMC approved college.",Chhindwara Institute of Medical Sciences
https://neetcounselors.com/colleges/esic-medical-college-hospital-beltola,200,"MBBS at ESIC Medical College & Hospital, Beltola, Beltola - Fees, Cutoff, Ranking 2026 | NEET Counselling","Get complete details about MBBS admission at ESIC Medical College & Hospital, Beltola in Beltola, Assam. Check 2026 cutoff marks, fee structure, ranking, infrastructure, seat matrix, and admission process. Government NMC approved college.","ESIC Medical College & Hospital, Beltola"
https://neetcounselors.com/colleges/chhattisgarh-institute-of-medical-sciences-bilaspur,200,"MBBS at Chhattisgarh Institute of Medical Sciences, Bilaspur, Bilaspur - Fees, Cutoff, Ranking 2026 | NEET Counselling","Get complete details about MBBS admission at Chhattisgarh Institute of Medical Sciences, Bilaspur in Bilaspur, Chhattisgarh. Check 2026 cutoff marks, fee structure, ranking, infrastructure, seat matrix, and admission process. Government NMC approved college.","Chhattisgarh Institute of Medical Sciences, Bilaspur"
https://neetcounselors.com/colleges/chettinad-hos-and-res-inst-kancheepuram,200,"MBBS at Chettinad Hos. and Res. Inst., Kancheepuram, Kancheepuram - Fees, Cutoff, Ranking 2026 | NEET Counselling","Get complete details about MBBS admission at Chettinad Hos. and Res. Inst., Kancheepuram in Kancheepuram, Tamil Nadu. Check 2026 cutoff marks, fee structure, ranking, infrastructure, seat matrix, and admission process. Government NMC approved college.","Chettinad Hos. and Res. Inst., Kancheepuram"
https://neetcounselors.com/colleges/chengalpattu-medical-coll-chengalpattu,200,"MBBS at Chengalpattu Medical Coll, Chengalpattu, Chengalpattu - Fees, Cutoff, Ranking 2026 | NEET Counselling","Get complete details about MBBS admission at Chengalpattu Medical Coll, Chengalpattu in Chengalpattu, Tamil Nadu. Check 2026 cutoff marks, fee structure, ranking, infrastructure, seat matrix, and admission process. Government NMC approved college.","Chengalpattu Medical Coll, Chengalpattu"
https://neetcounselors.com/colleges/college-government-medical-college-alwar,200,"MBBS at College Government Medical College Alwar, Rajasthan - Fees, Cutoff, Ranking 2026 | NEET Counselling","Get complete details about MBBS admission at College Government Medical College Alwar in Rajasthan, Rajasthan. Check 2026 cutoff marks, fee structure, ranking, infrastructure, seat matrix, and admission process. Government NMC approved college.",College Government Medical College Alwar
https://neetcounselors.com/colleges/coimbatore-medical-college-coimbatore,200,"MBBS at Coimbatore Medical College, Coimbatore, Coimbatore - Fees, Cutoff, Ranking 2026 | NEET Counselling","Get complete details about MBBS admission at Coimbatore Medical College, Coimbatore in Coimbatore, Tamil Nadu. Check 2026 cutoff marks, fee structure, ranking, infrastructure, seat matrix, and admission process. Government NMC approved college.","Coimbatore Medical College, Coimbatore"
https://neetcounselors.com/colleges/chitradurga-medical-college-and-research-institute,200,"MBBS at Chitradurga Medical College and Research Institute, Karnataka - Fees, Cutoff, Ranking 2026 | NEET Counselling","Get complete details about MBBS admission at Chitradurga Medical College and Research Institute in Karnataka, Karnataka. Check 2026 cutoff marks, fee structure, ranking, infrastructure, seat matrix, and admission process. Government NMC approved college.",Chitradurga Medical College and Research Institute
https://neetcounselors.com/colleges/chikkamagaluru-institute-of-medical-sciences,200,"MBBS at Chikkamagaluru Institute of Medical Sciences, Karnataka - Fees, Cutoff, Ranking 2026 | NEET Counselling","Get complete details about MBBS admission at Chikkamagaluru Institute of Medical Sciences in Karnataka, Karnataka. Check 2026 cutoff marks, fee structure, ranking, infrastructure, seat matrix, and admission process. Government NMC approved college.",Chikkamagaluru Institute of Medical Sciences
https://neetcounselors.com/colleges/chandulal-chandrakar-memorial-government-medical-college-durg,200,"MBBS at Chandulal Chandrakar Memorial Government Medical College, Durg, Durg - Fees, Cutoff, Ranking 2026 | NEET Counselling","Get complete details about MBBS admission at Chandulal Chandrakar Memorial Government Medical College, Durg in Durg, Chhattisgarh. Check 2026 cutoff marks, fee structure, ranking, infrastructure, seat matrix, and admission process. Government NMC approved college.","Chandulal Chandrakar Memorial Government Medical College, Durg"
https://neetcounselors.com/colleges/bundelkhand-medical-college-sagar,200,"MBBS at Bundelkhand Medical College, Sagar, Sagar - Fees, Cutoff, Ranking 2026 | NEET Counselling","Get complete details about MBBS admission at Bundelkhand Medical College, Sagar in Sagar, Madhya Pradesh. Check 2026 cutoff marks, fee structure, ranking, infrastructure, seat matrix, and admission process. Government NMC approved college.","Bundelkhand Medical College, Sagar"
https://neetcounselors.com/colleges/chikkaballapura-institute-of-medical-sciences,200,"MBBS at Chikkaballapura Institute of Medical Sciences, Karnataka - Fees, Cutoff, Ranking 2026 | NEET Counselling","Get complete details about MBBS admission at Chikkaballapura Institute of Medical Sciences in Karnataka, Karnataka. Check 2026 cutoff marks, fee structure, ranking, infrastructure, seat matrix, and admission process. Government NMC approved college.",Chikkaballapura Institute of Medical Sciences
https://neetcounselors.com/colleges/burdwan-medical-college-burdwan,200,"MBBS at Burdwan Medical College, Burdwan, Burdwan - Fees, Cutoff, Ranking 2026 | NEET Counselling","Get complete details about MBBS admission at Burdwan Medical College, Burdwan in Burdwan, West Bengal. Check 2026 cutoff marks, fee structure, ranking, infrastructure, seat matrix, and admission process. Government NMC approved college.","Burdwan Medical College, Burdwan"
https://neetcounselors.com/colleges/burdwan-dental-college-hospital-burdwan,200,"MBBS at Burdwan Dental College & Hospital, Burdwan, Burdwan - Fees, Cutoff, Ranking 2026 | NEET Counselling","Get complete details about BDS, MBBS admission at Burdwan Dental College & Hospital, Burdwan in Burdwan, West Bengal. Check 2026 cutoff marks, fee structure, ranking, infrastructure, seat matrix, and admission process. Government NMC approved college.","Burdwan Dental College & Hospital, Burdwan"
https://neetcounselors.com/colleges/bvdu-dental-college-and-hospital-navi-mumbai,200,"BDS at BVDU Dental College and Hospital, Navi Mumbai, Navi Mumbai - Fees, Cutoff, Ranking 2026 | NEET Counselling","Get complete details about BDS admission at BVDU Dental College and Hospital, Navi Mumbai in Navi Mumbai, Maharashtra. Check 2026 cutoff marks, fee structure, ranking, infrastructure, seat matrix, and admission process. Government NMC approved college.","BVDU Dental College and Hospital, Navi Mumbai"
https://neetcounselors.com/colleges/c-institute-of-medical-sciences-chamarajanagar,200,"MBBS at C. Institute of Medical Sciences, Chamarajanagar, Chamarajanagar - Fees, Cutoff, Ranking 2026 | NEET Counselling","Get complete details about MBBS admission at C. Institute of Medical Sciences, Chamarajanagar in Chamarajanagar, Karnataka. Check 2026 cutoff marks, fee structure, ranking, infrastructure, seat matrix, and admission process. Government NMC approved college.","C. Institute of Medical Sciences, Chamarajanagar"
https://neetcounselors.com/colleges/bv-deemed-uni-med-college-and-hos-sangli,200,"MBBS at BV Deemed Uni. Med. College and Hos., Sangli, Sangli - Fees, Cutoff, Ranking 2026 | NEET Counselling","Get complete details about MBBS, BDS admission at BV Deemed Uni. Med. College and Hos., Sangli in Sangli, Maharashtra. Check 2026 cutoff marks, fee structure, ranking, infrastructure, seat matrix, and admission process. Government NMC approved college.","BV Deemed Uni. Med. College and Hos., Sangli"
https://neetcounselors.com/colleges/calcutta-national-med-coll-kolkata,200,"MBBS at Calcutta National Med Coll, Kolkata, Kolkata - Fees, Cutoff, Ranking 2026 | NEET Counselling","Get complete details about MBBS admission at Calcutta National Med Coll, Kolkata in Kolkata, West Bengal. Check 2026 cutoff marks, fee structure, ranking, infrastructure, seat matrix, and admission process. Government NMC approved college.","Calcutta National Med Coll, Kolkata"
https://neetcounselors.com/colleges/bvdu-dental-college-and-hospital-sangli,200,"BDS at BVDU Dental College and Hospital, Sangli, Sangli - Fees, Cutoff, Ranking 2026 | NEET Counselling","Get complete details about BDS admission at BVDU Dental College and Hospital, Sangli in Sangli, Maharashtra. Check 2026 cutoff marks, fee structure, ranking, infrastructure, seat matrix, and admission process. Government NMC approved college.","BVDU Dental College and Hospital, Sangli"
https://neetcounselors.com/colleges/dc-rims-imphal,200,"BDS at DC, RIMS, Imphal, RIMS, Imphal - Fees, Cutoff, Ranking 2026 | NEET Counselling","Get complete details about BDS admission at DC, RIMS, Imphal in RIMS, Imphal, Manipur. Check 2026 cutoff marks, fee structure, ranking, infrastructure, seat matrix, and admission process. Government NMC approved college.","DC, RIMS, Imphal"
https://neetcounselors.com/colleges/deben-mahata-government-medical-college-hospital,200,"MBBS at Deben Mahata Government Medical College & Hospital, West Bengal - Fees, Cutoff, Ranking 2026 | NEET Counselling","Get complete details about MBBS admission at Deben Mahata Government Medical College & Hospital in West Bengal, West Bengal. Check 2026 cutoff marks, fee structure, ranking, infrastructure, seat matrix, and admission process. Government NMC approved college.",Deben Mahata Government Medical College & Hospital
https://neetcounselors.com/colleges/college-of-medicine-and-jnm-hospital-kalyani,200,"MBBS at College of Medicine and JNM Hospital, Kalyani, Kalyani - Fees, Cutoff, Ranking 2026 | NEET Counselling","Get complete details about MBBS admission at College of Medicine and JNM Hospital, Kalyani in Kalyani, West Bengal. Check 2026 cutoff marks, fee structure, ranking, infrastructure, seat matrix, and admission process. Government NMC approved college.","College of Medicine and JNM Hospital, Kalyani"
https://neetcounselors.com/colleges/dr-b-s-a-medical-college,200,"MBBS at Dr. B.S.A. Medical College, Delhi - Fees, Cutoff, Ranking 2026 | NEET Counselling","Get complete details about MBBS admission at Dr. B.S.A. Medical College in Delhi, Delhi. Check 2026 cutoff marks, fee structure, ranking, infrastructure, seat matrix, and admission process. Government NMC approved college.",Dr. B.S.A. Medical College
https://neetcounselors.com/colleges/dental-institue-rims-ranchi,200,"BDS at Dental Institue, RIMS, Ranchi, RIMS, Ranchi - Fees, Cutoff, Ranking 2026 | NEET Counselling","Get complete details about BDS admission at Dental Institue, RIMS, Ranchi in RIMS, Ranchi, Jharkhand. Check 2026 cutoff marks, fee structure, ranking, infrastructure, seat matrix, and admission process. Government NMC approved college.","Dental Institue, RIMS, Ranchi"
https://neetcounselors.com/colleges/dr-ram-manohar-lohia-inst-of-med-sce-lucknow,200,"MBBS at Dr Ram Manohar Lohia Inst. of Med. Sce., Lucknow, Lucknow - Fees, Cutoff, Ranking 2026 | NEET Counselling","Get complete details about MBBS admission at Dr Ram Manohar Lohia Inst. of Med. Sce., Lucknow in Lucknow, Uttar Pradesh. Check 2026 cutoff marks, fee structure, ranking, infrastructure, seat matrix, and admission process. Government NMC approved college.","Dr Ram Manohar Lohia Inst. of Med. Sce., Lucknow"
https://neetcounselors.com/colleges/diphu-medical-college-hospital,200,"MBBS at Diphu Medical College & Hospital, Assam - Fees, Cutoff, Ranking 2026 | NEET Counselling","Get complete details about MBBS admission at Diphu Medical College & Hospital in Assam, Assam. Check 2026 cutoff marks, fee structure, ranking, infrastructure, seat matrix, and admission process. Government NMC approved college.",Diphu Medical College & Hospital
https://neetcounselors.com/colleges/diamond-harbour-govt-medical-college,200,"MBBS at Diamond Harbour Govt Medical College, West Bengal - Fees, Cutoff, Ranking 2026 | NEET Counselling","Get complete details about MBBS admission at Diamond Harbour Govt Medical College in West Bengal, West Bengal. Check 2026 cutoff marks, fee structure, ranking, infrastructure, seat matrix, and admission process. Government NMC approved college.",Diamond Harbour Govt Medical College
https://neetcounselors.com/colleges/dr-b-r-ambedkar-state-institute-of-medical-sciences,200,"MBBS at Dr. B.R. Ambedkar State Institute of Medical Sciences, Punjab - Fees, Cutoff, Ranking 2026 | NEET Counselling","Get complete details about MBBS admission at Dr. B.R. Ambedkar State Institute of Medical Sciences in Punjab, Punjab. Check 2026 cutoff marks, fee structure, ranking, infrastructure, seat matrix, and admission process. Government NMC approved college.",Dr. B.R. Ambedkar State Institute of Medical Sciences
https://neetcounselors.com/colleges/dhubri-medical-college,200,"MBBS at Dhubri Medical College, Assam - Fees, Cutoff, Ranking 2026 | NEET Counselling","Get complete details about MBBS admission at Dhubri Medical College in Assam, Assam. Check 2026 cutoff marks, fee structure, ranking, infrastructure, seat matrix, and admission process. Government NMC approved college.",Dhubri Medical College
https://neetcounselors.com/colleges/datta-meghe-medical-college,200,"MBBS at Datta Meghe Medical College, Maharashtra - Fees, Cutoff, Ranking 2026 | NEET Counselling","Get complete details about MBBS admission at Datta Meghe Medical College in Maharashtra, Maharashtra. Check 2026 cutoff marks, fee structure, ranking, infrastructure, seat matrix, and admission process. Government NMC approved college.",Datta Meghe Medical College
https://neetcounselors.com/colleges/college-of-nursing-dr-rml-hospital-new-delhi,200,"Nursing at College of Nursing Dr. RML Hospital, New Delhi, New Delhi - Fees, Cutoff, Ranking 2026 | NEET Counselling","Get complete details about Nursing admission at College of Nursing Dr. RML Hospital, New Delhi in New Delhi, Delhi. Check 2026 cutoff marks, fee structure, ranking, infrastructure, seat matrix, and admission process. Government NMC approved college.","College of Nursing Dr. RML Hospital, New Delhi"
https://neetcounselors.com/colleges/college-of-nursing-bhu-varanasi,200,"Nursing at College of Nursing BHU, Varanasi, Varanasi - Fees, Cutoff, Ranking 2026 | NEET Counselling","Get complete details about Nursing admission at College of Nursing BHU, Varanasi in Varanasi, Uttar Pradesh. Check 2026 cutoff marks, fee structure, ranking, infrastructure, seat matrix, and admission process. Government NMC approved college.","College of Nursing BHU, Varanasi"
https://neetcounselors.com/colleges/college-of-nursing-ahilya-bai-college-of-nursing,200,"Nursing at College of Nursing Ahilya Bai College of Nursing, Delhi - Fees, Cutoff, Ranking 2026 | NEET Counselling","Get complete details about Nursing admission at College of Nursing Ahilya Bai College of Nursing in Delhi, Delhi. Check 2026 cutoff marks, fee structure, ranking, infrastructure, seat matrix, and admission process. Government NMC approved college.",College of Nursing Ahilya Bai College of Nursing
https://neetcounselors.com/colleges/darbhanga-medical-college-laheriasarai,200,"MBBS at Darbhanga Medical College, Laheriasarai, Laheriasarai - Fees, Cutoff, Ranking 2026 | NEET Counselling","Get complete details about MBBS admission at Darbhanga Medical College, Laheriasarai in Laheriasarai, Bihar. Check 2026 cutoff marks, fee structure, ranking, infrastructure, seat matrix, and admission process. Government NMC approved college.","Darbhanga Medical College, Laheriasarai"
https://neetcounselors.com/colleges/college-of-nursing-florence-nightingale-con-new-delhi,200,"Nursing at College of Nursing Florence Nightingale CON, New Delhi, New Delhi - Fees, Cutoff, Ranking 2026 | NEET Counselling","Get complete details about Nursing admission at College of Nursing Florence Nightingale CON, New Delhi in New Delhi, Delhi. Check 2026 cutoff marks, fee structure, ranking, infrastructure, seat matrix, and admission process. Government NMC approved college.","College of Nursing Florence Nightingale CON, New Delhi"
https://neetcounselors.com/colleges/college-of-nursing-safdarjung-hospital-new-delhi,200,"Nursing at College of Nursing Safdarjung Hospital, New Delhi, New Delhi - Fees, Cutoff, Ranking 2026 | NEET Counselling","Get complete details about Nursing admission at College of Nursing Safdarjung Hospital, New Delhi in New Delhi, Delhi. Check 2026 cutoff marks, fee structure, ranking, infrastructure, seat matrix, and admission process. Government NMC approved college.","College of Nursing Safdarjung Hospital, New Delhi"
https://neetcounselors.com/colleges/college-of-nursing-rak-con-new-delhi,200,"Nursing at College of Nursing RAK CON, New Delhi, New Delhi - Fees, Cutoff, Ranking 2026 | NEET Counselling","Get complete details about Nursing admission at College of Nursing RAK CON, New Delhi in New Delhi, Delhi. Check 2026 cutoff marks, fee structure, ranking, infrastructure, seat matrix, and admission process. Government NMC approved college.","College of Nursing RAK CON, New Delhi"
https://neetcounselors.com/colleges/college-of-nursing-lhmc-new-delhi,200,"Nursing at College of Nursing LHMC, New Delhi, New Delhi - Fees, Cutoff, Ranking 2026 | NEET Counselling","Get complete details about Nursing admission at College of Nursing LHMC, New Delhi in New Delhi, Delhi. Check 2026 cutoff marks, fee structure, ranking, infrastructure, seat matrix, and admission process. Government NMC approved college.","College of Nursing LHMC, New Delhi"
https://neetcounselors.com/colleges/govt-medical-college-firozabad,200,"MBBS at Govt Medical College Firozabad, Uttar Pradesh - Fees, Cutoff, Ranking 2026 | NEET Counselling","Get complete details about MBBS, BDS admission at Govt Medical College Firozabad in Uttar Pradesh, Uttar Pradesh. Check 2026 cutoff marks, fee structure, ranking, infrastructure, seat matrix, and admission process. Government NMC approved college.",Govt Medical College Firozabad
https://neetcounselors.com/colleges/rajiv-gandhi-institute-of-medical-sciences-kadapa,200,"MBBS at Rajiv Gandhi Institute of Medical Sciences, Kadapa, Kadapa - Fees, Cutoff, Ranking 2026 | NEET Counselling","Get complete details about MBBS admission at Rajiv Gandhi Institute of Medical Sciences, Kadapa in Kadapa, Andhra Pradesh. Check 2026 cutoff marks, fee structure, ranking, infrastructure, seat matrix, and admission process. Government NMC approved college.","Rajiv Gandhi Institute of Medical Sciences, Kadapa"
https://neetcounselors.com/colleges/rajarshee-chhatrapati-shahu-maharaj-government-medical-college-kolhapur,200,"MBBS at Rajarshee Chhatrapati Shahu Maharaj Government Medical College Kolhapur, Maharashtra - Fees, Cutoff, Ranking 2026 | NEET Counselling","Get complete details about MBBS admission at Rajarshee Chhatrapati Shahu Maharaj Government Medical College Kolhapur in Maharashtra, Maharashtra. Check 2026 cutoff marks, fee structure, ranking, infrastructure, seat matrix, and admission process. Government NMC approved college.",Rajarshee Chhatrapati Shahu Maharaj Government Medical College Kolhapur
https://neetcounselors.com/colleges/rangaraya-medical-college-kakinada,200,"MBBS at Rangaraya Medical College, Kakinada, Kakinada - Fees, Cutoff, Ranking 2026 | NEET Counselling","Get complete details about MBBS admission at Rangaraya Medical College, Kakinada in Kakinada, Andhra Pradesh. Check 2026 cutoff marks, fee structure, ranking, infrastructure, seat matrix, and admission process. Government NMC approved college.","Rangaraya Medical College, Kakinada"
https://neetcounselors.com/colleges/rajiv-gandhi-institute-medical-sce-of-adilabad,200,"MBBS at Rajiv Gandhi Institute Medical Sce of Adilabad, Telangana - Fees, Cutoff, Ranking 2026 | NEET Counselling","Get complete details about MBBS admission at Rajiv Gandhi Institute Medical Sce of Adilabad in Telangana, Telangana. Check 2026 cutoff marks, fee structure, ranking, infrastructure, seat matrix, and admission process. Government NMC approved college.",Rajiv Gandhi Institute Medical Sce of Adilabad
https://neetcounselors.com/colleges/rajendra-inst-of-med-sci-ranchi,200,"MBBS at Rajendra Inst. of Med. Sci., Ranchi, Ranchi - Fees, Cutoff, Ranking 2026 | NEET Counselling","Get complete details about MBBS admission at Rajendra Inst. of Med. Sci., Ranchi in Ranchi, Jharkhand. Check 2026 cutoff marks, fee structure, ranking, infrastructure, seat matrix, and admission process. Government NMC approved college.","Rajendra Inst. of Med. Sci., Ranchi"
https://neetcounselors.com/colleges/rampurhat-govt-medical-college-rampurhat,200,"MBBS at Rampurhat Govt Medical College Rampurhat, West Bengal - Fees, Cutoff, Ranking 2026 | NEET Counselling","Get complete details about MBBS admission at Rampurhat Govt Medical College Rampurhat in West Bengal, West Bengal. Check 2026 cutoff marks, fee structure, ranking, infrastructure, seat matrix, and admission process. Government NMC approved college.",Rampurhat Govt Medical College Rampurhat
https://neetcounselors.com/colleges/rajah-muthiah-medical-college,200,"MBBS at Rajah Muthiah Medical College, Tamil Nadu - Fees, Cutoff, Ranking 2026 | NEET Counselling","Get complete details about MBBS admission at Rajah Muthiah Medical College in Tamil Nadu, Tamil Nadu. Check 2026 cutoff marks, fee structure, ranking, infrastructure, seat matrix, and admission process. Government NMC approved college.",Rajah Muthiah Medical College
https://neetcounselors.com/colleges/rajiv-gandhi-medical-college-thane,200,"MBBS at Rajiv Gandhi Medical College, Thane, Thane - Fees, Cutoff, Ranking 2026 | NEET Counselling","Get complete details about MBBS admission at Rajiv Gandhi Medical College, Thane in Thane, Maharashtra. Check 2026 cutoff marks, fee structure, ranking, infrastructure, seat matrix, and admission process. Government NMC approved college.","Rajiv Gandhi Medical College, Thane"
https://neetcounselors.com/colleges/rajmata-shrimati-devendra-kumari-singhdeo-government-medical-college,200,"MBBS at Rajmata Shrimati Devendra Kumari Singhdeo Government Medical College, Chhattisgarh - Fees, Cutoff, Ranking 2026 | NEET Counselling","Get complete details about MBBS admission at Rajmata Shrimati Devendra Kumari Singhdeo Government Medical College in Chhattisgarh, Chhattisgarh. Check 2026 cutoff marks, fee structure, ranking, infrastructure, seat matrix, and admission process. Government NMC approved college.",Rajmata Shrimati Devendra Kumari Singhdeo Government Medical College
https://neetcounselors.com/colleges/rajkiya-medical-college-jalaun,200,"MBBS at Rajkiya Medical College, Jalaun, Jalaun - Fees, Cutoff, Ranking 2026 | NEET Counselling","Get complete details about MBBS admission at Rajkiya Medical College, Jalaun in Jalaun, Uttar Pradesh. Check 2026 cutoff marks, fee structure, ranking, infrastructure, seat matrix, and admission process. Government NMC approved college.","Rajkiya Medical College, Jalaun"
https://neetcounselors.com/colleges/raja-rajeswari-medical-college-bengaluru,200,"MBBS at Raja Rajeswari Medical College Bengaluru, Karnataka - Fees, Cutoff, Ranking 2026 | NEET Counselling","Get complete details about MBBS admission at Raja Rajeswari Medical College Bengaluru in Karnataka, Karnataka. Check 2026 cutoff marks, fee structure, ranking, infrastructure, seat matrix, and admission process. Government NMC approved college.",Raja Rajeswari Medical College Bengaluru
https://neetcounselors.com/colleges/r-n-t-medical-college-udaipur,200,"MBBS at R.N.T. Medical College, Udaipur, Udaipur - Fees, Cutoff, Ranking 2026 | NEET Counselling","Get complete details about MBBS admission at R.N.T. Medical College, Udaipur in Udaipur, Rajasthan. Check 2026 cutoff marks, fee structure, ranking, infrastructure, seat matrix, and admission process. Government NMC approved college.","R.N.T. Medical College, Udaipur"
https://neetcounselors.com/colleges/rajah-muthiah-dental-college-and-hos,200,"BDS at Rajah Muthiah Dental College and Hos., Tamil Nadu - Fees, Cutoff, Ranking 2026 | NEET Counselling","Get complete details about BDS admission at Rajah Muthiah Dental College and Hos. in Tamil Nadu, Tamil Nadu. Check 2026 cutoff marks, fee structure, ranking, infrastructure, seat matrix, and admission process. Government NMC approved college.",Rajah Muthiah Dental College and Hos.
https://neetcounselors.com/colleges/r-g-kar-medical-college-kolkata,200,"MBBS at R.G. Kar Medical College, Kolkata, Kolkata - Fees, Cutoff, Ranking 2026 | NEET Counselling","Get complete details about MBBS admission at R.G. Kar Medical College, Kolkata in Kolkata, West Bengal. Check 2026 cutoff marks, fee structure, ranking, infrastructure, seat matrix, and admission process. Government NMC approved college.","R.G. Kar Medical College, Kolkata"
https://neetcounselors.com/colleges/pt-raghunath-murmu-med-college-baripada,200,"MBBS at Pt. Raghunath Murmu Med. College, Baripada, Baripada - Fees, Cutoff, Ranking 2026 | NEET Counselling","Get complete details about MBBS admission at Pt. Raghunath Murmu Med. College, Baripada in Baripada, Odisha. Check 2026 cutoff marks, fee structure, ranking, infrastructure, seat matrix, and admission process. Government NMC approved college.","Pt. Raghunath Murmu Med. College, Baripada"
https://neetcounselors.com/colleges/s-s-medical-college-rewa,200,"MBBS at S.S. Medical College, Rewa, Rewa - Fees, Cutoff, Ranking 2026 | NEET Counselling","Get complete details about MBBS admission at S.S. Medical College, Rewa in Rewa, Madhya Pradesh. Check 2026 cutoff marks, fee structure, ranking, infrastructure, seat matrix, and admission process. Government NMC approved college.","S.S. Medical College, Rewa"
https://neetcounselors.com/colleges/raichur-inst-of-medical-sci-raichur,200,"MBBS at Raichur Inst. of Medical Sci., Raichur, Raichur - Fees, Cutoff, Ranking 2026 | NEET Counselling","Get complete details about MBBS admission at Raichur Inst. of Medical Sci., Raichur in Raichur, Karnataka. Check 2026 cutoff marks, fee structure, ranking, infrastructure, seat matrix, and admission process. Government NMC approved college.","Raichur Inst. of Medical Sci., Raichur"
https://neetcounselors.com/colleges/sagar-dutta-medical-college-hospital-kolkata,200,"MBBS at Sagar Dutta Medical College & Hospital, Kolkata, Kolkata - Fees, Cutoff, Ranking 2026 | NEET Counselling","Get complete details about MBBS admission at Sagar Dutta Medical College & Hospital, Kolkata in Kolkata, West Bengal. Check 2026 cutoff marks, fee structure, ranking, infrastructure, seat matrix, and admission process. Government NMC approved college.","Sagar Dutta Medical College & Hospital, Kolkata"
https://neetcounselors.com/colleges/s-n-medical-college-agra,200,"MBBS at S.N. Medical College, Agra, Agra - Fees, Cutoff, Ranking 2026 | NEET Counselling","Get complete details about MBBS admission at S.N. Medical College, Agra in Agra, Uttar Pradesh. Check 2026 cutoff marks, fee structure, ranking, infrastructure, seat matrix, and admission process. Government NMC approved college.","S.N. Medical College, Agra"
https://neetcounselors.com/colleges/raiganj-government-medical-college,200,"MBBS at Raiganj Government Medical College, West Bengal - Fees, Cutoff, Ranking 2026 | NEET Counselling","Get complete details about MBBS admission at Raiganj Government Medical College in West Bengal, West Bengal. Check 2026 cutoff marks, fee structure, ranking, infrastructure, seat matrix, and admission process. Government NMC approved college.",Raiganj Government Medical College
https://neetcounselors.com/colleges/santosh-dental-college-and-hospital-ghaziabad,200,"MBBS at Santosh Dental College and Hospital, Ghaziabad, Ghaziabad - Fees, Cutoff, Ranking 2026 | NEET Counselling","Get complete details about BDS, MBBS admission at Santosh Dental College and Hospital, Ghaziabad in Ghaziabad, Uttar Pradesh. Check 2026 cutoff marks, fee structure, ranking, infrastructure, seat matrix, and admission process. Government NMC approved college.","Santosh Dental College and Hospital, Ghaziabad"
https://neetcounselors.com/colleges/sarat-chandra-chattopadhyay-govt-medical-college-hospital,200,"MBBS at Sarat Chandra Chattopadhyay Govt. Medical College & Hospital, West Bengal - Fees, Cutoff, Ranking 2026 | NEET Counselling","Get complete details about MBBS admission at Sarat Chandra Chattopadhyay Govt. Medical College & Hospital in West Bengal, West Bengal. Check 2026 cutoff marks, fee structure, ranking, infrastructure, seat matrix, and admission process. Government NMC approved college.",Sarat Chandra Chattopadhyay Govt. Medical College & Hospital
https://neetcounselors.com/colleges/s-m-s-medical-college-jaipur,200,"MBBS at S.M.S. Medical College, Jaipur, Jaipur - Fees, Cutoff, Ranking 2026 | NEET Counselling","Get complete details about MBBS admission at S.M.S. Medical College, Jaipur in Jaipur, Rajasthan. Check 2026 cutoff marks, fee structure, ranking, infrastructure, seat matrix, and admission process. Government NMC approved college.","S.M.S. Medical College, Jaipur"
https://neetcounselors.com/colleges/santosh-medical-college-and-hospital-ghaziabad,200,"MBBS at Santosh Medical College and Hospital, Ghaziabad, Ghaziabad - Fees, Cutoff, Ranking 2026 | NEET Counselling","Get complete details about MBBS, BDS admission at Santosh Medical College and Hospital, Ghaziabad in Ghaziabad, Uttar Pradesh. Check 2026 cutoff marks, fee structure, ranking, infrastructure, seat matrix, and admission process. Government NMC approved college.","Santosh Medical College and Hospital, Ghaziabad"
https://neetcounselors.com/colleges/saheed-rendo-majhi-medical-college-hospital,200,"MBBS at Saheed Rendo Majhi Medical College & Hospital, Odisha - Fees, Cutoff, Ranking 2026 | NEET Counselling","Get complete details about MBBS admission at Saheed Rendo Majhi Medical College & Hospital in Odisha, Odisha. Check 2026 cutoff marks, fee structure, ranking, infrastructure, seat matrix, and admission process. Government NMC approved college.",Saheed Rendo Majhi Medical College & Hospital
https://neetcounselors.com/colleges/saheed-laxman-nayak-med-college-and-hos-koraput,200,"MBBS at Saheed Laxman Nayak Med. College and Hos., Koraput, Koraput - Fees, Cutoff, Ranking 2026 | NEET Counselling","Get complete details about MBBS admission at Saheed Laxman Nayak Med. College and Hos., Koraput in Koraput, Odisha. Check 2026 cutoff marks, fee structure, ranking, infrastructure, seat matrix, and admission process. Government NMC approved college.","Saheed Laxman Nayak Med. College and Hos., Koraput"
https://neetcounselors.com/colleges/s-c-b-medical-college-cuttack,200,"MBBS at S.C.B. Medical College, Cuttack, Cuttack - Fees, Cutoff, Ranking 2026 | NEET Counselling","Get complete details about MBBS admission at S.C.B. Medical College, Cuttack in Cuttack, Odisha. Check 2026 cutoff marks, fee structure, ranking, infrastructure, seat matrix, and admission process. Government NMC approved college.","S.C.B. Medical College, Cuttack"
https://neetcounselors.com/colleges/rims-ongole,200,"MBBS at RIMS, Ongole, Ongole - Fees, Cutoff, Ranking 2026 | NEET Counselling","Get complete details about MBBS admission at RIMS, Ongole in Ongole, Andhra Pradesh. Check 2026 cutoff marks, fee structure, ranking, infrastructure, seat matrix, and admission process. Government NMC approved college.","RIMS, Ongole"
https://neetcounselors.com/colleges/rims-srikakulam,200,"MBBS at RIMS Srikakulam, Andhra Pradesh - Fees, Cutoff, Ranking 2026 | NEET Counselling","Get complete details about MBBS admission at RIMS Srikakulam in Andhra Pradesh, Andhra Pradesh. Check 2026 cutoff marks, fee structure, ranking, infrastructure, seat matrix, and admission process. Government NMC approved college.",RIMS Srikakulam
https://neetcounselors.com/colleges/rani-durgavati-medical-college-banda,200,"MBBS at Rani Durgavati Medical College, Banda, Banda - Fees, Cutoff, Ranking 2026 | NEET Counselling","Get complete details about MBBS admission at Rani Durgavati Medical College, Banda in Banda, Uttar Pradesh. Check 2026 cutoff marks, fee structure, ranking, infrastructure, seat matrix, and admission process. Government NMC approved college.","Rani Durgavati Medical College, Banda"
https://neetcounselors.com/colleges/regional-inst-of-medical-sci-imphal,200,"MBBS at Regional Inst of Medical Sci, Imphal, Imphal - Fees, Cutoff, Ranking 2026 | NEET Counselling","Get complete details about MBBS admission at Regional Inst of Medical Sci, Imphal in Imphal, Manipur. Check 2026 cutoff marks, fee structure, ranking, infrastructure, seat matrix, and admission process. Government NMC approved college.","Regional Inst of Medical Sci, Imphal"
https://neetcounselors.com/colleges/regional-dental-college-guwahati,200,"MBBS at Regional Dental College, Guwahati, Guwahati - Fees, Cutoff, Ranking 2026 | NEET Counselling","Get complete details about BDS, MBBS admission at Regional Dental College, Guwahati in Guwahati, Assam. Check 2026 cutoff marks, fee structure, ranking, infrastructure, seat matrix, and admission process. Government NMC approved college.","Regional Dental College, Guwahati"
https://neetcounselors.com/colleges/ruhs-college-of-dental-science-jaipur,200,"BDS at RUHS College of Dental Science, Jaipur, Jaipur - Fees, Cutoff, Ranking 2026 | NEET Counselling","Get complete details about BDS admission at RUHS College of Dental Science, Jaipur in Jaipur, Rajasthan. Check 2026 cutoff marks, fee structure, ranking, infrastructure, seat matrix, and admission process. Government NMC approved college.","RUHS College of Dental Science, Jaipur"
https://neetcounselors.com/colleges/rural-dental-college-loni,200,"MBBS at Rural Dental College, Loni, Loni - Fees, Cutoff, Ranking 2026 | NEET Counselling","Get complete details about BDS, MBBS admission at Rural Dental College, Loni in Loni, Maharashtra. Check 2026 cutoff marks, fee structure, ranking, infrastructure, seat matrix, and admission process. Government NMC approved college.","Rural Dental College, Loni"
https://neetcounselors.com/colleges/s-c-b-medical-coll-dental-cuttack,200,"MBBS at S.C.B. Medical Coll(Dental), Cuttack, Cuttack - Fees, Cutoff, Ranking 2026 | NEET Counselling","Get complete details about BDS, MBBS admission at S.C.B. Medical Coll(Dental), Cuttack in Cuttack, Odisha. Check 2026 cutoff marks, fee structure, ranking, infrastructure, seat matrix, and admission process. Government NMC approved college.","S.C.B. Medical Coll(Dental), Cuttack"
https://neetcounselors.com/colleges/rural-medical-college-and-pims-loni,200,"MBBS at Rural Medical College and PIMS, Loni, Loni - Fees, Cutoff, Ranking 2026 | NEET Counselling","Get complete details about MBBS admission at Rural Medical College and PIMS, Loni in Loni, Maharashtra. Check 2026 cutoff marks, fee structure, ranking, infrastructure, seat matrix, and admission process. Government NMC approved college.","Rural Medical College and PIMS, Loni"
https://neetcounselors.com/colleges/ruhs-college-of-medical-sciences-jaipur,200,"MBBS at RUHS College of Medical Sciences, Jaipur, Jaipur - Fees, Cutoff, Ranking 2026 | NEET Counselling","Get complete details about MBBS admission at RUHS College of Medical Sciences, Jaipur in Jaipur, Rajasthan. Check 2026 cutoff marks, fee structure, ranking, infrastructure, seat matrix, and admission process. Government NMC approved college.","RUHS College of Medical Sciences, Jaipur"
https://neetcounselors.com/colleges/pt-jawahar-lal-nehru-govt-med-college-chamba,200,"MBBS at Pt. Jawahar Lal Nehru Govt. Med. College, Chamba, Chamba - Fees, Cutoff, Ranking 2026 | NEET Counselling","Get complete details about MBBS admission at Pt. Jawahar Lal Nehru Govt. Med. College, Chamba in Chamba, Himachal Pradesh. Check 2026 cutoff marks, fee structure, ranking, infrastructure, seat matrix, and admission process. Government NMC approved college.","Pt. Jawahar Lal Nehru Govt. Med. College, Chamba"
https://neetcounselors.com/colleges/mm-inst-med-and-research-mullana,200,"MBBS at MM Inst. Med. and Research, Mullana, Mullana - Fees, Cutoff, Ranking 2026 | NEET Counselling","Get complete details about MBBS admission at MM Inst. Med. and Research, Mullana in Mullana, Haryana. Check 2026 cutoff marks, fee structure, ranking, infrastructure, seat matrix, and admission process. Government NMC approved college.","MM Inst. Med. and Research, Mullana"
https://neetcounselors.com/colleges/mm-college-of-dental-scie-and-res-mullana,200,"BDS at MM College of Dental Scie. and Res., Mullana, Mullana - Fees, Cutoff, Ranking 2026 | NEET Counselling","Get complete details about BDS admission at MM College of Dental Scie. and Res., Mullana in Mullana, Haryana. Check 2026 cutoff marks, fee structure, ranking, infrastructure, seat matrix, and admission process. Government NMC approved college.","MM College of Dental Scie. and Res., Mullana"
https://neetcounselors.com/colleges/moti-lal-nehru-medical-coll-allahabad,200,"MBBS at Moti Lal Nehru Medical Coll, Allahabad, Allahabad - Fees, Cutoff, Ranking 2026 | NEET Counselling","Get complete details about MBBS admission at Moti Lal Nehru Medical Coll, Allahabad in Allahabad, Uttar Pradesh. Check 2026 cutoff marks, fee structure, ranking, infrastructure, seat matrix, and admission process. Government NMC approved college.","Moti Lal Nehru Medical Coll, Allahabad"
https://neetcounselors.com/colleges/midnapore-medical-college-midnapur,200,"MBBS at Midnapore Medical College, Midnapur, Midnapur - Fees, Cutoff, Ranking 2026 | NEET Counselling","Get complete details about MBBS admission at Midnapore Medical College, Midnapur in Midnapur, West Bengal. Check 2026 cutoff marks, fee structure, ranking, infrastructure, seat matrix, and admission process. Government NMC approved college.","Midnapore Medical College, Midnapur"
https://neetcounselors.com/colleges/mra-medical-college-ambedkar-nagar,200,"MBBS at MRA Medical College Ambedkar Nagar, Uttar Pradesh - Fees, Cutoff, Ranking 2026 | NEET Counselling","Get complete details about MBBS admission at MRA Medical College Ambedkar Nagar in Uttar Pradesh, Uttar Pradesh. Check 2026 cutoff marks, fee structure, ranking, infrastructure, seat matrix, and admission process. Government NMC approved college.",MRA Medical College Ambedkar Nagar
https://neetcounselors.com/colleges/nagaon-medical-college,200,"MBBS at Nagaon Medical college, Assam - Fees, Cutoff, Ranking 2026 | NEET Counselling","Get complete details about MBBS, BDS admission at Nagaon Medical college in Assam, Assam. Check 2026 cutoff marks, fee structure, ranking, infrastructure, seat matrix, and admission process. Government NMC approved college.",Nagaon Medical college
https://neetcounselors.com/colleges/mysore-med-research-inst-mysore,200,"MBBS at Mysore Med.& Research Inst. Mysore, Karnataka - Fees, Cutoff, Ranking 2026 | NEET Counselling","Get complete details about MBBS admission at Mysore Med.& Research Inst. Mysore in Karnataka, Karnataka. Check 2026 cutoff marks, fee structure, ranking, infrastructure, seat matrix, and admission process. Government NMC approved college.",Mysore Med.& Research Inst. Mysore
https://neetcounselors.com/colleges/nagaland-institute-of-medical-science-and-research,200,"MBBS at Nagaland Institute of Medical Science and Research, Nagaland - Fees, Cutoff, Ranking 2026 | NEET Counselling","Get complete details about MBBS admission at Nagaland Institute of Medical Science and Research in Nagaland, Nagaland. Check 2026 cutoff marks, fee structure, ranking, infrastructure, seat matrix, and admission process. Government NMC approved college.",Nagaland Institute of Medical Science and Research
https://neetcounselors.com/colleges/mursidabad-m-c-hospital-mursidabad,200,"MBBS at Mursidabad M C & Hospital, Mursidabad, Mursidabad - Fees, Cutoff, Ranking 2026 | NEET Counselling","Get complete details about MBBS admission at Mursidabad M C & Hospital, Mursidabad in Mursidabad, West Bengal. Check 2026 cutoff marks, fee structure, ranking, infrastructure, seat matrix, and admission process. Government NMC approved college.","Mursidabad M C & Hospital, Mursidabad"
https://neetcounselors.com/colleges/medical-college-kolkata,200,"MBBS at Medical College, Kolkata, Kolkata - Fees, Cutoff, Ranking 2026 | NEET Counselling","Get complete details about MBBS admission at Medical College, Kolkata in Kolkata, West Bengal. Check 2026 cutoff marks, fee structure, ranking, infrastructure, seat matrix, and admission process. Government NMC approved college.","Medical College, Kolkata"
https://neetcounselors.com/colleges/medical-college-bhavnagar,200,"MBBS at Medical College, Bhavnagar, Bhavnagar - Fees, Cutoff, Ranking 2026 | NEET Counselling","Get complete details about MBBS admission at Medical College, Bhavnagar in Bhavnagar, Gujarat. Check 2026 cutoff marks, fee structure, ranking, infrastructure, seat matrix, and admission process. Government NMC approved college.","Medical College, Bhavnagar"
https://neetcounselors.com/colleges/medinirai-medical-college-palamu,200,"MBBS at Medinirai Medical College, Palamu, Palamu - Fees, Cutoff, Ranking 2026 | NEET Counselling","Get complete details about MBBS admission at Medinirai Medical College, Palamu in Palamu, Jharkhand. Check 2026 cutoff marks, fee structure, ranking, infrastructure, seat matrix, and admission process. Government NMC approved college.","Medinirai Medical College, Palamu"
https://neetcounselors.com/colleges/mgm-medical-college-navi-mumbai,200,"MBBS at MGM Medical College, Navi Mumbai, Navi Mumbai - Fees, Cutoff, Ranking 2026 | NEET Counselling","Get complete details about MBBS admission at MGM Medical College, Navi Mumbai in Navi Mumbai, Maharashtra. Check 2026 cutoff marks, fee structure, ranking, infrastructure, seat matrix, and admission process. Government NMC approved college.","MGM Medical College, Navi Mumbai"
https://neetcounselors.com/colleges/mgm-medical-college-aurangabad,200,"MBBS at MGM Medical College, Aurangabad, Aurangabad - Fees, Cutoff, Ranking 2026 | NEET Counselling","Get complete details about MBBS admission at MGM Medical College, Aurangabad in Aurangabad, Maharashtra. Check 2026 cutoff marks, fee structure, ranking, infrastructure, seat matrix, and admission process. Government NMC approved college.","MGM Medical College, Aurangabad"
https://neetcounselors.com/colleges/mg-inst-of-medical-sciences-sevagram-wardha,200,"MBBS at MG Inst. of Medical Sciences, Sevagram Wardha, Sevagram Wardha - Fees, Cutoff, Ranking 2026 | NEET Counselling","Get complete details about MBBS admission at MG Inst. of Medical Sciences, Sevagram Wardha in Sevagram Wardha, Maharashtra. Check 2026 cutoff marks, fee structure, ranking, infrastructure, seat matrix, and admission process. Government NMC approved college.","MG Inst. of Medical Sciences, Sevagram Wardha"
https://neetcounselors.com/colleges/meenakshi-ammal-dental-college-and-host-chennai,200,"BDS at Meenakshi Ammal Dental College and Host., Chennai, Chennai - Fees, Cutoff, Ranking 2026 | NEET Counselling","Get complete details about BDS admission at Meenakshi Ammal Dental College and Host., Chennai in Chennai, Tamil Nadu. Check 2026 cutoff marks, fee structure, ranking, infrastructure, seat matrix, and admission process. Government NMC approved college.","Meenakshi Ammal Dental College and Host., Chennai"
https://neetcounselors.com/colleges/phulo-jhano-medical-college-dumka,200,"MBBS at Phulo Jhano Medical College, Dumka, Dumka - Fees, Cutoff, Ranking 2026 | NEET Counselling","Get complete details about MBBS admission at Phulo Jhano Medical College, Dumka in Dumka, Jharkhand. Check 2026 cutoff marks, fee structure, ranking, infrastructure, seat matrix, and admission process. Government NMC approved college.","Phulo Jhano Medical College, Dumka"
https://neetcounselors.com/colleges/meenakshi-medical-college-hospital-and-research-institute,200,"MBBS at Meenakshi Medical College Hospital and Research Institute, Tamil Nadu - Fees, Cutoff, Ranking 2026 | NEET Counselling","Get complete details about MBBS admission at Meenakshi Medical College Hospital and Research Institute in Tamil Nadu, Tamil Nadu. Check 2026 cutoff marks, fee structure, ranking, infrastructure, seat matrix, and admission process. Government NMC approved college.",Meenakshi Medical College Hospital and Research Institute
https://neetcounselors.com/colleges/nair-hosp-dental-college-hosp-mumbai,200,"BDS at Nair Hosp Dental College & Hosp, Mumbai, Mumbai - Fees, Cutoff, Ranking 2026 | NEET Counselling","Get complete details about BDS admission at Nair Hosp Dental College & Hosp, Mumbai in Mumbai, Maharashtra. Check 2026 cutoff marks, fee structure, ranking, infrastructure, seat matrix, and admission process. Government NMC approved college.","Nair Hosp Dental College & Hosp, Mumbai"
https://neetcounselors.com/colleges/pb-govt-dental-college-hosp-amritsar,200,"BDS at PB. Govt. Dental College & Hosp, Amritsar, Amritsar - Fees, Cutoff, Ranking 2026 | NEET Counselling","Get complete details about BDS admission at PB. Govt. Dental College & Hosp, Amritsar in Amritsar, Punjab. Check 2026 cutoff marks, fee structure, ranking, infrastructure, seat matrix, and admission process. Government NMC approved college.","PB. Govt. Dental College & Hosp, Amritsar"
https://neetcounselors.com/colleges/pt-j-n-m-medical-college-raipur,200,"MBBS at Pt. J N M Medical College, Raipur, Raipur - Fees, Cutoff, Ranking 2026 | NEET Counselling","Get complete details about MBBS admission at Pt. J N M Medical College, Raipur in Raipur, Chhattisgarh. Check 2026 cutoff marks, fee structure, ranking, infrastructure, seat matrix, and admission process. Government NMC approved college.","Pt. J N M Medical College, Raipur"
https://neetcounselors.com/colleges/prafulla-chandra-sen-government-medical-college-hospital,200,"MBBS at Prafulla Chandra Sen Government Medical College & Hospital, West Bengal - Fees, Cutoff, Ranking 2026 | NEET Counselling","Get complete details about MBBS admission at Prafulla Chandra Sen Government Medical College & Hospital in West Bengal, West Bengal. Check 2026 cutoff marks, fee structure, ranking, infrastructure, seat matrix, and admission process. Government NMC approved college.",Prafulla Chandra Sen Government Medical College & Hospital
https://neetcounselors.com/colleges/patna-dental-college-hospital-patna,200,"MBBS at Patna Dental College & Hospital, Patna, Patna - Fees, Cutoff, Ranking 2026 | NEET Counselling","Get complete details about BDS, MBBS admission at Patna Dental College & Hospital, Patna in Patna, Bihar. Check 2026 cutoff marks, fee structure, ranking, infrastructure, seat matrix, and admission process. Government NMC approved college.","Patna Dental College & Hospital, Patna"
https://neetcounselors.com/colleges/pt-d-d-u-medical-college-rajkot,200,"MBBS at Pt. D.D.U Medical College, Rajkot, Rajkot - Fees, Cutoff, Ranking 2026 | NEET Counselling","Get complete details about MBBS admission at Pt. D.D.U Medical College, Rajkot in Rajkot, Gujarat. Check 2026 cutoff marks, fee structure, ranking, infrastructure, seat matrix, and admission process. Government NMC approved college.","Pt. D.D.U Medical College, Rajkot"
https://neetcounselors.com/colleges/patna-medical-college-patna,200,"MBBS at Patna Medical College, Patna, Patna - Fees, Cutoff, Ranking 2026 | NEET Counselling","Get complete details about MBBS admission at Patna Medical College, Patna in Patna, Bihar. Check 2026 cutoff marks, fee structure, ranking, infrastructure, seat matrix, and admission process. Government NMC approved college.","Patna Medical College, Patna"
https://neetcounselors.com/colleges/neigrihms-shillong,200,"MBBS at NEIGRIHMS, Shillong, Shillong - Fees, Cutoff, Ranking 2026 | NEET Counselling","Get complete details about MBBS admission at NEIGRIHMS, Shillong in Shillong, Meghalaya. Check 2026 cutoff marks, fee structure, ranking, infrastructure, seat matrix, and admission process. Government NMC approved college.","NEIGRIHMS, Shillong"
https://neetcounselors.com/colleges/pt-neki-ram-sharma-govt-medical-college-bhiwani,200,"MBBS at PT Neki Ram Sharma Govt Medical College, Bhiwani, Bhiwani - Fees, Cutoff, Ranking 2026 | NEET Counselling","Get complete details about MBBS admission at PT Neki Ram Sharma Govt Medical College, Bhiwani in Bhiwani, Haryana. Check 2026 cutoff marks, fee structure, ranking, infrastructure, seat matrix, and admission process. Government NMC approved college.","PT Neki Ram Sharma Govt Medical College, Bhiwani"
https://neetcounselors.com/colleges/pt-b-d-sharma-pgims-rohtak,200,"MBBS at Pt. B.D. Sharma PGIMS, Rohtak, Rohtak - Fees, Cutoff, Ranking 2026 | NEET Counselling","Get complete details about MBBS admission at Pt. B.D. Sharma PGIMS, Rohtak in Rohtak, Haryana. Check 2026 cutoff marks, fee structure, ranking, infrastructure, seat matrix, and admission process. Government NMC approved college.","Pt. B.D. Sharma PGIMS, Rohtak"
https://neetcounselors.com/colleges/pragjyotishpur-medical-college-guwahati,200,"MBBS at Pragjyotishpur Medical College, Guwahati, Guwahati - Fees, Cutoff, Ranking 2026 | NEET Counselling","Get complete details about MBBS admission at Pragjyotishpur Medical College, Guwahati in Guwahati, Assam. Check 2026 cutoff marks, fee structure, ranking, infrastructure, seat matrix, and admission process. Government NMC approved college.","Pragjyotishpur Medical College, Guwahati"
https://neetcounselors.com/colleges/pabitra-mohan-pradhan-medical-college-hospital,200,"MBBS at Pabitra Mohan Pradhan Medical College & Hospital, Odisha - Fees, Cutoff, Ranking 2026 | NEET Counselling","Get complete details about MBBS admission at Pabitra Mohan Pradhan Medical College & Hospital in Odisha, Odisha. Check 2026 cutoff marks, fee structure, ranking, infrastructure, seat matrix, and admission process. Government NMC approved college.",Pabitra Mohan Pradhan Medical College & Hospital
https://neetcounselors.com/colleges/nalanda-medical-college-patna,200,"MBBS at Nalanda Medical College, Patna, Patna - Fees, Cutoff, Ranking 2026 | NEET Counselling","Get complete details about MBBS admission at Nalanda Medical College, Patna in Patna, Bihar. Check 2026 cutoff marks, fee structure, ranking, infrastructure, seat matrix, and admission process. Government NMC approved college.","Nalanda Medical College, Patna"
https://neetcounselors.com/colleges/namo-medical-education-research-institute,200,"MBBS at NAMO Medical Education & Research Institute, Dadra and Nagar Haveli and Daman and Diu - Fees, Cutoff, Ranking 2026 | NEET Counselling","Get complete details about MBBS admission at NAMO Medical Education & Research Institute in Dadra and Nagar Haveli and Daman and Diu, Dadra and Nagar Haveli and Daman and Diu. Check 2026 cutoff marks, fee structure, ranking, infrastructure, seat matrix, and admission process. Government NMC approved college.",NAMO Medical Education & Research Institute
https://neetcounselors.com/colleges/osmania-medical-college-koti-hyderabad,200,"MBBS at Osmania Medical College Koti, Hyderabad, Hyderabad - Fees, Cutoff, Ranking 2026 | NEET Counselling","Get complete details about MBBS admission at Osmania Medical College Koti, Hyderabad in Hyderabad, Telangana. Check 2026 cutoff marks, fee structure, ranking, infrastructure, seat matrix, and admission process. Government NMC approved college.","Osmania Medical College Koti, Hyderabad"
https://neetcounselors.com/colleges/ndmc-medical-college,200,"MBBS at NDMC Medical College, Delhi - Fees, Cutoff, Ranking 2026 | NEET Counselling","Get complete details about MBBS admission at NDMC Medical College in Delhi, Delhi. Check 2026 cutoff marks, fee structure, ranking, infrastructure, seat matrix, and admission process. Government NMC approved college.",NDMC Medical College
https://neetcounselors.com/colleges/nalbari-medical-college-hospital,200,"MBBS at Nalbari Medical College & Hospital, Assam - Fees, Cutoff, Ranking 2026 | NEET Counselling","Get complete details about MBBS admission at Nalbari Medical College & Hospital in Assam, Assam. Check 2026 cutoff marks, fee structure, ranking, infrastructure, seat matrix, and admission process. Government NMC approved college.",Nalbari Medical College & Hospital
https://neetcounselors.com/colleges/north-bengal-dent-coll-sushrutnagar,200,"BDS at North Bengal Dent.Coll, Sushrutnagar, Sushrutnagar - Fees, Cutoff, Ranking 2026 | NEET Counselling","Get complete details about BDS admission at North Bengal Dent.Coll, Sushrutnagar in Sushrutnagar, West Bengal. Check 2026 cutoff marks, fee structure, ranking, infrastructure, seat matrix, and admission process. Government NMC approved college.","North Bengal Dent.Coll, Sushrutnagar"
https://neetcounselors.com/colleges/netaji-subhash-chandra-bose-mc-jabalpur,200,"MBBS at Netaji Subhash Chandra Bose MC, Jabalpur, Jabalpur - Fees, Cutoff, Ranking 2026 | NEET Counselling","Get complete details about MBBS admission at Netaji Subhash Chandra Bose MC, Jabalpur in Jabalpur, Madhya Pradesh. Check 2026 cutoff marks, fee structure, ranking, infrastructure, seat matrix, and admission process. Government NMC approved college.","Netaji Subhash Chandra Bose MC, Jabalpur"
https://neetcounselors.com/colleges/north-bengal-med-coll-darjeeling,200,"MBBS at North Bengal Med.Coll, Darjeeling, Darjeeling - Fees, Cutoff, Ranking 2026 | NEET Counselling","Get complete details about MBBS admission at North Bengal Med.Coll, Darjeeling in Darjeeling, West Bengal. Check 2026 cutoff marks, fee structure, ranking, infrastructure, seat matrix, and admission process. Government NMC approved college.","North Bengal Med.Coll, Darjeeling"
https://neetcounselors.com/colleges/sardar-patel-medical-college-bikaner,200,"MBBS at Sardar Patel Medical College, Bikaner, Bikaner - Fees, Cutoff, Ranking 2026 | NEET Counselling","Get complete details about MBBS admission at Sardar Patel Medical College, Bikaner in Bikaner, Rajasthan. Check 2026 cutoff marks, fee structure, ranking, infrastructure, seat matrix, and admission process. Government NMC approved college.","Sardar Patel Medical College, Bikaner"
https://neetcounselors.com/colleges/nilratan-sirkar-medical-college-kolkata,200,"MBBS at Nilratan Sirkar Medical College, Kolkata, Kolkata - Fees, Cutoff, Ranking 2026 | NEET Counselling","Get complete details about MBBS admission at Nilratan Sirkar Medical College, Kolkata in Kolkata, West Bengal. Check 2026 cutoff marks, fee structure, ranking, infrastructure, seat matrix, and admission process. Government NMC approved college.","Nilratan Sirkar Medical College, Kolkata"
https://neetcounselors.com/colleges/thoothukudi-medical-college-thoothukudi,200,"MBBS at Thoothukudi Medical College, Thoothukudi, Thoothukudi - Fees, Cutoff, Ranking 2026 | NEET Counselling","Get complete details about MBBS admission at Thoothukudi Medical College, Thoothukudi in Thoothukudi, Tamil Nadu. Check 2026 cutoff marks, fee structure, ranking, infrastructure, seat matrix, and admission process. Government NMC approved college.","Thoothukudi Medical College, Thoothukudi"
https://neetcounselors.com/colleges/thiruvannamalai-mc-thiruvannamalai,200,"MBBS at Thiruvannamalai MC, Thiruvannamalai, Thiruvannamalai - Fees, Cutoff, Ranking 2026 | NEET Counselling","Get complete details about MBBS admission at Thiruvannamalai MC, Thiruvannamalai in Thiruvannamalai, Tamil Nadu. Check 2026 cutoff marks, fee structure, ranking, infrastructure, seat matrix, and admission process. Government NMC approved college.","Thiruvannamalai MC, Thiruvannamalai"
https://neetcounselors.com/colleges/tinsukia-medical-college-hospital,200,"MBBS at Tinsukia Medical College & Hospital, Assam - Fees, Cutoff, Ranking 2026 | NEET Counselling","Get complete details about MBBS admission at Tinsukia Medical College & Hospital in Assam, Assam. Check 2026 cutoff marks, fee structure, ranking, infrastructure, seat matrix, and admission process. Government NMC approved college.",Tinsukia Medical College & Hospital
https://neetcounselors.com/colleges/thanjavur-medical-coll-thanjavur,200,"MBBS at Thanjavur Medical Coll., Thanjavur, Thanjavur - Fees, Cutoff, Ranking 2026 | NEET Counselling","Get complete details about MBBS admission at Thanjavur Medical Coll., Thanjavur in Thanjavur, Tamil Nadu. Check 2026 cutoff marks, fee structure, ranking, infrastructure, seat matrix, and admission process. Government NMC approved college.","Thanjavur Medical Coll., Thanjavur"
https://neetcounselors.com/colleges/theni-govt-medical-college-theni,200,"MBBS at Theni Govt. Medical College, Theni, Theni - Fees, Cutoff, Ranking 2026 | NEET Counselling","Get complete details about MBBS admission at Theni Govt. Medical College, Theni in Theni, Tamil Nadu. Check 2026 cutoff marks, fee structure, ranking, infrastructure, seat matrix, and admission process. Government NMC approved college.","Theni Govt. Medical College, Theni"
https://neetcounselors.com/colleges/topiwala-national-medical-college-mumbai,200,"MBBS at Topiwala National Medical College, Mumbai, Mumbai - Fees, Cutoff, Ranking 2026 | NEET Counselling","Get complete details about MBBS admission at Topiwala National Medical College, Mumbai in Mumbai, Maharashtra. Check 2026 cutoff marks, fee structure, ranking, infrastructure, seat matrix, and admission process. Government NMC approved college.","Topiwala National Medical College, Mumbai"
https://neetcounselors.com/colleges/tomo-riba-institute-health-and-medical-sciences,200,"MBBS at Tomo Riba Institute Health and Medical Sciences, Arunachal Pradesh - Fees, Cutoff, Ranking 2026 | NEET Counselling","Get complete details about MBBS admission at Tomo Riba Institute Health and Medical Sciences in Arunachal Pradesh, Arunachal Pradesh. Check 2026 cutoff marks, fee structure, ranking, infrastructure, seat matrix, and admission process. Government NMC approved college.",Tomo Riba Institute Health and Medical Sciences
https://neetcounselors.com/colleges/svims-sri-padmavathi-medical-college-for-women,200,"MBBS at SVIMS - Sri Padmavathi Medical College for Women, Andhra Pradesh - Fees, Cutoff, Ranking 2026 | NEET Counselling","Get complete details about MBBS admission at SVIMS - Sri Padmavathi Medical College for Women in Andhra Pradesh, Andhra Pradesh. Check 2026 cutoff marks, fee structure, ranking, infrastructure, seat matrix, and admission process. Government NMC approved college.",SVIMS - Sri Padmavathi Medical College for Women
https://neetcounselors.com/colleges/thaimoogambigai-dental-college-and-hsopt-chennai,200,"BDS at Thaimoogambigai Dental College and Hsopt. Chennai, Tamil Nadu - Fees, Cutoff, Ranking 2026 | NEET Counselling","Get complete details about BDS admission at Thaimoogambigai Dental College and Hsopt. Chennai in Tamil Nadu, Tamil Nadu. Check 2026 cutoff marks, fee structure, ranking, infrastructure, seat matrix, and admission process. Government NMC approved college.",Thaimoogambigai Dental College and Hsopt. Chennai
https://neetcounselors.com/colleges/sundarlal-patwa-govt-medical-college-mandsaur,200,"MBBS at Sundarlal patwa Govt medical College mandsaur, Madhya Pradesh - Fees, Cutoff, Ranking 2026 | NEET Counselling","Get complete details about MBBS admission at Sundarlal patwa Govt medical College mandsaur in Madhya Pradesh, Madhya Pradesh. Check 2026 cutoff marks, fee structure, ranking, infrastructure, seat matrix, and admission process. Government NMC approved college.",Sundarlal patwa Govt medical College mandsaur
https://neetcounselors.com/colleges/suh-maulana-mahmood-hasan-medical-college-saharanpur,200,"MBBS at SUH Maulana Mahmood Hasan Medical College, Saharanpur, Saharanpur - Fees, Cutoff, Ranking 2026 | NEET Counselling","Get complete details about MBBS admission at SUH Maulana Mahmood Hasan Medical College, Saharanpur in Saharanpur, Uttar Pradesh. Check 2026 cutoff marks, fee structure, ranking, infrastructure, seat matrix, and admission process. Government NMC approved college.","SUH Maulana Mahmood Hasan Medical College, Saharanpur"
https://neetcounselors.com/colleges/tezpur-medical-college-tezpur,200,"MBBS at Tezpur Medical College, Tezpur, Tezpur - Fees, Cutoff, Ranking 2026 | NEET Counselling","Get complete details about MBBS, BDS admission at Tezpur Medical College, Tezpur in Tezpur, Assam. Check 2026 cutoff marks, fee structure, ranking, infrastructure, seat matrix, and admission process. Government NMC approved college.","Tezpur Medical College, Tezpur"
https://neetcounselors.com/colleges/tamilnadu-govt-d-c-hosp-chennai,200,"BDS at Tamilnadu Govt D.C. & Hosp, Chennai, Chennai - Fees, Cutoff, Ranking 2026 | NEET Counselling","Get complete details about BDS admission at Tamilnadu Govt D.C. & Hosp, Chennai in Chennai, Tamil Nadu. Check 2026 cutoff marks, fee structure, ranking, infrastructure, seat matrix, and admission process. Government NMC approved college.","Tamilnadu Govt D.C. & Hosp, Chennai"
https://neetcounselors.com/colleges/t-d-medical-college-allappuzha,200,"MBBS at T.D. Medical College, Allappuzha, Allappuzha - Fees, Cutoff, Ranking 2026 | NEET Counselling","Get complete details about MBBS admission at T.D. Medical College, Allappuzha in Allappuzha, Kerala. Check 2026 cutoff marks, fee structure, ranking, infrastructure, seat matrix, and admission process. Government NMC approved college.","T.D. Medical College, Allappuzha"
https://neetcounselors.com/colleges/tamralipto-government-medical-college-hospital,200,"MBBS at Tamralipto Government Medical College & Hospital, West Bengal - Fees, Cutoff, Ranking 2026 | NEET Counselling","Get complete details about MBBS admission at Tamralipto Government Medical College & Hospital in West Bengal, West Bengal. Check 2026 cutoff marks, fee structure, ranking, infrastructure, seat matrix, and admission process. Government NMC approved college.",Tamralipto Government Medical College & Hospital
https://neetcounselors.com/colleges/swami-ramanand-tirth-rural-m-c-ambajogai,200,"MBBS at Swami Ramanand Tirth Rural M.C, Ambajogai, Ambajogai - Fees, Cutoff, Ranking 2026 | NEET Counselling","Get complete details about MBBS admission at Swami Ramanand Tirth Rural M.C, Ambajogai in Ambajogai, Maharashtra. Check 2026 cutoff marks, fee structure, ranking, infrastructure, seat matrix, and admission process. Government NMC approved college.","Swami Ramanand Tirth Rural M.C, Ambajogai"
https://neetcounselors.com/colleges/symbiosis-medical-college-for-women-pune,200,"MBBS at Symbiosis Medical College for Women Pune, Maharashtra - Fees, Cutoff, Ranking 2026 | NEET Counselling","Get complete details about MBBS admission at Symbiosis Medical College for Women Pune in Maharashtra, Maharashtra. Check 2026 cutoff marks, fee structure, ranking, infrastructure, seat matrix, and admission process. Government NMC approved college.",Symbiosis Medical College for Women Pune
https://neetcounselors.com/colleges/university-college-of-medical-sciences-new-delhi,200,"MBBS at University College of Medical Sciences, New Delhi, New Delhi - Fees, Cutoff, Ranking 2026 | NEET Counselling","Get complete details about MBBS admission at University College of Medical Sciences, New Delhi in New Delhi, Delhi. Check 2026 cutoff marks, fee structure, ranking, infrastructure, seat matrix, and admission process. Government NMC approved college.","University College of Medical Sciences, New Delhi"
https://neetcounselors.com/colleges/vms-dental-college-salem,200,"MBBS at VMS Dental College, Salem, Salem - Fees, Cutoff, Ranking 2026 | NEET Counselling","Get complete details about BDS, MBBS admission at VMS Dental College, Salem in Salem, Tamil Nadu. Check 2026 cutoff marks, fee structure, ranking, infrastructure, seat matrix, and admission process. Government NMC approved college.","VMS Dental College, Salem"
https://neetcounselors.com/colleges/vmkv-medical-college-and-hospital-salem,200,"MBBS at VMKV Medical College and Hospital, Salem, Salem - Fees, Cutoff, Ranking 2026 | NEET Counselling","Get complete details about MBBS, BDS admission at VMKV Medical College and Hospital, Salem in Salem, Tamil Nadu. Check 2026 cutoff marks, fee structure, ranking, infrastructure, seat matrix, and admission process. Government NMC approved college.","VMKV Medical College and Hospital, Salem"
https://neetcounselors.com/colleges/virendra-kumar-sakhlecha-government-medical-college-neemuch,200,"MBBS at Virendra Kumar Sakhlecha Government Medical College, Neemuch, Neemuch - Fees, Cutoff, Ranking 2026 | NEET Counselling","Get complete details about MBBS admission at Virendra Kumar Sakhlecha Government Medical College, Neemuch in Neemuch, Madhya Pradesh. Check 2026 cutoff marks, fee structure, ranking, infrastructure, seat matrix, and admission process. Government NMC approved college.","Virendra Kumar Sakhlecha Government Medical College, Neemuch"
https://neetcounselors.com/colleges/vinayaka-missions-medical-college-and-hospital-karaikal,200,"MBBS at Vinayaka Missions Medical College and Hospital, Karaikal, Karaikal - Fees, Cutoff, Ranking 2026 | NEET Counselling","Get complete details about MBBS admission at Vinayaka Missions Medical College and Hospital, Karaikal in Karaikal, Puducherry. Check 2026 cutoff marks, fee structure, ranking, infrastructure, seat matrix, and admission process. Government NMC approved college.","Vinayaka Missions Medical College and Hospital, Karaikal"
https://neetcounselors.com/colleges/zoram-medical-college-falkawn,200,"MBBS at Zoram Medical College Falkawn, Mizoram - Fees, Cutoff, Ranking 2026 | NEET Counselling","Get complete details about MBBS admission at Zoram Medical College Falkawn in Mizoram, Mizoram. Check 2026 cutoff marks, fee structure, ranking, infrastructure, seat matrix, and admission process. Government NMC approved college.",Zoram Medical College Falkawn
https://neetcounselors.com/colleges/yadgiri-institute-of-medical-sciences-yadgiri,200,"MBBS at Yadgiri Institute of Medical Sciences, Yadgiri, Yadgiri - Fees, Cutoff, Ranking 2026 | NEET Counselling","Get complete details about MBBS admission at Yadgiri Institute of Medical Sciences, Yadgiri in Yadgiri, Karnataka. Check 2026 cutoff marks, fee structure, ranking, infrastructure, seat matrix, and admission process. Government NMC approved college.","Yadgiri Institute of Medical Sciences, Yadgiri"
https://neetcounselors.com/colleges/vijaynagar-inst-of-med-sc-bellary,200,"MBBS at Vijaynagar Inst of Med. Sc, Bellary, Bellary - Fees, Cutoff, Ranking 2026 | NEET Counselling","Get complete details about MBBS admission at Vijaynagar Inst of Med. Sc, Bellary in Bellary, Karnataka. Check 2026 cutoff marks, fee structure, ranking, infrastructure, seat matrix, and admission process. Government NMC approved college.","Vijaynagar Inst of Med. Sc, Bellary"
https://neetcounselors.com/colleges/yenepoya-medical-college-mangalore,200,"MBBS at Yenepoya Medical College, Mangalore, Mangalore - Fees, Cutoff, Ranking 2026 | NEET Counselling","Get complete details about MBBS admission at Yenepoya Medical College, Mangalore in Mangalore, Karnataka. Check 2026 cutoff marks, fee structure, ranking, infrastructure, seat matrix, and admission process. Government NMC approved college.","Yenepoya Medical College, Mangalore"
https://neetcounselors.com/colleges/yenepoya-dental-college,200,"MBBS at Yenepoya Dental College, Karnataka - Fees, Cutoff, Ranking 2026 | NEET Counselling","Get complete details about BDS, MBBS admission at Yenepoya Dental College in Karnataka, Karnataka. Check 2026 cutoff marks, fee structure, ranking, infrastructure, seat matrix, and admission process. Government NMC approved college.",Yenepoya Dental College
https://neetcounselors.com/colleges/uttar-pradesh-university-of-medical-sciences-saifai,200,"MBBS at Uttar Pradesh University of Medical Sciences, Saifai, Saifai - Fees, Cutoff, Ranking 2026 | NEET Counselling","Get complete details about MBBS admission at Uttar Pradesh University of Medical Sciences, Saifai in Saifai, Uttar Pradesh. Check 2026 cutoff marks, fee structure, ranking, infrastructure, seat matrix, and admission process. Government NMC approved college.","Uttar Pradesh University of Medical Sciences, Saifai"
https://neetcounselors.com/colleges/uns-autonomous-state-medical-colleges-jaunpur,200,"MBBS at UNS Autonomous State Medical Colleges, Jaunpur, Jaunpur - Fees, Cutoff, Ranking 2026 | NEET Counselling","Get complete details about MBBS admission at UNS Autonomous State Medical Colleges, Jaunpur in Jaunpur, Uttar Pradesh. Check 2026 cutoff marks, fee structure, ranking, infrastructure, seat matrix, and admission process. Government NMC approved college.","UNS Autonomous State Medical Colleges, Jaunpur"
https://neetcounselors.com/colleges/uttaranchal-f-hosp-trust-mc-haldwani,200,"MBBS at Uttaranchal F Hosp Trust MC, Haldwani, Haldwani - Fees, Cutoff, Ranking 2026 | NEET Counselling","Get complete details about MBBS admission at Uttaranchal F Hosp Trust MC, Haldwani in Haldwani, Uttarakhand. Check 2026 cutoff marks, fee structure, ranking, infrastructure, seat matrix, and admission process. Government NMC approved college.","Uttaranchal F Hosp Trust MC, Haldwani"
https://neetcounselors.com/colleges/vardhman-institute-of-medical-sciences-nalanda,200,"MBBS at Vardhman Institute of Medical Sciences, Nalanda, Nalanda - Fees, Cutoff, Ranking 2026 | NEET Counselling","Get complete details about MBBS admission at Vardhman Institute of Medical Sciences, Nalanda in Nalanda, Bihar. Check 2026 cutoff marks, fee structure, ranking, infrastructure, seat matrix, and admission process. Government NMC approved college.","Vardhman Institute of Medical Sciences, Nalanda"
https://neetcounselors.com/colleges/v-s-s-medical-college-burla,200,"MBBS at V.S.S. Medical College, Burla, Burla - Fees, Cutoff, Ranking 2026 | NEET Counselling","Get complete details about MBBS admission at V.S.S. Medical College, Burla in Burla, Odisha. Check 2026 cutoff marks, fee structure, ranking, infrastructure, seat matrix, and admission process. Government NMC approved college.","V.S.S. Medical College, Burla"
https://neetcounselors.com/colleges/shri-atal-bihari-vajpayee-government-medical-college-chhainsa,200,"MBBS at Shri Atal Bihari Vajpayee Government Medical College, Chhainsa, Chhainsa - Fees, Cutoff, Ranking 2026 | NEET Counselling","Get complete details about MBBS admission at Shri Atal Bihari Vajpayee Government Medical College, Chhainsa in Chhainsa, Haryana. Check 2026 cutoff marks, fee structure, ranking, infrastructure, seat matrix, and admission process. Government NMC approved college.","Shri Atal Bihari Vajpayee Government Medical College, Chhainsa"
https://neetcounselors.com/colleges/shkm-gmc-nalhar,200,"MBBS at SHKM GMC, Nalhar, Nalhar - Fees, Cutoff, Ranking 2026 | NEET Counselling","Get complete details about MBBS admission at SHKM GMC, Nalhar in Nalhar, Haryana. Check 2026 cutoff marks, fee structure, ranking, infrastructure, seat matrix, and admission process. Government NMC approved college.","SHKM GMC, Nalhar"
https://neetcounselors.com/colleges/vels-medical-college-hospital,200,"MBBS at VELS Medical College & Hospital, Tamil Nadu - Fees, Cutoff, Ranking 2026 | NEET Counselling","Get complete details about MBBS, BDS admission at VELS Medical College & Hospital in Tamil Nadu, Tamil Nadu. Check 2026 cutoff marks, fee structure, ranking, infrastructure, seat matrix, and admission process. Government NMC approved college.",VELS Medical College & Hospital
https://neetcounselors.com/colleges/veer-chandra-singh-garhwali-govt-institute-of-medical-science-research,200,"MBBS at Veer Chandra Singh Garhwali Govt. Institute of Medical Science & Research, Uttarakhand - Fees, Cutoff, Ranking 2026 | NEET Counselling","Get complete details about MBBS admission at Veer Chandra Singh Garhwali Govt. Institute of Medical Science & Research in Uttarakhand, Uttarakhand. Check 2026 cutoff marks, fee structure, ranking, infrastructure, seat matrix, and admission process. Government NMC approved college.",Veer Chandra Singh Garhwali Govt. Institute of Medical Science & Research
https://neetcounselors.com/colleges/vardhman-mahavir-medical-college-and-safdarjung-hospital,200,"MBBS at Vardhman Mahavir Medical College and Safdarjung Hospital, Delhi - Fees, Cutoff, Ranking 2026 | NEET Counselling","Get complete details about MBBS admission at Vardhman Mahavir Medical College and Safdarjung Hospital in Delhi, Delhi. Check 2026 cutoff marks, fee structure, ranking, infrastructure, seat matrix, and admission process. Government NMC approved college.",Vardhman Mahavir Medical College and Safdarjung Hospital
https://neetcounselors.com/colleges/shimoga-inst-of-medical-sci-shimoga,200,"MBBS at Shimoga Inst. of Medical Sci., Shimoga, Shimoga - Fees, Cutoff, Ranking 2026 | NEET Counselling","Get complete details about MBBS admission at Shimoga Inst. of Medical Sci., Shimoga in Shimoga, Karnataka. Check 2026 cutoff marks, fee structure, ranking, infrastructure, seat matrix, and admission process. Government NMC approved college.","Shimoga Inst. of Medical Sci., Shimoga"
https://neetcounselors.com/colleges/shilong-medical-college,200,"MBBS at Shilong Medical College, Meghalaya - Fees, Cutoff, Ranking 2026 | NEET Counselling","Get complete details about MBBS admission at Shilong Medical College in Meghalaya, Meghalaya. Check 2026 cutoff marks, fee structure, ranking, infrastructure, seat matrix, and admission process. Government NMC approved college.",Shilong Medical College
https://neetcounselors.com/colleges/shri-sathya-sai-medical-college-and-research-institute-chennai,200,"MBBS at Shri Sathya Sai Medical College and Research Institute, Chennai, Chennai - Fees, Cutoff, Ranking 2026 | NEET Counselling","Get complete details about MBBS admission at Shri Sathya Sai Medical College and Research Institute, Chennai in Chennai, Tamil Nadu. Check 2026 cutoff marks, fee structure, ranking, infrastructure, seat matrix, and admission process. Government NMC approved college.","Shri Sathya Sai Medical College and Research Institute, Chennai"
https://neetcounselors.com/colleges/siddartha-medical-college-vijayawada,200,"MBBS at Siddartha Medical College, Vijayawada, Vijayawada - Fees, Cutoff, Ranking 2026 | NEET Counselling","Get complete details about MBBS admission at Siddartha Medical College, Vijayawada in Vijayawada, Andhra Pradesh. Check 2026 cutoff marks, fee structure, ranking, infrastructure, seat matrix, and admission process. Government NMC approved college.","Siddartha Medical College, Vijayawada"
https://neetcounselors.com/colleges/sheikh-bhikhari-medical-college-hospital-hazaribag,200,"MBBS at Sheikh Bhikhari Medical College & Hospital, Hazaribag, Hazaribag - Fees, Cutoff, Ranking 2026 | NEET Counselling","Get complete details about MBBS admission at Sheikh Bhikhari Medical College & Hospital, Hazaribag in Hazaribag, Jharkhand. Check 2026 cutoff marks, fee structure, ranking, infrastructure, seat matrix, and admission process. Government NMC approved college.","Sheikh Bhikhari Medical College & Hospital, Hazaribag"
https://neetcounselors.com/colleges/shri-kalyan-govt-medical-college-sikar,200,"MBBS at Shri Kalyan Govt Medical College Sikar, Rajasthan - Fees, Cutoff, Ranking 2026 | NEET Counselling","Get complete details about MBBS admission at Shri Kalyan Govt Medical College Sikar in Rajasthan, Rajasthan. Check 2026 cutoff marks, fee structure, ranking, infrastructure, seat matrix, and admission process. Government NMC approved college.",Shri Kalyan Govt Medical College Sikar
https://neetcounselors.com/colleges/shri-atal-bihari-vajpayee-medical-college-research-institute,200,"MBBS at Shri Atal Bihari Vajpayee Medical College & Research Institute, Karnataka - Fees, Cutoff, Ranking 2026 | NEET Counselling","Get complete details about MBBS admission at Shri Atal Bihari Vajpayee Medical College & Research Institute in Karnataka, Karnataka. Check 2026 cutoff marks, fee structure, ranking, infrastructure, seat matrix, and admission process. Government NMC approved college.",Shri Atal Bihari Vajpayee Medical College & Research Institute
https://neetcounselors.com/colleges/sbks-med-inst-and-res-centre,200,"MBBS at SBKS Med. Inst. and Res. Centre, Gujarat - Fees, Cutoff, Ranking 2026 | NEET Counselling","Get complete details about MBBS admission at SBKS Med. Inst. and Res. Centre in Gujarat, Gujarat. Check 2026 cutoff marks, fee structure, ranking, infrastructure, seat matrix, and admission process. Government NMC approved college.",SBKS Med. Inst. and Res. Centre
https://neetcounselors.com/colleges/saveetha-medical-college-chennai,200,"MBBS at Saveetha Medical College, Chennai, Chennai - Fees, Cutoff, Ranking 2026 | NEET Counselling","Get complete details about MBBS admission at Saveetha Medical College, Chennai in Chennai, Tamil Nadu. Check 2026 cutoff marks, fee structure, ranking, infrastructure, seat matrix, and admission process. Government NMC approved college.","Saveetha Medical College, Chennai"
https://neetcounselors.com/colleges/shri-bhausaheb-hire-govt-m-c-dhule,200,"MBBS at Shri Bhausaheb Hire Govt. M.C., Dhule, Dhule - Fees, Cutoff, Ranking 2026 | NEET Counselling","Get complete details about MBBS admission at Shri Bhausaheb Hire Govt. M.C., Dhule in Dhule, Maharashtra. Check 2026 cutoff marks, fee structure, ranking, infrastructure, seat matrix, and admission process. Government NMC approved college.","Shri Bhausaheb Hire Govt. M.C., Dhule"
https://neetcounselors.com/colleges/saveetha-dental-college-chennai,200,"BDS at Saveetha Dental College, Chennai, Chennai - Fees, Cutoff, Ranking 2026 | NEET Counselling","Get complete details about BDS admission at Saveetha Dental College, Chennai in Chennai, Tamil Nadu. Check 2026 cutoff marks, fee structure, ranking, infrastructure, seat matrix, and admission process. Government NMC approved college.","Saveetha Dental College, Chennai"
https://neetcounselors.com/colleges/sh-vasant-rao-naik-govt-m-c-yavatmal,200,"MBBS at SH Vasant Rao Naik Govt.M.C., Yavatmal, Yavatmal - Fees, Cutoff, Ranking 2026 | NEET Counselling","Get complete details about MBBS admission at SH Vasant Rao Naik Govt.M.C., Yavatmal in Yavatmal, Maharashtra. Check 2026 cutoff marks, fee structure, ranking, infrastructure, seat matrix, and admission process. Government NMC approved college.","SH Vasant Rao Naik Govt.M.C., Yavatmal"
https://neetcounselors.com/colleges/sathyabama-univ-dental-college-and-hospt-chennai,200,"BDS at Sathyabama Univ. Dental College and Hospt. Chennai, Tamil Nadu - Fees, Cutoff, Ranking 2026 | NEET Counselling","Get complete details about BDS admission at Sathyabama Univ. Dental College and Hospt. Chennai in Tamil Nadu, Tamil Nadu. Check 2026 cutoff marks, fee structure, ranking, infrastructure, seat matrix, and admission process. Government NMC approved college.",Sathyabama Univ. Dental College and Hospt. Chennai
https://neetcounselors.com/colleges/sharad-pawar-dental-college-and-hospital-wardha,200,"MBBS at Sharad Pawar Dental College and Hospital, Wardha, Wardha - Fees, Cutoff, Ranking 2026 | NEET Counselling","Get complete details about BDS, MBBS admission at Sharad Pawar Dental College and Hospital, Wardha in Wardha, Maharashtra. Check 2026 cutoff marks, fee structure, ranking, infrastructure, seat matrix, and admission process. Government NMC approved college.","Sharad Pawar Dental College and Hospital, Wardha"
https://neetcounselors.com/colleges/school-of-dental-sciences-and-kimsdu-karad,200,"BDS at School of Dental Sciences and KIMSDU, Karad, Karad - Fees, Cutoff, Ranking 2026 | NEET Counselling","Get complete details about BDS admission at School of Dental Sciences and KIMSDU, Karad in Karad, Maharashtra. Check 2026 cutoff marks, fee structure, ranking, infrastructure, seat matrix, and admission process. Government NMC approved college.","School of Dental Sciences and KIMSDU, Karad"
https://neetcounselors.com/colleges/shaheed-nirmal-mahto-medical-college-hospital,200,"MBBS at Shaheed Nirmal Mahto Medical College & Hospital, Jharkhand - Fees, Cutoff, Ranking 2026 | NEET Counselling","Get complete details about MBBS admission at Shaheed Nirmal Mahto Medical College & Hospital in Jharkhand, Jharkhand. Check 2026 cutoff marks, fee structure, ranking, infrastructure, seat matrix, and admission process. Government NMC approved college.",Shaheed Nirmal Mahto Medical College & Hospital
https://neetcounselors.com/colleges/seth-g-s-medical-college-mumbai,200,"MBBS at Seth G.S. Medical College, Mumbai, Mumbai - Fees, Cutoff, Ranking 2026 | NEET Counselling","Get complete details about MBBS admission at Seth G.S. Medical College, Mumbai in Mumbai, Maharashtra. Check 2026 cutoff marks, fee structure, ranking, infrastructure, seat matrix, and admission process. Government NMC approved college.","Seth G.S. Medical College, Mumbai"
https://neetcounselors.com/colleges/sdu-medical-college-kolar,200,"MBBS at SDU Medical College, Kolar, Kolar - Fees, Cutoff, Ranking 2026 | NEET Counselling","Get complete details about MBBS admission at SDU Medical College, Kolar in Kolar, Karnataka. Check 2026 cutoff marks, fee structure, ranking, infrastructure, seat matrix, and admission process. Government NMC approved college.","SDU Medical College, Kolar"
https://neetcounselors.com/colleges/sri-siddhartha-academy-t-begur,200,"MBBS at Sri Siddhartha Academy T Begur, Karnataka - Fees, Cutoff, Ranking 2026 | NEET Counselling","Get complete details about MBBS admission at Sri Siddhartha Academy T Begur in Karnataka, Karnataka. Check 2026 cutoff marks, fee structure, ranking, infrastructure, seat matrix, and admission process. Government NMC approved college.",Sri Siddhartha Academy T Begur
https://neetcounselors.com/colleges/sri-ramachandra-med-college-and-res-inst-chennai,200,"MBBS at Sri Ramachandra Med. College and Res. Inst., Chennai, Chennai - Fees, Cutoff, Ranking 2026 | NEET Counselling","Get complete details about MBBS admission at Sri Ramachandra Med. College and Res. Inst., Chennai in Chennai, Tamil Nadu. Check 2026 cutoff marks, fee structure, ranking, infrastructure, seat matrix, and admission process. Government NMC approved college.","Sri Ramachandra Med. College and Res. Inst., Chennai"
https://neetcounselors.com/colleges/stanley-medical-college-chennai,200,"MBBS at Stanley Medical College, Chennai, Chennai - Fees, Cutoff, Ranking 2026 | NEET Counselling","Get complete details about MBBS admission at Stanley Medical College, Chennai in Chennai, Tamil Nadu. Check 2026 cutoff marks, fee structure, ranking, infrastructure, seat matrix, and admission process. Government NMC approved college.","Stanley Medical College, Chennai"
https://neetcounselors.com/colleges/sri-siddhartha-dentalcollege-tumkur,200,"MBBS at Sri Siddhartha DentalCollege, Tumkur, Tumkur - Fees, Cutoff, Ranking 2026 | NEET Counselling","Get complete details about BDS, MBBS admission at Sri Siddhartha DentalCollege, Tumkur in Tumkur, Karnataka. Check 2026 cutoff marks, fee structure, ranking, infrastructure, seat matrix, and admission process. Government NMC approved college.","Sri Siddhartha DentalCollege, Tumkur"
https://neetcounselors.com/colleges/srm-medical-college-and-hospital-chennai,200,"MBBS at SRM Medical College and Hospital, Chennai, Chennai - Fees, Cutoff, Ranking 2026 | NEET Counselling","Get complete details about MBBS admission at SRM Medical College and Hospital, Chennai in Chennai, Tamil Nadu. Check 2026 cutoff marks, fee structure, ranking, infrastructure, seat matrix, and admission process. Government NMC approved college.","SRM Medical College and Hospital, Chennai"
https://neetcounselors.com/colleges/srm-katt-dental-college-and-hospt-chennai,200,"BDS at SRM Katt. Dental College and Hospt. Chennai, Tamil Nadu - Fees, Cutoff, Ranking 2026 | NEET Counselling","Get complete details about BDS admission at SRM Katt. Dental College and Hospt. Chennai in Tamil Nadu, Tamil Nadu. Check 2026 cutoff marks, fee structure, ranking, infrastructure, seat matrix, and admission process. Government NMC approved college.",SRM Katt. Dental College and Hospt. Chennai
https://neetcounselors.com/colleges/sri-venkateswara-medical-college-tirupati,200,"MBBS at Sri Venkateswara Medical College, Tirupati, Tirupati - Fees, Cutoff, Ranking 2026 | NEET Counselling","Get complete details about MBBS admission at Sri Venkateswara Medical College, Tirupati in Tirupati, Andhra Pradesh. Check 2026 cutoff marks, fee structure, ranking, infrastructure, seat matrix, and admission process. Government NMC approved college.","Sri Venkateswara Medical College, Tirupati"
https://neetcounselors.com/colleges/srm-dental-college-chennai,200,"BDS at SRM Dental College, Chennai, Chennai - Fees, Cutoff, Ranking 2026 | NEET Counselling","Get complete details about BDS admission at SRM Dental College, Chennai in Chennai, Tamil Nadu. Check 2026 cutoff marks, fee structure, ranking, infrastructure, seat matrix, and admission process. Government NMC approved college.","SRM Dental College, Chennai"
https://neetcounselors.com/colleges/sri-siddhartha-medical-college-du-tumkur,200,"MBBS at Sri Siddhartha Medical College DU, Tumkur, Tumkur - Fees, Cutoff, Ranking 2026 | NEET Counselling","Get complete details about MBBS admission at Sri Siddhartha Medical College DU, Tumkur in Tumkur, Karnataka. Check 2026 cutoff marks, fee structure, ranking, infrastructure, seat matrix, and admission process. Government NMC approved college.","Sri Siddhartha Medical College DU, Tumkur"
https://neetcounselors.com/colleges/sri-ramachandra-dental-and-hospt-chennai,200,"BDS at Sri Ramachandra Dental and Hospt., Chennai, Chennai - Fees, Cutoff, Ranking 2026 | NEET Counselling","Get complete details about BDS admission at Sri Ramachandra Dental and Hospt., Chennai in Chennai, Tamil Nadu. Check 2026 cutoff marks, fee structure, ranking, infrastructure, seat matrix, and admission process. Government NMC approved college.","Sri Ramachandra Dental and Hospt., Chennai"
https://neetcounselors.com/colleges/silchar-medical-college-silcher,200,"MBBS at Silchar Medical College, Silcher, Silcher - Fees, Cutoff, Ranking 2026 | NEET Counselling","Get complete details about MBBS admission at Silchar Medical College, Silcher in Silcher, Assam. Check 2026 cutoff marks, fee structure, ranking, infrastructure, seat matrix, and admission process. Government NMC approved college.","Silchar Medical College, Silcher"
https://neetcounselors.com/colleges/slbs-govt-medical-college-mandi,200,"MBBS at SLBS Govt. Medical College, Mandi, Mandi - Fees, Cutoff, Ranking 2026 | NEET Counselling","Get complete details about MBBS admission at SLBS Govt. Medical College, Mandi in Mandi, Himachal Pradesh. Check 2026 cutoff marks, fee structure, ranking, infrastructure, seat matrix, and admission process. Government NMC approved college.","SLBS Govt. Medical College, Mandi"
https://neetcounselors.com/colleges/sjp-medical-college-bharatpur,200,"MBBS at SJP Medical College, Bharatpur, Bharatpur - Fees, Cutoff, Ranking 2026 | NEET Counselling","Get complete details about MBBS admission at SJP Medical College, Bharatpur in Bharatpur, Rajasthan. Check 2026 cutoff marks, fee structure, ranking, infrastructure, seat matrix, and admission process. Government NMC approved college.","SJP Medical College, Bharatpur"
https://neetcounselors.com/colleges/skims-medical-college-bemina,200,"MBBS at SKIMS Medical College, Bemina, Bemina - Fees, Cutoff, Ranking 2026 | NEET Counselling","Get complete details about MBBS admission at SKIMS Medical College, Bemina in Bemina, Jammu and Kashmir. Check 2026 cutoff marks, fee structure, ranking, infrastructure, seat matrix, and admission process. Government NMC approved college.","SKIMS Medical College, Bemina"
https://neetcounselors.com/colleges/soban-singh-jeena-government-institute-of-medical-science-research,200,"MBBS at Soban Singh Jeena Government Institute of Medical Science & Research, Uttarakhand - Fees, Cutoff, Ranking 2026 | NEET Counselling","Get complete details about MBBS admission at Soban Singh Jeena Government Institute of Medical Science & Research in Uttarakhand, Uttarakhand. Check 2026 cutoff marks, fee structure, ranking, infrastructure, seat matrix, and admission process. Government NMC approved college.",Soban Singh Jeena Government Institute of Medical Science & Research
https://neetcounselors.com/colleges/sri-lalithambigai-medical-college-hospital,200,"MBBS at Sri Lalithambigai Medical College & Hospital, Tamil Nadu - Fees, Cutoff, Ranking 2026 | NEET Counselling","Get complete details about MBBS admission at Sri Lalithambigai Medical College & Hospital in Tamil Nadu, Tamil Nadu. Check 2026 cutoff marks, fee structure, ranking, infrastructure, seat matrix, and admission process. Government NMC approved college.",Sri Lalithambigai Medical College & Hospital
https://neetcounselors.com/colleges/sri-lakshmi-narayana-inst-of-med-scien,200,"MBBS at Sri Lakshmi Narayana Inst. of Med. Scien., Puducherry - Fees, Cutoff, Ranking 2026 | NEET Counselling","Get complete details about MBBS admission at Sri Lakshmi Narayana Inst. of Med. Scien. in Puducherry, Puducherry. Check 2026 cutoff marks, fee structure, ranking, infrastructure, seat matrix, and admission process. Government NMC approved college.",Sri Lakshmi Narayana Inst. of Med. Scien.
https://neetcounselors.com/colleges/sri-krishna-medical-college-muzaffarpur,200,"MBBS at Sri Krishna Medical College, Muzaffarpur, Muzaffarpur - Fees, Cutoff, Ranking 2026 | NEET Counselling","Get complete details about MBBS admission at Sri Krishna Medical College, Muzaffarpur in Muzaffarpur, Bihar. Check 2026 cutoff marks, fee structure, ranking, infrastructure, seat matrix, and admission process. Government NMC approved college.","Sri Krishna Medical College, Muzaffarpur"
https://neetcounselors.com/colleges/sri-jagannath-medical-college-hospital-puri,200,"MBBS at Sri Jagannath Medical College & Hospital, Puri, Puri - Fees, Cutoff, Ranking 2026 | NEET Counselling","Get complete details about MBBS admission at Sri Jagannath Medical College & Hospital, Puri in Puri, Odisha. Check 2026 cutoff marks, fee structure, ranking, infrastructure, seat matrix, and admission process. Government NMC approved college.","Sri Jagannath Medical College & Hospital, Puri"
https://neetcounselors.com/colleges/sree-balaji-dental-college-and-hospital-chennai,200,"BDS at Sree Balaji Dental College and Hospital, Chennai, Chennai - Fees, Cutoff, Ranking 2026 | NEET Counselling","Get complete details about BDS admission at Sree Balaji Dental College and Hospital, Chennai in Chennai, Tamil Nadu. Check 2026 cutoff marks, fee structure, ranking, infrastructure, seat matrix, and admission process. Government NMC approved college.","Sree Balaji Dental College and Hospital, Chennai"
https://neetcounselors.com/colleges/sree-balaji-medical-college-and-hospital-chennai,200,"MBBS at Sree Balaji Medical College and Hospital, Chennai, Chennai - Fees, Cutoff, Ranking 2026 | NEET Counselling","Get complete details about MBBS admission at Sree Balaji Medical College and Hospital, Chennai in Chennai, Tamil Nadu. Check 2026 cutoff marks, fee structure, ranking, infrastructure, seat matrix, and admission process. Government NMC approved college.","Sree Balaji Medical College and Hospital, Chennai"
https://neetcounselors.com/colleges/govt-medical-college-thiruvananthapuram,200,"MBBS at Govt.Medical College, Thiruvananthapuram, Thiruvananthapuram - Fees, Cutoff, Ranking 2026 | NEET Counselling","Get complete details about MBBS admission at Govt.Medical College, Thiruvananthapuram in Thiruvananthapuram, Kerala. Check 2026 cutoff marks, fee structure, ranking, infrastructure, seat matrix, and admission process. Government NMC approved college.","Govt.Medical College, Thiruvananthapuram"
https://neetcounselors.com/colleges/govt-medical-college-thrissur,200,"MBBS at Govt.Medical College, Thrissur, Thrissur - Fees, Cutoff, Ranking 2026 | NEET Counselling","Get complete details about MBBS admission at Govt.Medical College, Thrissur in Thrissur, Kerala. Check 2026 cutoff marks, fee structure, ranking, infrastructure, seat matrix, and admission process. Government NMC approved college.","Govt.Medical College, Thrissur"
https://neetcounselors.com/colleges/medical-college-baroda,200,"MBBS at Medical College, Baroda, Baroda - Fees, Cutoff, Ranking 2026 | NEET Counselling","Get complete details about MBBS admission at Medical College, Baroda in Baroda, Gujarat. Check 2026 cutoff marks, fee structure, ranking, infrastructure, seat matrix, and admission process. Government NMC approved college.","Medical College, Baroda"
https://neetcounselors.com/colleges/guntur-medical-college-guntur,200,"MBBS at Guntur Medical College, Guntur, Guntur - Fees, Cutoff, Ranking 2026 | NEET Counselling","Get complete details about MBBS admission at Guntur Medical College, Guntur in Guntur, Andhra Pradesh. Check 2026 cutoff marks, fee structure, ranking, infrastructure, seat matrix, and admission process. Government NMC approved college.","Guntur Medical College, Guntur"
https://neetcounselors.com/colleges/gulbarga-institute-of-medical-sciences,200,"MBBS at Gulbarga Institute of Medical Sciences, Karnataka - Fees, Cutoff, Ranking 2026 | NEET Counselling","Get complete details about MBBS admission at Gulbarga Institute of Medical Sciences in Karnataka, Karnataka. Check 2026 cutoff marks, fee structure, ranking, infrastructure, seat matrix, and admission process. Government NMC approved college.",Gulbarga Institute of Medical Sciences
https://neetcounselors.com/colleges/graphic-era-institute-of-medical-science,200,"MBBS at Graphic Era Institute Of Medical Science, Uttarakhand - Fees, Cutoff, Ranking 2026 | NEET Counselling","Get complete details about MBBS admission at Graphic Era Institute Of Medical Science in Uttarakhand, Uttarakhand. Check 2026 cutoff marks, fee structure, ranking, infrastructure, seat matrix, and admission process. Government NMC approved college.",Graphic Era Institute Of Medical Science
https://neetcounselors.com/colleges/grant-medical-coll-sir-j-j-hosp-mumbai,200,"MBBS at Grant Medical Coll & Sir J.J.Hosp, Mumbai, Mumbai - Fees, Cutoff, Ranking 2026 | NEET Counselling","Get complete details about MBBS admission at Grant Medical Coll & Sir J.J.Hosp, Mumbai in Mumbai, Maharashtra. Check 2026 cutoff marks, fee structure, ranking, infrastructure, seat matrix, and admission process. Government NMC approved college.","Grant Medical Coll & Sir J.J.Hosp, Mumbai"
https://neetcounselors.com/colleges/gtmc-thiruvarur,200,"MBBS at GTMC, Thiruvarur, Thiruvarur - Fees, Cutoff, Ranking 2026 | NEET Counselling","Get complete details about MBBS admission at GTMC, Thiruvarur in Thiruvarur, Tamil Nadu. Check 2026 cutoff marks, fee structure, ranking, infrastructure, seat matrix, and admission process. Government NMC approved college.","GTMC, Thiruvarur"
https://neetcounselors.com/colleges/govt-medical-college-kota,200,"MBBS at Govt.Medical College, Kota, Kota - Fees, Cutoff, Ranking 2026 | NEET Counselling","Get complete details about MBBS admission at Govt.Medical College, Kota in Kota, Rajasthan. Check 2026 cutoff marks, fee structure, ranking, infrastructure, seat matrix, and admission process. Government NMC approved college.","Govt.Medical College, Kota"
https://neetcounselors.com/colleges/govt-medical-college-amritsar,200,"MBBS at Govt.Medical College, Amritsar, Amritsar - Fees, Cutoff, Ranking 2026 | NEET Counselling","Get complete details about MBBS admission at Govt.Medical College, Amritsar in Amritsar, Punjab. Check 2026 cutoff marks, fee structure, ranking, infrastructure, seat matrix, and admission process. Government NMC approved college.","Govt.Medical College, Amritsar"
https://neetcounselors.com/colleges/govt-medical-college-srinagar,200,"MBBS at Govt. Medical College, Srinagar, Srinagar - Fees, Cutoff, Ranking 2026 | NEET Counselling","Get complete details about MBBS admission at Govt. Medical College, Srinagar in Srinagar, Jammu and Kashmir. Check 2026 cutoff marks, fee structure, ranking, infrastructure, seat matrix, and admission process. Government NMC approved college.","Govt. Medical College, Srinagar"
https://neetcounselors.com/colleges/govt-medical-college-tirunelveli,200,"MBBS at Govt. Medical College, Tirunelveli, Tirunelveli - Fees, Cutoff, Ranking 2026 | NEET Counselling","Get complete details about MBBS admission at Govt. Medical College, Tirunelveli in Tirunelveli, Tamil Nadu. Check 2026 cutoff marks, fee structure, ranking, infrastructure, seat matrix, and admission process. Government NMC approved college.","Govt. Medical College, Tirunelveli"
https://neetcounselors.com/colleges/govt-medical-college-sirohi,200,"MBBS at Govt. Medical College, Sirohi, Sirohi - Fees, Cutoff, Ranking 2026 | NEET Counselling","Get complete details about MBBS admission at Govt. Medical College, Sirohi in Sirohi, Rajasthan. Check 2026 cutoff marks, fee structure, ranking, infrastructure, seat matrix, and admission process. Government NMC approved college.","Govt. Medical College, Sirohi"
https://neetcounselors.com/colleges/govt-medical-college-udhampur,200,"MBBS at Govt. Medical College, Udhampur, Udhampur - Fees, Cutoff, Ranking 2026 | NEET Counselling","Get complete details about MBBS admission at Govt. Medical College, Udhampur in Udhampur, Jammu and Kashmir. Check 2026 cutoff marks, fee structure, ranking, infrastructure, seat matrix, and admission process. Government NMC approved college.","Govt. Medical College, Udhampur"
https://neetcounselors.com/colleges/govt-mohan-kumaramangalam-m-c-salem,200,"MBBS at Govt. Mohan Kumaramangalam M.C., Salem, Salem - Fees, Cutoff, Ranking 2026 | NEET Counselling","Get complete details about MBBS admission at Govt. Mohan Kumaramangalam M.C., Salem in Salem, Tamil Nadu. Check 2026 cutoff marks, fee structure, ranking, infrastructure, seat matrix, and admission process. Government NMC approved college.","Govt. Mohan Kumaramangalam M.C., Salem"
https://neetcounselors.com/colleges/govt-vellore-medical-college,200,"MBBS at Govt. Vellore Medical College, Tamil Nadu - Fees, Cutoff, Ranking 2026 | NEET Counselling","Get complete details about MBBS admission at Govt. Vellore Medical College in Tamil Nadu, Tamil Nadu. Check 2026 cutoff marks, fee structure, ranking, infrastructure, seat matrix, and admission process. Government NMC approved college.",Govt. Vellore Medical College
https://neetcounselors.com/colleges/govt-sivgangai-m-c-sivagangai,200,"MBBS at Govt. Sivgangai M. C. Sivagangai, Tamil Nadu - Fees, Cutoff, Ranking 2026 | NEET Counselling","Get complete details about MBBS admission at Govt. Sivgangai M. C. Sivagangai in Tamil Nadu, Tamil Nadu. Check 2026 cutoff marks, fee structure, ranking, infrastructure, seat matrix, and admission process. Government NMC approved college.",Govt. Sivgangai M. C. Sivagangai
https://neetcounselors.com/colleges/govt-pudukkottai-medical-college-hopt,200,"MBBS at Govt. Pudukkottai Medical College Hopt., Tamil Nadu - Fees, Cutoff, Ranking 2026 | NEET Counselling","Get complete details about MBBS admission at Govt. Pudukkottai Medical College Hopt. in Tamil Nadu, Tamil Nadu. Check 2026 cutoff marks, fee structure, ranking, infrastructure, seat matrix, and admission process. Government NMC approved college.",Govt. Pudukkottai Medical College Hopt.
https://neetcounselors.com/colleges/irt-perundurai-medical-college-perundurai,200,"MBBS at IRT Perundurai Medical College, Perundurai, Perundurai - Fees, Cutoff, Ranking 2026 | NEET Counselling","Get complete details about MBBS admission at IRT Perundurai Medical College, Perundurai in Perundurai, Tamil Nadu. Check 2026 cutoff marks, fee structure, ranking, infrastructure, seat matrix, and admission process. Government NMC approved college.","IRT Perundurai Medical College, Perundurai"
https://neetcounselors.com/colleges/inst-of-pg-med-edu-research-kolkata,200,"MBBS at Inst of PG Med Edu & Research, Kolkata, Kolkata - Fees, Cutoff, Ranking 2026 | NEET Counselling","Get complete details about MBBS admission at Inst of PG Med Edu & Research, Kolkata in Kolkata, West Bengal. Check 2026 cutoff marks, fee structure, ranking, infrastructure, seat matrix, and admission process. Government NMC approved college.","Inst of PG Med Edu & Research, Kolkata"
https://neetcounselors.com/colleges/indira-gandhi-medical-college-ri,200,"MBBS at Indira Gandhi Medical College & RI, Puducherry - Fees, Cutoff, Ranking 2026 | NEET Counselling","Get complete details about MBBS admission at Indira Gandhi Medical College & RI in Puducherry, Puducherry. Check 2026 cutoff marks, fee structure, ranking, infrastructure, seat matrix, and admission process. Government NMC approved college.",Indira Gandhi Medical College & RI
https://neetcounselors.com/colleges/indira-gandhi-medical-coll-shimla,200,"MBBS at Indira Gandhi Medical Coll., Shimla, Shimla - Fees, Cutoff, Ranking 2026 | NEET Counselling","Get complete details about MBBS admission at Indira Gandhi Medical Coll., Shimla in Shimla, Himachal Pradesh. Check 2026 cutoff marks, fee structure, ranking, infrastructure, seat matrix, and admission process. Government NMC approved college.","Indira Gandhi Medical Coll., Shimla"
https://neetcounselors.com/colleges/inst-of-med-sciences-bhu-varanasi,200,"MBBS at Inst.of Med.Sciences, BHU, Varanasi, BHU, Varanasi - Fees, Cutoff, Ranking 2026 | NEET Counselling","Get complete details about MBBS admission at Inst.of Med.Sciences, BHU, Varanasi in BHU, Varanasi, Uttar Pradesh. Check 2026 cutoff marks, fee structure, ranking, infrastructure, seat matrix, and admission process. Government NMC approved college.","Inst.of Med.Sciences, BHU, Varanasi"
https://neetcounselors.com/colleges/gvmc-villupuram,200,"MBBS at GVMC, Villupuram, Villupuram - Fees, Cutoff, Ranking 2026 | NEET Counselling","Get complete details about MBBS admission at GVMC, Villupuram in Villupuram, Tamil Nadu. Check 2026 cutoff marks, fee structure, ranking, infrastructure, seat matrix, and admission process. Government NMC approved college.","GVMC, Villupuram"
https://neetcounselors.com/colleges/institute-of-dental-sciences-bhubaneswar,200,"BDS at Institute of Dental Sciences, Bhubaneswar, Bhubaneswar - Fees, Cutoff, Ranking 2026 | NEET Counselling","Get complete details about BDS admission at Institute of Dental Sciences, Bhubaneswar in Bhubaneswar, Odisha. Check 2026 cutoff marks, fee structure, ranking, infrastructure, seat matrix, and admission process. Government NMC approved college.","Institute of Dental Sciences, Bhubaneswar"
https://neetcounselors.com/colleges/institute-of-medical-sciences-and-sum-host-bhubaneswar,200,"MBBS at Institute of Medical Sciences and SUM Host., Bhubaneswar, Bhubaneswar - Fees, Cutoff, Ranking 2026 | NEET Counselling","Get complete details about MBBS admission at Institute of Medical Sciences and SUM Host., Bhubaneswar in Bhubaneswar, Odisha. Check 2026 cutoff marks, fee structure, ranking, infrastructure, seat matrix, and admission process. Government NMC approved college.","Institute of Medical Sciences and SUM Host., Bhubaneswar"
https://neetcounselors.com/colleges/hassan-inst-of-medical-sci-hassan,200,"MBBS at Hassan Inst. of Medical Sci., Hassan, Hassan - Fees, Cutoff, Ranking 2026 | NEET Counselling","Get complete details about MBBS admission at Hassan Inst. of Medical Sci., Hassan in Hassan, Karnataka. Check 2026 cutoff marks, fee structure, ranking, infrastructure, seat matrix, and admission process. Government NMC approved college.","Hassan Inst. of Medical Sci., Hassan"
https://neetcounselors.com/colleges/institute-of-medical-sciences-sum-hospital,200,"MBBS at Institute of Medical Sciences & SUM Hospital, Odisha - Fees, Cutoff, Ranking 2026 | NEET Counselling","Get complete details about MBBS admission at Institute of Medical Sciences & SUM Hospital in Odisha, Odisha. Check 2026 cutoff marks, fee structure, ranking, infrastructure, seat matrix, and admission process. Government NMC approved college.",Institute of Medical Sciences & SUM Hospital
https://neetcounselors.com/colleges/indira-gandhi-institute-of-dental-sciences-pondicherry,200,"BDS at Indira Gandhi Institute of Dental Sciences, Pondicherry, Pondicherry - Fees, Cutoff, Ranking 2026 | NEET Counselling","Get complete details about BDS admission at Indira Gandhi Institute of Dental Sciences, Pondicherry in Pondicherry, Puducherry. Check 2026 cutoff marks, fee structure, ranking, infrastructure, seat matrix, and admission process. Government NMC approved college.","Indira Gandhi Institute of Dental Sciences, Pondicherry"
https://neetcounselors.com/colleges/guwahati-medical-college-guwahati,200,"MBBS at Guwahati Medical College, Guwahati, Guwahati - Fees, Cutoff, Ranking 2026 | NEET Counselling","Get complete details about MBBS, BDS admission at Guwahati Medical College, Guwahati in Guwahati, Assam. Check 2026 cutoff marks, fee structure, ranking, infrastructure, seat matrix, and admission process. Government NMC approved college.","Guwahati Medical College, Guwahati"
https://neetcounselors.com/colleges/guru-govind-singh-med-coll-faridkot,200,"MBBS at Guru Govind Singh Med Coll, Faridkot, Faridkot - Fees, Cutoff, Ranking 2026 | NEET Counselling","Get complete details about MBBS admission at Guru Govind Singh Med Coll, Faridkot in Faridkot, Punjab. Check 2026 cutoff marks, fee structure, ranking, infrastructure, seat matrix, and admission process. Government NMC approved college.","Guru Govind Singh Med Coll, Faridkot"
https://neetcounselors.com/colleges/haveri-institute-of-medical-sciences,200,"MBBS at Haveri Institute of Medical Sciences, Karnataka - Fees, Cutoff, Ranking 2026 | NEET Counselling","Get complete details about MBBS admission at Haveri Institute of Medical Sciences in Karnataka, Karnataka. Check 2026 cutoff marks, fee structure, ranking, infrastructure, seat matrix, and admission process. Government NMC approved college.",Haveri Institute of Medical Sciences
https://neetcounselors.com/colleges/indira-gandhi-institute-of-medical-sciences-patna,200,"MBBS at Indira Gandhi Institute of Medical Sciences, Patna, Patna - Fees, Cutoff, Ranking 2026 | NEET Counselling","Get complete details about MBBS admission at Indira Gandhi Institute of Medical Sciences, Patna in Patna, Bihar. Check 2026 cutoff marks, fee structure, ranking, infrastructure, seat matrix, and admission process. Government NMC approved college.","Indira Gandhi Institute of Medical Sciences, Patna"
https://neetcounselors.com/colleges/ims-bhu-dental-varanasi,200,"BDS at IMS BHU Dental, Varanasi, Varanasi - Fees, Cutoff, Ranking 2026 | NEET Counselling","Get complete details about BDS admission at IMS BHU Dental, Varanasi in Varanasi, Uttar Pradesh. Check 2026 cutoff marks, fee structure, ranking, infrastructure, seat matrix, and admission process. Government NMC approved college.","IMS BHU Dental, Varanasi"
https://neetcounselors.com/colleges/govt-medical-college-patiala,200,"MBBS at Govt. Medical College, Patiala, Patiala - Fees, Cutoff, Ranking 2026 | NEET Counselling","Get complete details about MBBS admission at Govt. Medical College, Patiala in Patiala, Punjab. Check 2026 cutoff marks, fee structure, ranking, infrastructure, seat matrix, and admission process. Government NMC approved college.","Govt. Medical College, Patiala"
https://neetcounselors.com/colleges/hinduhridayasamrat-balasaheb-thackeray-medical-college,200,"MBBS at Hinduhridayasamrat Balasaheb Thackeray Medical College, Maharashtra - Fees, Cutoff, Ranking 2026 | NEET Counselling","Get complete details about MBBS admission at Hinduhridayasamrat Balasaheb Thackeray Medical College in Maharashtra, Maharashtra. Check 2026 cutoff marks, fee structure, ranking, infrastructure, seat matrix, and admission process. Government NMC approved college.",Hinduhridayasamrat Balasaheb Thackeray Medical College
https://neetcounselors.com/colleges/indira-gandhi-govt-medical-coll-nagpur,200,"MBBS at Indira Gandhi Govt.Medical Coll., Nagpur, Nagpur - Fees, Cutoff, Ranking 2026 | NEET Counselling","Get complete details about MBBS admission at Indira Gandhi Govt.Medical Coll., Nagpur in Nagpur, Maharashtra. Check 2026 cutoff marks, fee structure, ranking, infrastructure, seat matrix, and admission process. Government NMC approved college.","Indira Gandhi Govt.Medical Coll., Nagpur"
https://neetcounselors.com/colleges/indira-gandhi-govt-dental-college-jammu,200,"BDS at Indira Gandhi Govt. Dental College, Jammu, Jammu - Fees, Cutoff, Ranking 2026 | NEET Counselling","Get complete details about BDS admission at Indira Gandhi Govt. Dental College, Jammu in Jammu, Jammu and Kashmir. Check 2026 cutoff marks, fee structure, ranking, infrastructure, seat matrix, and admission process. Government NMC approved college.","Indira Gandhi Govt. Dental College, Jammu"
https://neetcounselors.com/colleges/govt-medical-college-palakkad,200,"MBBS at Govt Medical College, Palakkad, Palakkad - Fees, Cutoff, Ranking 2026 | NEET Counselling","Get complete details about MBBS admission at Govt Medical College, Palakkad in Palakkad, Kerala. Check 2026 cutoff marks, fee structure, ranking, infrastructure, seat matrix, and admission process. Government NMC approved college.","Govt Medical College, Palakkad"
https://neetcounselors.com/colleges/govt-medical-college-jogulamba-gadwal,200,"MBBS at Govt Medical College, Jogulamba, Gadwal, Jogulamba, Gadwal - Fees, Cutoff, Ranking 2026 | NEET Counselling","Get complete details about MBBS admission at Govt Medical College, Jogulamba, Gadwal in Jogulamba, Gadwal, Telangana. Check 2026 cutoff marks, fee structure, ranking, infrastructure, seat matrix, and admission process. Government NMC approved college.","Govt Medical College, Jogulamba, Gadwal"
https://neetcounselors.com/colleges/govt-medical-college-mulugu,200,"MBBS at Govt Medical College, Mulugu, Mulugu - Fees, Cutoff, Ranking 2026 | NEET Counselling","Get complete details about MBBS admission at Govt Medical College, Mulugu in Mulugu, Telangana. Check 2026 cutoff marks, fee structure, ranking, infrastructure, seat matrix, and admission process. Government NMC approved college.","Govt Medical College, Mulugu"
https://neetcounselors.com/colleges/govt-medical-college-nagaur,200,"MBBS at Govt Medical College, Nagaur, Nagaur - Fees, Cutoff, Ranking 2026 | NEET Counselling","Get complete details about MBBS admission at Govt Medical College, Nagaur in Nagaur, Rajasthan. Check 2026 cutoff marks, fee structure, ranking, infrastructure, seat matrix, and admission process. Government NMC approved college.","Govt Medical College, Nagaur"
https://neetcounselors.com/colleges/govt-medical-college-wanaparthy,200,"MBBS at Govt Medical College, Wanaparthy, Wanaparthy - Fees, Cutoff, Ranking 2026 | NEET Counselling","Get complete details about MBBS admission at Govt Medical College, Wanaparthy in Wanaparthy, Telangana. Check 2026 cutoff marks, fee structure, ranking, infrastructure, seat matrix, and admission process. Government NMC approved college.","Govt Medical College, Wanaparthy"
https://neetcounselors.com/colleges/govt-dental-college-hosp-ahmedabad,200,"BDS at Govt. Dental College & Hosp, Ahmedabad, Ahmedabad - Fees, Cutoff, Ranking 2026 | NEET Counselling","Get complete details about BDS admission at Govt. Dental College & Hosp, Ahmedabad in Ahmedabad, Gujarat. Check 2026 cutoff marks, fee structure, ranking, infrastructure, seat matrix, and admission process. Government NMC approved college.","Govt. Dental College & Hosp, Ahmedabad"
https://neetcounselors.com/colleges/govt-dc-research-inst-bellary,200,"BDS at Govt. DC & Research Inst., Bellary, Bellary - Fees, Cutoff, Ranking 2026 | NEET Counselling","Get complete details about BDS admission at Govt. DC & Research Inst., Bellary in Bellary, Karnataka. Check 2026 cutoff marks, fee structure, ranking, infrastructure, seat matrix, and admission process. Government NMC approved college.","Govt. DC & Research Inst., Bellary"
https://neetcounselors.com/colleges/govt-d-c-research-inst-bangalore,200,"BDS at Govt. D.C. & Research Inst, Bangalore, Bangalore - Fees, Cutoff, Ranking 2026 | NEET Counselling","Get complete details about BDS admission at Govt. D.C. & Research Inst, Bangalore in Bangalore, Karnataka. Check 2026 cutoff marks, fee structure, ranking, infrastructure, seat matrix, and admission process. Government NMC approved college.","Govt. D.C. & Research Inst, Bangalore"
https://neetcounselors.com/colleges/govt-dental-coll-hosp-jamnagar,200,"BDS at Govt. Dental Coll.& Hosp., Jamnagar, Jamnagar - Fees, Cutoff, Ranking 2026 | NEET Counselling","Get complete details about BDS admission at Govt. Dental Coll.& Hosp., Jamnagar in Jamnagar, Gujarat. Check 2026 cutoff marks, fee structure, ranking, infrastructure, seat matrix, and admission process. Government NMC approved college.","Govt. Dental Coll.& Hosp., Jamnagar"
https://neetcounselors.com/colleges/govt-college-of-dentistry-indore,200,"MBBS at Govt. College of Dentistry, Indore, Indore - Fees, Cutoff, Ranking 2026 | NEET Counselling","Get complete details about BDS, MBBS admission at Govt. College of Dentistry, Indore in Indore, Madhya Pradesh. Check 2026 cutoff marks, fee structure, ranking, infrastructure, seat matrix, and admission process. Government NMC approved college.","Govt. College of Dentistry, Indore"
https://neetcounselors.com/colleges/govt-medical-college-shahdol,200,"MBBS at Govt Medical College Shahdol, Madhya Pradesh - Fees, Cutoff, Ranking 2026 | NEET Counselling","Get complete details about MBBS admission at Govt Medical College Shahdol in Madhya Pradesh, Madhya Pradesh. Check 2026 cutoff marks, fee structure, ranking, infrastructure, seat matrix, and admission process. Government NMC approved college.",Govt Medical College Shahdol
https://neetcounselors.com/colleges/govt-medical-college-ratlam,200,"MBBS at Govt Medical College Ratlam, Madhya Pradesh - Fees, Cutoff, Ranking 2026 | NEET Counselling","Get complete details about MBBS admission at Govt Medical College Ratlam in Madhya Pradesh, Madhya Pradesh. Check 2026 cutoff marks, fee structure, ranking, infrastructure, seat matrix, and admission process. Government NMC approved college.",Govt Medical College Ratlam
https://neetcounselors.com/colleges/govt-medical-college-nalgonda,200,"MBBS at Govt Medical College Nalgonda, Telangana - Fees, Cutoff, Ranking 2026 | NEET Counselling","Get complete details about MBBS admission at Govt Medical College Nalgonda in Telangana, Telangana. Check 2026 cutoff marks, fee structure, ranking, infrastructure, seat matrix, and admission process. Government NMC approved college.",Govt Medical College Nalgonda
https://neetcounselors.com/colleges/govt-medical-college-kannur,200,"MBBS at Govt Medical College Kannur, Kerala - Fees, Cutoff, Ranking 2026 | NEET Counselling","Get complete details about MBBS admission at Govt Medical College Kannur in Kerala, Kerala. Check 2026 cutoff marks, fee structure, ranking, infrastructure, seat matrix, and admission process. Government NMC approved college.",Govt Medical College Kannur
https://neetcounselors.com/colleges/govt-medical-college-shivpuri,200,"MBBS at Govt Medical college Shivpuri, Madhya Pradesh - Fees, Cutoff, Ranking 2026 | NEET Counselling","Get complete details about MBBS admission at Govt Medical college Shivpuri in Madhya Pradesh, Madhya Pradesh. Check 2026 cutoff marks, fee structure, ranking, infrastructure, seat matrix, and admission process. Government NMC approved college.",Govt Medical college Shivpuri
https://neetcounselors.com/colleges/govt-medical-college-idukki,200,"MBBS at Govt Medical College, Idukki, Idukki - Fees, Cutoff, Ranking 2026 | NEET Counselling","Get complete details about MBBS admission at Govt Medical College, Idukki in Idukki, Kerala. Check 2026 cutoff marks, fee structure, ranking, infrastructure, seat matrix, and admission process. Government NMC approved college.","Govt Medical College, Idukki"
https://neetcounselors.com/colleges/govt-medical-college-churu,200,"MBBS at Govt Medical College, Churu, Churu - Fees, Cutoff, Ranking 2026 | NEET Counselling","Get complete details about MBBS admission at Govt Medical College, Churu in Churu, Rajasthan. Check 2026 cutoff marks, fee structure, ranking, infrastructure, seat matrix, and admission process. Government NMC approved college.","Govt Medical College, Churu"
https://neetcounselors.com/colleges/govt-medical-college-ernakulam,200,"MBBS at Govt Medical College, Ernakulam, Ernakulam - Fees, Cutoff, Ranking 2026 | NEET Counselling","Get complete details about MBBS admission at Govt Medical College, Ernakulam in Ernakulam, Kerala. Check 2026 cutoff marks, fee structure, ranking, infrastructure, seat matrix, and admission process. Government NMC approved college.","Govt Medical College, Ernakulam"
https://neetcounselors.com/colleges/govt-medical-college-vikarabad,200,"MBBS at Govt Medical College Vikarabad, Telangana - Fees, Cutoff, Ranking 2026 | NEET Counselling","Get complete details about MBBS admission at Govt Medical College Vikarabad in Telangana, Telangana. Check 2026 cutoff marks, fee structure, ranking, infrastructure, seat matrix, and admission process. Government NMC approved college.",Govt Medical College Vikarabad
https://neetcounselors.com/colleges/govt-medical-college-dungarpur,200,"MBBS at Govt Medical College, Dungarpur, Dungarpur - Fees, Cutoff, Ranking 2026 | NEET Counselling","Get complete details about MBBS admission at Govt Medical College, Dungarpur in Dungarpur, Rajasthan. Check 2026 cutoff marks, fee structure, ranking, infrastructure, seat matrix, and admission process. Government NMC approved college.","Govt Medical College, Dungarpur"
https://neetcounselors.com/colleges/govt-medical-college-vizianagaram,200,"MBBS at Govt Medical College Vizianagaram, Andhra Pradesh - Fees, Cutoff, Ranking 2026 | NEET Counselling","Get complete details about MBBS admission at Govt Medical College Vizianagaram in Andhra Pradesh, Andhra Pradesh. Check 2026 cutoff marks, fee structure, ranking, infrastructure, seat matrix, and admission process. Government NMC approved college.",Govt Medical College Vizianagaram
https://neetcounselors.com/colleges/govt-medical-college-kannauj,200,"MBBS at Govt. Medical College, Kannauj, Kannauj - Fees, Cutoff, Ranking 2026 | NEET Counselling","Get complete details about MBBS admission at Govt. Medical College, Kannauj in Kannauj, Uttar Pradesh. Check 2026 cutoff marks, fee structure, ranking, infrastructure, seat matrix, and admission process. Government NMC approved college.","Govt. Medical College, Kannauj"
https://neetcounselors.com/colleges/govt-dental-college-hosp-aurangabad,200,"BDS at Govt. Dental College & Hosp., Aurangabad, Aurangabad - Fees, Cutoff, Ranking 2026 | NEET Counselling","Get complete details about BDS admission at Govt. Dental College & Hosp., Aurangabad in Aurangabad, Maharashtra. Check 2026 cutoff marks, fee structure, ranking, infrastructure, seat matrix, and admission process. Government NMC approved college.","Govt. Dental College & Hosp., Aurangabad"
https://neetcounselors.com/colleges/govt-medical-college-jammu,200,"MBBS at Govt. Medical College, Jammu, Jammu - Fees, Cutoff, Ranking 2026 | NEET Counselling","Get complete details about MBBS admission at Govt. Medical College, Jammu in Jammu, Jammu and Kashmir. Check 2026 cutoff marks, fee structure, ranking, infrastructure, seat matrix, and admission process. Government NMC approved college.","Govt. Medical College, Jammu"
https://neetcounselors.com/colleges/govt-medical-college-aurangabad,200,"MBBS at Govt. Medical College, Aurangabad, Aurangabad - Fees, Cutoff, Ranking 2026 | NEET Counselling","Get complete details about MBBS admission at Govt. Medical College, Aurangabad in Aurangabad, Maharashtra. Check 2026 cutoff marks, fee structure, ranking, infrastructure, seat matrix, and admission process. Government NMC approved college.","Govt. Medical College, Aurangabad"
https://neetcounselors.com/colleges/govt-medical-college-rajanna-sircilla,200,"MBBS at Govt. Medical College Rajanna Sircilla, Telangana - Fees, Cutoff, Ranking 2026 | NEET Counselling","Get complete details about MBBS, BDS admission at Govt. Medical College Rajanna Sircilla in Telangana, Telangana. Check 2026 cutoff marks, fee structure, ranking, infrastructure, seat matrix, and admission process. Government NMC approved college.",Govt. Medical College Rajanna Sircilla
https://neetcounselors.com/colleges/govt-medical-college-nagpur,200,"MBBS at Govt. Medical College, Nagpur, Nagpur - Fees, Cutoff, Ranking 2026 | NEET Counselling","Get complete details about MBBS admission at Govt. Medical College, Nagpur in Nagpur, Maharashtra. Check 2026 cutoff marks, fee structure, ranking, infrastructure, seat matrix, and admission process. Government NMC approved college.","Govt. Medical College, Nagpur"
https://neetcounselors.com/colleges/govt-medical-college-kottayam,200,"MBBS at Govt. Medical College, Kottayam, Kottayam - Fees, Cutoff, Ranking 2026 | NEET Counselling","Get complete details about MBBS admission at Govt. Medical College, Kottayam in Kottayam, Kerala. Check 2026 cutoff marks, fee structure, ranking, infrastructure, seat matrix, and admission process. Government NMC approved college.","Govt. Medical College, Kottayam"
https://neetcounselors.com/colleges/govt-medical-college-kumuram-bheem-asifabad,200,"MBBS at Govt. Medical College, Kumuram Bheem Asifabad, Kumuram Bheem Asifabad - Fees, Cutoff, Ranking 2026 | NEET Counselling","Get complete details about MBBS admission at Govt. Medical College, Kumuram Bheem Asifabad in Kumuram Bheem Asifabad, Telangana. Check 2026 cutoff marks, fee structure, ranking, infrastructure, seat matrix, and admission process. Government NMC approved college.","Govt. Medical College, Kumuram Bheem Asifabad"
https://neetcounselors.com/colleges/govt-medical-college-kozhikode,200,"MBBS at Govt. Medical College, Kozhikode, Kozhikode - Fees, Cutoff, Ranking 2026 | NEET Counselling","Get complete details about MBBS admission at Govt. Medical College, Kozhikode in Kozhikode, Kerala. Check 2026 cutoff marks, fee structure, ranking, infrastructure, seat matrix, and admission process. Government NMC approved college.","Govt. Medical College, Kozhikode"
https://neetcounselors.com/colleges/govt-medical-college-khandwa,200,"MBBS at Govt. Medical College, Khandwa, Khandwa - Fees, Cutoff, Ranking 2026 | NEET Counselling","Get complete details about MBBS admission at Govt. Medical College, Khandwa in Khandwa, Madhya Pradesh. Check 2026 cutoff marks, fee structure, ranking, infrastructure, seat matrix, and admission process. Government NMC approved college.","Govt. Medical College, Khandwa"
https://neetcounselors.com/colleges/govt-dental-college-hosp-nagpur,200,"BDS at Govt. Dental College & Hosp., Nagpur, Nagpur - Fees, Cutoff, Ranking 2026 | NEET Counselling","Get complete details about BDS admission at Govt. Dental College & Hosp., Nagpur in Nagpur, Maharashtra. Check 2026 cutoff marks, fee structure, ranking, infrastructure, seat matrix, and admission process. Government NMC approved college.","Govt. Dental College & Hosp., Nagpur"
https://neetcounselors.com/colleges/govt-dental-college-kottayam,200,"BDS at Govt. Dental College, Kottayam, Kottayam - Fees, Cutoff, Ranking 2026 | NEET Counselling","Get complete details about BDS admission at Govt. Dental College, Kottayam in Kottayam, Kerala. Check 2026 cutoff marks, fee structure, ranking, infrastructure, seat matrix, and admission process. Government NMC approved college.","Govt. Dental College, Kottayam"
https://neetcounselors.com/colleges/govt-medical-college-karur,200,"MBBS at Govt. Medical College Karur, Tamil Nadu - Fees, Cutoff, Ranking 2026 | NEET Counselling","Get complete details about MBBS, BDS admission at Govt. Medical College Karur in Tamil Nadu, Tamil Nadu. Check 2026 cutoff marks, fee structure, ranking, infrastructure, seat matrix, and admission process. Government NMC approved college.",Govt. Medical College Karur
https://neetcounselors.com/colleges/govt-dental-college-raipur,200,"MBBS at Govt. Dental College, Raipur, Raipur - Fees, Cutoff, Ranking 2026 | NEET Counselling","Get complete details about BDS, MBBS admission at Govt. Dental College, Raipur in Raipur, Chhattisgarh. Check 2026 cutoff marks, fee structure, ranking, infrastructure, seat matrix, and admission process. Government NMC approved college.","Govt. Dental College, Raipur"
https://neetcounselors.com/colleges/govt-dental-college-kozikode,200,"BDS at Govt. Dental College, Kozikode, Kozikode - Fees, Cutoff, Ranking 2026 | NEET Counselling","Get complete details about BDS admission at Govt. Dental College, Kozikode in Kozikode, Kerala. Check 2026 cutoff marks, fee structure, ranking, infrastructure, seat matrix, and admission process. Government NMC approved college.","Govt. Dental College, Kozikode"
https://neetcounselors.com/colleges/govt-dental-college-hosp-mumbai,200,"MBBS at Govt. Dental College & Hosp., Mumbai, Mumbai - Fees, Cutoff, Ranking 2026 | NEET Counselling","Get complete details about BDS, MBBS admission at Govt. Dental College & Hosp., Mumbai in Mumbai, Maharashtra. Check 2026 cutoff marks, fee structure, ranking, infrastructure, seat matrix, and admission process. Government NMC approved college.","Govt. Dental College & Hosp., Mumbai"
https://neetcounselors.com/colleges/govt-medical-college-jayashankar-bhupalpally,200,"MBBS at Govt. Medical College Jayashankar Bhupalpally, Telangana - Fees, Cutoff, Ranking 2026 | NEET Counselling","Get complete details about MBBS admission at Govt. Medical College Jayashankar Bhupalpally in Telangana, Telangana. Check 2026 cutoff marks, fee structure, ranking, infrastructure, seat matrix, and admission process. Government NMC approved college.",Govt. Medical College Jayashankar Bhupalpally
https://neetcounselors.com/colleges/govt-kilpauk-medical-college-chennai,200,"MBBS at Govt. Kilpauk Medical College, Chennai, Chennai - Fees, Cutoff, Ranking 2026 | NEET Counselling","Get complete details about MBBS admission at Govt. Kilpauk Medical College, Chennai in Chennai, Tamil Nadu. Check 2026 cutoff marks, fee structure, ranking, infrastructure, seat matrix, and admission process. Government NMC approved college.","Govt. Kilpauk Medical College, Chennai"
https://neetcounselors.com/colleges/govt-medical-college-and-hospital-chandrapur,200,"MBBS at Govt. Medical College and Hospital, Chandrapur, Chandrapur - Fees, Cutoff, Ranking 2026 | NEET Counselling","Get complete details about MBBS admission at Govt. Medical College and Hospital, Chandrapur in Chandrapur, Maharashtra. Check 2026 cutoff marks, fee structure, ranking, infrastructure, seat matrix, and admission process. Government NMC approved college.","Govt. Medical College and Hospital, Chandrapur"
https://neetcounselors.com/colleges/govt-dental-college-shimla,200,"BDS at Govt. Dental College, Shimla, Shimla - Fees, Cutoff, Ranking 2026 | NEET Counselling","Get complete details about BDS admission at Govt. Dental College, Shimla in Shimla, Himachal Pradesh. Check 2026 cutoff marks, fee structure, ranking, infrastructure, seat matrix, and admission process. Government NMC approved college.","Govt. Dental College, Shimla"
https://neetcounselors.com/colleges/govt-dental-college-trivandrum,200,"BDS at Govt. Dental College, Trivandrum, Trivandrum - Fees, Cutoff, Ranking 2026 | NEET Counselling","Get complete details about BDS admission at Govt. Dental College, Trivandrum in Trivandrum, Kerala. Check 2026 cutoff marks, fee structure, ranking, infrastructure, seat matrix, and admission process. Government NMC approved college.","Govt. Dental College, Trivandrum"
https://neetcounselors.com/colleges/j-r-medical-college-and-hospital,200,"MBBS at J R Medical College and Hospital, Tamil Nadu - Fees, Cutoff, Ranking 2026 | NEET Counselling","Get complete details about MBBS admission at J R Medical College and Hospital in Tamil Nadu, Tamil Nadu. Check 2026 cutoff marks, fee structure, ranking, infrastructure, seat matrix, and admission process. Government NMC approved college.",J R Medical College and Hospital
https://neetcounselors.com/colleges/madurai-medical-college-madurai,200,"MBBS at Madurai Medical College, Madurai, Madurai - Fees, Cutoff, Ranking 2026 | NEET Counselling","Get complete details about MBBS admission at Madurai Medical College, Madurai in Madurai, Tamil Nadu. Check 2026 cutoff marks, fee structure, ranking, infrastructure, seat matrix, and admission process. Government NMC approved college.","Madurai Medical College, Madurai"
https://neetcounselors.com/colleges/madras-medical-college-chennai,200,"MBBS at Madras Medical College, Chennai, Chennai - Fees, Cutoff, Ranking 2026 | NEET Counselling","Get complete details about MBBS admission at Madras Medical College, Chennai in Chennai, Tamil Nadu. Check 2026 cutoff marks, fee structure, ranking, infrastructure, seat matrix, and admission process. Government NMC approved college.","Madras Medical College, Chennai"
https://neetcounselors.com/colleges/govt-dharamapuri-med-coll-dharmapuri,200,"MBBS at Govt. Dharamapuri Med Coll, Dharmapuri, Dharmapuri - Fees, Cutoff, Ranking 2026 | NEET Counselling","Get complete details about MBBS admission at Govt. Dharamapuri Med Coll, Dharmapuri in Dharmapuri, Tamil Nadu. Check 2026 cutoff marks, fee structure, ranking, infrastructure, seat matrix, and admission process. Government NMC approved college.","Govt. Dharamapuri Med Coll, Dharmapuri"
https://neetcounselors.com/colleges/m-g-m-medical-college-jamshedpur,200,"MBBS at M.G.M. Medical College, Jamshedpur, Jamshedpur - Fees, Cutoff, Ranking 2026 | NEET Counselling","Get complete details about MBBS admission at M.G.M. Medical College, Jamshedpur in Jamshedpur, Jharkhand. Check 2026 cutoff marks, fee structure, ranking, infrastructure, seat matrix, and admission process. Government NMC approved college.","M.G.M. Medical College, Jamshedpur"
https://neetcounselors.com/colleges/m-p-shah-medical-college-jamnagar,200,"MBBS at M.P. Shah Medical College, Jamnagar, Jamnagar - Fees, Cutoff, Ranking 2026 | NEET Counselling","Get complete details about MBBS admission at M.P. Shah Medical College, Jamnagar in Jamnagar, Gujarat. Check 2026 cutoff marks, fee structure, ranking, infrastructure, seat matrix, and admission process. Government NMC approved college.","M.P. Shah Medical College, Jamnagar"
https://neetcounselors.com/colleges/maharshi-devraha-baba-autonomous-state-medical-college-deoria,200,"MBBS at Maharshi Devraha Baba Autonomous State Medical College, Deoria, Deoria - Fees, Cutoff, Ranking 2026 | NEET Counselling","Get complete details about MBBS admission at Maharshi Devraha Baba Autonomous State Medical College, Deoria in Deoria, Uttar Pradesh. Check 2026 cutoff marks, fee structure, ranking, infrastructure, seat matrix, and admission process. Government NMC approved college.","Maharshi Devraha Baba Autonomous State Medical College, Deoria"
https://neetcounselors.com/colleges/maharishi-chyawan-medical-college-koriawas,200,"MBBS at Maharishi Chyawan Medical College, Koriawas, Koriawas - Fees, Cutoff, Ranking 2026 | NEET Counselling","Get complete details about MBBS admission at Maharishi Chyawan Medical College, Koriawas in Koriawas, Haryana. Check 2026 cutoff marks, fee structure, ranking, infrastructure, seat matrix, and admission process. Government NMC approved college.","Maharishi Chyawan Medical College, Koriawas"
https://neetcounselors.com/colleges/maharani-laxmi-bai-medical-coll-jhansi,200,"MBBS at Maharani Laxmi Bai Medical Coll, Jhansi, Jhansi - Fees, Cutoff, Ranking 2026 | NEET Counselling","Get complete details about MBBS admission at Maharani Laxmi Bai Medical Coll, Jhansi in Jhansi, Uttar Pradesh. Check 2026 cutoff marks, fee structure, ranking, infrastructure, seat matrix, and admission process. Government NMC approved college.","Maharani Laxmi Bai Medical Coll, Jhansi"
https://neetcounselors.com/colleges/maharaja-jitendra-narayan-medical-college,200,"MBBS at Maharaja Jitendra Narayan Medical College, West Bengal - Fees, Cutoff, Ranking 2026 | NEET Counselling","Get complete details about MBBS admission at Maharaja Jitendra Narayan Medical College in West Bengal, West Bengal. Check 2026 cutoff marks, fee structure, ranking, infrastructure, seat matrix, and admission process. Government NMC approved college.",Maharaja Jitendra Narayan Medical College
https://neetcounselors.com/colleges/lakhimpur-medical-college-north-lakhimpur,200,"MBBS at Lakhimpur Medical College, North Lakhimpur, North Lakhimpur - Fees, Cutoff, Ranking 2026 | NEET Counselling","Get complete details about MBBS admission at Lakhimpur Medical College, North Lakhimpur in North Lakhimpur, Assam. Check 2026 cutoff marks, fee structure, ranking, infrastructure, seat matrix, and admission process. Government NMC approved college.","Lakhimpur Medical College, North Lakhimpur"
https://neetcounselors.com/colleges/lady-hardinge-medical-college-new-delhi,200,"MBBS at Lady Hardinge Medical College, New Delhi, New Delhi - Fees, Cutoff, Ranking 2026 | NEET Counselling","Get complete details about MBBS admission at Lady Hardinge Medical College, New Delhi in New Delhi, Delhi. Check 2026 cutoff marks, fee structure, ranking, infrastructure, seat matrix, and admission process. Government NMC approved college.","Lady Hardinge Medical College, New Delhi"
https://neetcounselors.com/colleges/maharaja-k-c-gajapati-m-c-brahmapur,200,"MBBS at Maharaja K.C. Gajapati M.C., Brahmapur, Brahmapur - Fees, Cutoff, Ranking 2026 | NEET Counselling","Get complete details about MBBS admission at Maharaja K.C. Gajapati M.C., Brahmapur in Brahmapur, Odisha. Check 2026 cutoff marks, fee structure, ranking, infrastructure, seat matrix, and admission process. Government NMC approved college.","Maharaja K.C. Gajapati M.C., Brahmapur"
https://neetcounselors.com/colleges/m-g-m-medical-college-indore,200,"MBBS at M.G.M. Medical College, Indore, Indore - Fees, Cutoff, Ranking 2026 | NEET Counselling","Get complete details about MBBS admission at M.G.M. Medical College, Indore in Indore, Madhya Pradesh. Check 2026 cutoff marks, fee structure, ranking, infrastructure, seat matrix, and admission process. Government NMC approved college.","M.G.M. Medical College, Indore"
https://neetcounselors.com/colleges/m-g-d-c-hospital,200,"BDS at M.G.D.C. & Hospital, Puducherry - Fees, Cutoff, Ranking 2026 | NEET Counselling","Get complete details about BDS admission at M.G.D.C. & Hospital in Puducherry, Puducherry. Check 2026 cutoff marks, fee structure, ranking, infrastructure, seat matrix, and admission process. Government NMC approved college.",M.G.D.C. & Hospital
https://neetcounselors.com/colleges/lt-b-r-k-government-medical-college-jagdalpur,200,"MBBS at Lt. B R K Government Medical College, Jagdalpur, Jagdalpur - Fees, Cutoff, Ranking 2026 | NEET Counselling","Get complete details about MBBS, BDS admission at Lt. B R K Government Medical College, Jagdalpur in Jagdalpur, Chhattisgarh. Check 2026 cutoff marks, fee structure, ranking, infrastructure, seat matrix, and admission process. Government NMC approved college.","Lt. B R K Government Medical College, Jagdalpur"
https://neetcounselors.com/colleges/lokmanya-tilak-municipal-m-c-mumbai,200,"MBBS at Lokmanya Tilak Municipal M C, Mumbai, Mumbai - Fees, Cutoff, Ranking 2026 | NEET Counselling","Get complete details about MBBS admission at Lokmanya Tilak Municipal M C, Mumbai in Mumbai, Maharashtra. Check 2026 cutoff marks, fee structure, ranking, infrastructure, seat matrix, and admission process. Government NMC approved college.","Lokmanya Tilak Municipal M C, Mumbai"
https://neetcounselors.com/colleges/lt-l-a-m-govt-medical-college-raigarh,200,"MBBS at Lt. L A M Govt. Medical College, Raigarh, Raigarh - Fees, Cutoff, Ranking 2026 | NEET Counselling","Get complete details about MBBS admission at Lt. L A M Govt. Medical College, Raigarh in Raigarh, Chhattisgarh. Check 2026 cutoff marks, fee structure, ranking, infrastructure, seat matrix, and admission process. Government NMC approved college.","Lt. L A M Govt. Medical College, Raigarh"
https://neetcounselors.com/colleges/manipal-tata-medical-college,200,"MBBS at Manipal Tata Medical College, Jharkhand - Fees, Cutoff, Ranking 2026 | NEET Counselling","Get complete details about MBBS admission at Manipal Tata Medical College in Jharkhand, Jharkhand. Check 2026 cutoff marks, fee structure, ranking, infrastructure, seat matrix, and admission process. Government NMC approved college.",Manipal Tata Medical College
https://neetcounselors.com/colleges/manipal-college-of-dental-science-mangalore,200,"BDS at Manipal College of Dental Science, Mangalore, Mangalore - Fees, Cutoff, Ranking 2026 | NEET Counselling","Get complete details about BDS admission at Manipal College of Dental Science, Mangalore in Mangalore, Karnataka. Check 2026 cutoff marks, fee structure, ranking, infrastructure, seat matrix, and admission process. Government NMC approved college.","Manipal College of Dental Science, Mangalore"
https://neetcounselors.com/colleges/manipal-college-of-dental-sce-manipal,200,"BDS at Manipal College of Dental Sce., Manipal, Manipal - Fees, Cutoff, Ranking 2026 | NEET Counselling","Get complete details about BDS admission at Manipal College of Dental Sce., Manipal in Manipal, Karnataka. Check 2026 cutoff marks, fee structure, ranking, infrastructure, seat matrix, and admission process. Government NMC approved college.","Manipal College of Dental Sce., Manipal"
https://neetcounselors.com/colleges/mandya-inst-of-medical-sci-mandya,200,"MBBS at Mandya Inst. of Medical Sci., Mandya, Mandya - Fees, Cutoff, Ranking 2026 | NEET Counselling","Get complete details about MBBS admission at Mandya Inst. of Medical Sci., Mandya in Mandya, Karnataka. Check 2026 cutoff marks, fee structure, ranking, infrastructure, seat matrix, and admission process. Government NMC approved college.","Mandya Inst. of Medical Sci., Mandya"
https://neetcounselors.com/colleges/maulana-azad-medical-college-new-delhi,200,"MBBS at Maulana Azad Medical College, New Delhi, New Delhi - Fees, Cutoff, Ranking 2026 | NEET Counselling","Get complete details about MBBS admission at Maulana Azad Medical College, New Delhi in New Delhi, Delhi. Check 2026 cutoff marks, fee structure, ranking, infrastructure, seat matrix, and admission process. Government NMC approved college.","Maulana Azad Medical College, New Delhi"
https://neetcounselors.com/colleges/manav-rachna-dental-college-faridabad,200,"MBBS at Manav Rachna Dental College Faridabad, Haryana - Fees, Cutoff, Ranking 2026 | NEET Counselling","Get complete details about BDS, MBBS admission at Manav Rachna Dental College Faridabad in Haryana, Haryana. Check 2026 cutoff marks, fee structure, ranking, infrastructure, seat matrix, and admission process. Government NMC approved college.",Manav Rachna Dental College Faridabad
https://neetcounselors.com/colleges/maulana-azad-institute-of-dental-sciences-new-delhi,200,"BDS at Maulana Azad Institute of Dental Sciences, New Delhi, New Delhi - Fees, Cutoff, Ranking 2026 | NEET Counselling","Get complete details about BDS admission at Maulana Azad Institute of Dental Sciences, New Delhi in New Delhi, Delhi. Check 2026 cutoff marks, fee structure, ranking, infrastructure, seat matrix, and admission process. Government NMC approved college.","Maulana Azad Institute of Dental Sciences, New Delhi"
https://neetcounselors.com/colleges/mahatma-gandhi-mission-medical-college-nerul,200,"MBBS at Mahatma Gandhi Mission Medical College, Nerul, Nerul - Fees, Cutoff, Ranking 2026 | NEET Counselling","Get complete details about MBBS admission at Mahatma Gandhi Mission Medical College, Nerul in Nerul, Maharashtra. Check 2026 cutoff marks, fee structure, ranking, infrastructure, seat matrix, and admission process. Government NMC approved college.","Mahatma Gandhi Mission Medical College, Nerul"
https://neetcounselors.com/colleges/mahatma-gandhi-mission-medical-college-vashi,200,"MBBS at Mahatma Gandhi Mission Medical College, Vashi, Vashi - Fees, Cutoff, Ranking 2026 | NEET Counselling","Get complete details about MBBS admission at Mahatma Gandhi Mission Medical College, Vashi in Vashi, Maharashtra. Check 2026 cutoff marks, fee structure, ranking, infrastructure, seat matrix, and admission process. Government NMC approved college.","Mahatma Gandhi Mission Medical College, Vashi"
https://neetcounselors.com/colleges/mahatma-gandhi-missions-medical-college-panvel,200,"MBBS at Mahatma Gandhi Missions Medical College, Panvel, Panvel - Fees, Cutoff, Ranking 2026 | NEET Counselling","Get complete details about MBBS admission at Mahatma Gandhi Missions Medical College, Panvel in Panvel, Maharashtra. Check 2026 cutoff marks, fee structure, ranking, infrastructure, seat matrix, and admission process. Government NMC approved college.","Mahatma Gandhi Missions Medical College, Panvel"
https://neetcounselors.com/colleges/mahatma-gandhi-medical-college-pondicherry,200,"MBBS at Mahatma Gandhi Medical College, Pondicherry, Pondicherry - Fees, Cutoff, Ranking 2026 | NEET Counselling","Get complete details about MBBS, BDS admission at Mahatma Gandhi Medical College, Pondicherry in Pondicherry, Puducherry. Check 2026 cutoff marks, fee structure, ranking, infrastructure, seat matrix, and admission process. Government NMC approved college.","Mahatma Gandhi Medical College, Pondicherry"
https://neetcounselors.com/colleges/mahatma-vidur-autonomous-state-medical-college-bijnor,200,"MBBS at Mahatma Vidur Autonomous State Medical College, Bijnor, Bijnor - Fees, Cutoff, Ranking 2026 | NEET Counselling","Get complete details about MBBS admission at Mahatma Vidur Autonomous State Medical College, Bijnor in Bijnor, Uttar Pradesh. Check 2026 cutoff marks, fee structure, ranking, infrastructure, seat matrix, and admission process. Government NMC approved college.","Mahatma Vidur Autonomous State Medical College, Bijnor"
https://neetcounselors.com/colleges/malla-reddy-institute-of-medical-sciences-hyderabad,200,"MBBS at Malla Reddy Institute of Medical Sciences, Hyderabad, Hyderabad - Fees, Cutoff, Ranking 2026 | NEET Counselling","Get complete details about MBBS admission at Malla Reddy Institute of Medical Sciences, Hyderabad in Hyderabad, Telangana. Check 2026 cutoff marks, fee structure, ranking, infrastructure, seat matrix, and admission process. Government NMC approved college.","Malla Reddy Institute of Medical Sciences, Hyderabad"
https://neetcounselors.com/colleges/jipmer-karaikal,200,"MBBS at JIPMER Karaikal, Puducherry - Fees, Cutoff, Ranking 2026 | NEET Counselling","Get complete details about MBBS admission at JIPMER Karaikal in Puducherry, Puducherry. Check 2026 cutoff marks, fee structure, ranking, infrastructure, seat matrix, and admission process. Government NMC approved college.",JIPMER Karaikal
https://neetcounselors.com/colleges/jipmer-puducherry,200,"MBBS at JIPMER Puducherry, Puducherry - Fees, Cutoff, Ranking 2026 | NEET Counselling","Get complete details about MBBS admission at JIPMER Puducherry in Puducherry, Puducherry. Check 2026 cutoff marks, fee structure, ranking, infrastructure, seat matrix, and admission process. Government NMC approved college.",JIPMER Puducherry
https://neetcounselors.com/colleges/malla-reddy-medical-college-for-women-hyderabad,200,"MBBS at Malla Reddy Medical College for Women, Hyderabad, Hyderabad - Fees, Cutoff, Ranking 2026 | NEET Counselling","Get complete details about MBBS admission at Malla Reddy Medical College for Women, Hyderabad in Hyderabad, Telangana. Check 2026 cutoff marks, fee structure, ranking, infrastructure, seat matrix, and admission process. Government NMC approved college.","Malla Reddy Medical College for Women, Hyderabad"
https://neetcounselors.com/colleges/malda-med-college-malda,200,"Malda Med. College, Malda — MBBS Fees, Cutoff, Admission 2026 | NEET Counselling","Malda Med. College, Malda West Bengal — MBBS fees, cutoff ranks, seat matrix, and admission process 2026. NMC-approved medical college.","Malda Med. College, Malda"
https://neetcounselors.com/colleges/l-l-r-m-medical-college-meerut,200,"L.L.R.M. Medical College, Meerut — MBBS Fees, Cutoff, Admission 2026 | NEET Counselling","L.L.R.M. Medical College, Meerut Uttar Pradesh — MBBS fees, cutoff ranks, seat matrix, and admission process 2026. NMC-approved medical college.","L.L.R.M. Medical College, Meerut"
https://neetcounselors.com/colleges/malla-reddy-institute-of-dental-sciences-hyderabad,200,"Malla Reddy Institute of Dental Sciences, Hyderabad — MBBS Fees, Cutoff, Admission 2026 | NEET Counselling","Malla Reddy Institute of Dental Sciences, Hyderabad Telangana — MBBS fees, cutoff ranks, seat matrix, and admission process 2026. NMC-approved medical college.","Malla Reddy Institute of Dental Sciences, Hyderabad"
https://neetcounselors.com/colleges/aarupadai-veedu-medical-college-and-hospt,200,"MBBS at Aarupadai Veedu Medical College and Hospt., Puducherry - Fees, Cutoff, Ranking 2026 | NEET Counselling","Get complete details about MBBS admission at Aarupadai Veedu Medical College and Hospt. in Puducherry, Puducherry. Check 2026 cutoff marks, fee structure, ranking, infrastructure, seat matrix, and admission process. Government NMC approved college.",Aarupadai Veedu Medical College and Hospt.
https://neetcounselors.com/colleges/malla-reddy-dental-college-for-women-hyderabad,200,"Malla Reddy Dental College For Women, Hyderabad — MBBS Fees, Cutoff, Admission 2026 | NEET Counselling","Malla Reddy Dental College For Women, Hyderabad Telangana — MBBS fees, cutoff ranks, seat matrix, and admission process 2026. NMC-approved medical college.","Malla Reddy Dental College For Women, Hyderabad"
https://neetcounselors.com/colleges/jss-medical-college-mysuru,200,"JSS Medical College, Mysuru — MBBS Fees, Cutoff, Admission 2026 | NEET Counselling","JSS Medical College, Mysuru Karnataka — MBBS fees, cutoff ranks, seat matrix, and admission process 2026. NMC-approved medical college.","JSS Medical College, Mysuru"
https://neetcounselors.com/colleges/jss-dental-college-mysuru,200,"JSS Dental College, Mysuru — MBBS Fees, Cutoff, Admission 2026 | NEET Counselling","JSS Dental College, Mysuru Karnataka — MBBS fees, cutoff ranks, seat matrix, and admission process 2026. NMC-approved medical college.","JSS Dental College, Mysuru"
https://neetcounselors.com/colleges/jln-ims-imphal,200,"JLN IMS, Imphal — MBBS Fees, Cutoff, Admission 2026 | NEET Counselling","JLN IMS, Imphal Manipur — MBBS fees, cutoff ranks, seat matrix, and admission process 2026. NMC-approved medical college.","JLN IMS, Imphal"
https://neetcounselors.com/colleges/jln-medical-college-datta-meghe-wardha,200,"JLN Medical College, Datta Meghe, Wardha — MBBS Fees, Cutoff, Admission 2026 | NEET Counselling","JLN Medical College, Datta Meghe, Wardha Maharashtra — MBBS fees, cutoff ranks, seat matrix, and admission process 2026. NMC-approved medical college.","JLN Medical College, Datta Meghe, Wardha"
https://neetcounselors.com/colleges/jorhat-medical-college-and-hospital,200,"Jorhat Medical College and Hospital — MBBS Fees, Cutoff, Admission 2026 | NEET Counselling","Jorhat Medical College and Hospital Assam — MBBS fees, cutoff ranks, seat matrix, and admission process 2026. NMC-approved medical college.",Jorhat Medical College and Hospital
https://neetcounselors.com/colleges/jawahar-lal-nehru-medical-ajmer,200,"Jawahar Lal Nehru Medical, Ajmer — MBBS Fees, Cutoff, Admission 2026 | NEET Counselling","Jawahar Lal Nehru Medical, Ajmer Rajasthan — MBBS fees, cutoff ranks, seat matrix, and admission process 2026. NMC-approved medical college.","Jawahar Lal Nehru Medical, Ajmer"
https://neetcounselors.com/colleges/jannayak-karpoori-thakur-medical-college-and-hospital,200,"Jannayak Karpoori Thakur Medical college and Hospital — MBBS Fees, Cutoff, Admission 2026 | NEET Counselling","Jannayak Karpoori Thakur Medical college and Hospital Bihar — MBBS fees, cutoff ranks, seat matrix, and admission process 2026. NMC-approved medical college.",Jannayak Karpoori Thakur Medical college and Hospital
https://neetcounselors.com/colleges/jagadguru-gangadhar-mahaswamigalu-moorusavirmath-medical-college,200,"Jagadguru Gangadhar Mahaswamigalu Moorusavirmath Medical College — MBBS Fees, Cutoff, Admission 2026 | NEET Counselling","Jagadguru Gangadhar Mahaswamigalu Moorusavirmath Medical College Karnataka — MBBS fees, cutoff ranks, seat matrix, and admission process 2026. NMC-approved medical college.",Jagadguru Gangadhar Mahaswamigalu Moorusavirmath Medical College
https://neetcounselors.com/colleges/jawahar-lal-nehru-medical-college-belagavi,200,"Jawahar Lal Nehru Medical College, Belagavi — MBBS Fees, Cutoff, Admission 2026 | NEET Counselling","Jawahar Lal Nehru Medical College, Belagavi Karnataka — MBBS fees, cutoff ranks, seat matrix, and admission process 2026. NMC-approved medical college.","Jawahar Lal Nehru Medical College, Belagavi"
https://neetcounselors.com/colleges/jawaharlal-nehru-institute-of-dental-sciences-imphal,200,"Jawaharlal Nehru Institute of Dental Sciences, Imphal — MBBS Fees, Cutoff, Admission 2026 | NEET Counselling","Jawaharlal Nehru Institute of Dental Sciences, Imphal Manipur — MBBS fees, cutoff ranks, seat matrix, and admission process 2026. NMC-approved medical college.","Jawaharlal Nehru Institute of Dental Sciences, Imphal"
https://neetcounselors.com/colleges/jhargram-government-medical-college-and-hospital,200,"Jhargram Government Medical College and Hospital — MBBS Fees, Cutoff, Admission 2026 | NEET Counselling","Jhargram Government Medical College and Hospital West Bengal — MBBS fees, cutoff ranks, seat matrix, and admission process 2026. NMC-approved medical college.",Jhargram Government Medical College and Hospital
https://neetcounselors.com/colleges/jhalawar-medical-college,200,"Jhalawar Medical College — MBBS Fees, Cutoff, Admission 2026 | NEET Counselling","Jhalawar Medical College Rajasthan — MBBS fees, cutoff ranks, seat matrix, and admission process 2026. NMC-approved medical college.",Jhalawar Medical College
https://neetcounselors.com/colleges/jawaharlal-nehru-medical-college-amu-aligarh,200,"Jawaharlal Nehru Medical College, AMU, Aligarh — MBBS Fees, Cutoff, Admission 2026 | NEET Counselling","Jawaharlal Nehru Medical College, AMU, Aligarh Uttar Pradesh — MBBS fees, cutoff ranks, seat matrix, and admission process 2026. NMC-approved medical college.","Jawaharlal Nehru Medical College, AMU, Aligarh"
https://neetcounselors.com/colleges/kle-vk-inst-of-dental-scie-belagavi,200,"KLE VK Inst. of Dental Scie. Belagavi — MBBS Fees, Cutoff, Admission 2026 | NEET Counselling","KLE VK Inst. of Dental Scie. Belagavi Karnataka — MBBS fees, cutoff ranks, seat matrix, and admission process 2026. NMC-approved medical college.",KLE VK Inst. of Dental Scie. Belagavi
https://neetcounselors.com/colleges/kgmc-lucknow,200,"KGMC, Lucknow — MBBS Fees, Cutoff, Admission 2026 | NEET Counselling","KGMC, Lucknow Uttar Pradesh — MBBS fees, cutoff ranks, seat matrix, and admission process 2026. NMC-approved medical college.","KGMC, Lucknow"
https://neetcounselors.com/colleges/jawaharlal-nehru-medical-college-bhagalpur,200,"Jawaharlal Nehru Medical College, Bhagalpur — MBBS Fees, Cutoff, Admission 2026 | NEET Counselling","Jawaharlal Nehru Medical College, Bhagalpur Bihar — MBBS fees, cutoff ranks, seat matrix, and admission process 2026. NMC-approved medical college.","Jawaharlal Nehru Medical College, Bhagalpur"
https://neetcounselors.com/colleges/kasturba-medical-college-manipal,200,"Kasturba Medical College, Manipal — MBBS Fees, Cutoff, Admission 2026 | NEET Counselling","Kasturba Medical College, Manipal Karnataka — MBBS fees, cutoff ranks, seat matrix, and admission process 2026. NMC-approved medical college.","Kasturba Medical College, Manipal"
https://neetcounselors.com/colleges/kurnool-medical-college-kurnool,200,"Kurnool Medical College, Kurnool — MBBS Fees, Cutoff, Admission 2026 | NEET Counselling","Kurnool Medical College, Kurnool Andhra Pradesh — MBBS fees, cutoff ranks, seat matrix, and admission process 2026. NMC-approved medical college.","Kurnool Medical College, Kurnool"
https://neetcounselors.com/colleges/kasturba-medical-college-mangalore,200,"Kasturba Medical College, Mangalore — MBBS Fees, Cutoff, Admission 2026 | NEET Counselling","Kasturba Medical College, Mangalore Karnataka — MBBS fees, cutoff ranks, seat matrix, and admission process 2026. NMC-approved medical college.","Kasturba Medical College, Mangalore"
https://neetcounselors.com/colleges/krishna-inst-of-med-scie-karad,200,"Krishna Inst. of Med. Scie., Karad — MBBS Fees, Cutoff, Admission 2026 | NEET Counselling","Krishna Inst. of Med. Scie., Karad Maharashtra — MBBS fees, cutoff ranks, seat matrix, and admission process 2026. NMC-approved medical college.","Krishna Inst. of Med. Scie., Karad"
https://neetcounselors.com/colleges/koppal-institute-of-medical-sciences,200,"Koppal Institute of Medical Sciences — MBBS Fees, Cutoff, Admission 2026 | NEET Counselling","Koppal Institute of Medical Sciences Karnataka — MBBS fees, cutoff ranks, seat matrix, and admission process 2026. NMC-approved medical college.",Koppal Institute of Medical Sciences
https://neetcounselors.com/colleges/kokrajhar-medical-college-hospital,200,"Kokrajhar Medical College & Hospital — MBBS Fees, Cutoff, Admission 2026 | NEET Counselling","Kokrajhar Medical College & Hospital Assam — MBBS fees, cutoff ranks, seat matrix, and admission process 2026. NMC-approved medical college.",Kokrajhar Medical College & Hospital
https://neetcounselors.com/colleges/kodagu-institute-of-medical-sciences,200,"Kodagu Institute of Medical Sciences — MBBS Fees, Cutoff, Admission 2026 | NEET Counselling","Kodagu Institute of Medical Sciences Karnataka — MBBS fees, cutoff ranks, seat matrix, and admission process 2026. NMC-approved medical college.",Kodagu Institute of Medical Sciences
https://neetcounselors.com/colleges/kalinga-institute-of-dental-sciences-bhubaneswar,200,"Kalinga Institute of Dental Sciences, Bhubaneswar — MBBS Fees, Cutoff, Admission 2026 | NEET Counselling","Kalinga Institute of Dental Sciences, Bhubaneswar Odisha — MBBS fees, cutoff ranks, seat matrix, and admission process 2026. NMC-approved medical college.","Kalinga Institute of Dental Sciences, Bhubaneswar"
https://neetcounselors.com/colleges/kakatiya-medical-college-warangal,200,"Kakatiya Medical College Warangal — MBBS Fees, Cutoff, Admission 2026 | NEET Counselling","Kakatiya Medical College Warangal Telangana — MBBS fees, cutoff ranks, seat matrix, and admission process 2026. NMC-approved medical college.",Kakatiya Medical College Warangal
https://neetcounselors.com/colleges/karwar-institute-of-medical-sciences-karwar,200,"Karwar Institute of Medical Sciences, Karwar — MBBS Fees, Cutoff, Admission 2026 | NEET Counselling","Karwar Institute of Medical Sciences, Karwar Karnataka — MBBS fees, cutoff ranks, seat matrix, and admission process 2026. NMC-approved medical college.","Karwar Institute of Medical Sciences, Karwar"
https://neetcounselors.com/colleges/k-s-hegde-medical-academy-mangaluru,200,"K.S Hegde Medical Academy, Mangaluru — MBBS Fees, Cutoff, Admission 2026 | NEET Counselling","K.S Hegde Medical Academy, Mangaluru Karnataka — MBBS fees, cutoff ranks, seat matrix, and admission process 2026. NMC-approved medical college.","K.S Hegde Medical Academy, Mangaluru"
https://neetcounselors.com/colleges/k-a-p-viswanatham-govt-medical-college-tiruchirapalli,200,"K.A.P. Viswanatham Govt Medical College, Tiruchirapalli — MBBS Fees, Cutoff, Admission 2026 | NEET Counselling","K.A.P. Viswanatham Govt Medical College, Tiruchirapalli Tamil Nadu — MBBS fees, cutoff ranks, seat matrix, and admission process 2026. NMC-approved medical college.","K.A.P. Viswanatham Govt Medical College, Tiruchirapalli"
https://neetcounselors.com/colleges/kanyakumari-govt-med-coll-asaripallam,200,"Kanyakumari Govt. Med. Coll., Asaripallam — MBBS Fees, Cutoff, Admission 2026 | NEET Counselling","Kanyakumari Govt. Med. Coll., Asaripallam Tamil Nadu — MBBS fees, cutoff ranks, seat matrix, and admission process 2026. NMC-approved medical college.","Kanyakumari Govt. Med. Coll., Asaripallam"
https://neetcounselors.com/colleges/kalinga-institute-of-medical-sciences-bhubaneswar,200,"Kalinga Institute of Medical Sciences, Bhubaneswar — MBBS Fees, Cutoff, Admission 2026 | NEET Counselling","Kalinga Institute of Medical Sciences, Bhubaneswar Odisha — MBBS fees, cutoff ranks, seat matrix, and admission process 2026. NMC-approved medical college.","Kalinga Institute of Medical Sciences, Bhubaneswar"
https://neetcounselors.com/colleges/k-m-shah-dental-collegel-vadodara,200,"K M Shah Dental Collegel, Vadodara — MBBS Fees, Cutoff, Admission 2026 | NEET Counselling","K M Shah Dental Collegel, Vadodara Gujarat — MBBS fees, cutoff ranks, seat matrix, and admission process 2026. NMC-approved medical college.","K M Shah Dental Collegel, Vadodara"
https://neetcounselors.com/colleges/karnatak-inst-of-medical-sc-hubli,200,"Karnatak Inst. of Medical Sc., Hubli — MBBS Fees, Cutoff, Admission 2026 | NEET Counselling","Karnatak Inst. of Medical Sc., Hubli Karnataka — MBBS fees, cutoff ranks, seat matrix, and admission process 2026. NMC-approved medical college.","Karnatak Inst. of Medical Sc., Hubli"
https://neetcounselors.com/colleges/kalpana-chawla-govt-medical-college-karnal,200,"Kalpana Chawla Govt. Medical College, Karnal — MBBS Fees, Cutoff, Admission 2026 | NEET Counselling","Kalpana Chawla Govt. Medical College, Karnal Haryana — MBBS fees, cutoff ranks, seat matrix, and admission process 2026. NMC-approved medical college.","Kalpana Chawla Govt. Medical College, Karnal"
https://neetcounselors.com/counsellors/delhi,200,Best NEET Counsellors in Delhi 2026 — MBBS Guidance | NEET Counselling,"Find the best NEET counsellors in Delhi for 2026 admissions. Get expert guidance for MBBS, BDS, and medical college admission in Delhi, Delhi. Book a free consultation.",Best NEET Counsellors in Delhi
https://neetcounselors.com/counsellors/bangalore,200,Best NEET Counsellors in Bangalore 2026 — MBBS Guidance | NEET Counselling,"Find the best NEET counsellors in Bangalore for 2026 admissions. Get expert guidance for MBBS, BDS, and medical college admission in Bangalore, Karnataka. Book a free consultation.",Best NEET Counsellors in Bangalore
https://neetcounselors.com/counsellors/mumbai,200,Best NEET Counsellors in Mumbai 2026 — MBBS Guidance | NEET Counselling,"Find the best NEET counsellors in Mumbai for 2026 admissions. Get expert guidance for MBBS, BDS, and medical college admission in Mumbai, Maharashtra. Book a free consultation.",Best NEET Counsellors in Mumbai
https://neetcounselors.com/colleges/kalyan-singh-government-medical-college-bulandshahr,200,"Kalyan Singh Government Medical College, Bulandshahr — MBBS Fees, Cutoff, Admission 2026 | NEET Counselling","Kalyan Singh Government Medical College, Bulandshahr Uttar Pradesh — MBBS fees, cutoff ranks, seat matrix, and admission process 2026. NMC-approved medical college.","Kalyan Singh Government Medical College, Bulandshahr"
https://neetcounselors.com/counsellors/chennai,200,Best NEET Counsellors in Chennai 2026 — MBBS Guidance | NEET Counselling,"Find the best NEET counsellors in Chennai for 2026 admissions. Get expert guidance for MBBS, BDS, and medical college admission in Chennai, Tamil Nadu. Book a free consultation.",Best NEET Counsellors in Chennai
https://neetcounselors.com/counsellors/pune,200,Best NEET Counsellors in Pune 2026 — MBBS Guidance | NEET Counselling,"Find the best NEET counsellors in Pune for 2026 admissions. Get expert guidance for MBBS, BDS, and medical college admission in Pune, Maharashtra. Book a free consultation.",Best NEET Counsellors in Pune
https://neetcounselors.com/counsellors/hyderabad,200,Best NEET Counsellors in Hyderabad 2026 — MBBS Guidance | NEET Counselling,"Find the best NEET counsellors in Hyderabad for 2026 admissions. Get expert guidance for MBBS, BDS, and medical college admission in Hyderabad, Telangana. Book a free consultation.",Best NEET Counsellors in Hyderabad
https://neetcounselors.com/counsellors/ahmedabad,200,Best NEET Counsellors in Ahmedabad 2026 — MBBS Guidance | NEET Counselling,"Find the best NEET counsellors in Ahmedabad for 2026 admissions. Get expert guidance for MBBS, BDS, and medical college admission in Ahmedabad, Gujarat. Book a free consultation.",Best NEET Counsellors in Ahmedabad
https://neetcounselors.com/counsellors/kolkata,200,Best NEET Counsellors in Kolkata 2026 — MBBS Guidance | NEET Counselling,"Find the best NEET counsellors in Kolkata for 2026 admissions. Get expert guidance for MBBS, BDS, and medical college admission in Kolkata, West Bengal. Book a free consultation.",Best NEET Counsellors in Kolkata
https://neetcounselors.com/counsellors/lucknow,200,Best NEET Counsellors in Lucknow 2026 — MBBS Guidance | NEET Counselling,"Find the best NEET counsellors in Lucknow for 2026 admissions. Get expert guidance for MBBS, BDS, and medical college admission in Lucknow, Uttar Pradesh. Book a free consultation.",Best NEET Counsellors in Lucknow
https://neetcounselors.com/counsellors/jaipur,200,Best NEET Counsellors in Jaipur 2026 — MBBS Guidance | NEET Counselling,"Find the best NEET counsellors in Jaipur for 2026 admissions. Get expert guidance for MBBS, BDS, and medical college admission in Jaipur, Rajasthan. Book a free consultation.",Best NEET Counsellors in Jaipur
https://neetcounselors.com/counsellors/indore,200,Best NEET Counsellors in Indore 2026 — MBBS Guidance | NEET Counselling,"Find the best NEET counsellors in Indore for 2026 admissions. Get expert guidance for MBBS, BDS, and medical college admission in Indore, Madhya Pradesh. Book a free consultation.",Best NEET Counsellors in Indore
https://neetcounselors.com/counsellors/nagpur,200,Best NEET Counsellors in Nagpur 2026 — MBBS Guidance | NEET Counselling,"Find the best NEET counsellors in Nagpur for 2026 admissions. Get expert guidance for MBBS, BDS, and medical college admission in Nagpur, Maharashtra. Book a free consultation.",Best NEET Counsellors in Nagpur
https://neetcounselors.com/counsellors/bhopal,200,Best NEET Counsellors in Bhopal 2026 — MBBS Guidance | NEET Counselling,"Find the best NEET counsellors in Bhopal for 2026 admissions. Get expert guidance for MBBS, BDS, and medical college admission in Bhopal, Madhya Pradesh. Book a free consultation.",Best NEET Counsellors in Bhopal
https://neetcounselors.com/counsellors/surat,200,Best NEET Counsellors in Surat 2026 — MBBS Guidance | NEET Counselling,"Find the best NEET counsellors in Surat for 2026 admissions. Get expert guidance for MBBS, BDS, and medical college admission in Surat, Gujarat. Book a free consultation.",Best NEET Counsellors in Surat
https://neetcounselors.com/counsellors/patna,200,Best NEET Counsellors in Patna 2026 — MBBS Guidance | NEET Counselling,"Find the best NEET counsellors in Patna for 2026 admissions. Get expert guidance for MBBS, BDS, and medical college admission in Patna, Bihar. Book a free consultation.",Best NEET Counsellors in Patna
https://neetcounselors.com/counsellors/chandigarh,200,Best NEET Counsellors in Chandigarh 2026 — MBBS Guidance | NEET Counselling,"Find the best NEET counsellors in Chandigarh for 2026 admissions. Get expert guidance for MBBS, BDS, and medical college admission in Chandigarh, Chandigarh. Book a free consultation.",Best NEET Counsellors in Chandigarh
https://neetcounselors.com/counsellors/kochi,200,Best NEET Counsellors in Kochi 2026 — MBBS Guidance | NEET Counselling,"Find the best NEET counsellors in Kochi for 2026 admissions. Get expert guidance for MBBS, BDS, and medical college admission in Kochi, Kerala. Book a free consultation.",Best NEET Counsellors in Kochi
https://neetcounselors.com/counsellors/thiruvananthapuram,200,Best NEET Counsellors in Thiruvananthapuram 2026 — MBBS Guidance | NEET Counselling,"Find the best NEET counsellors in Thiruvananthapuram for 2026 admissions. Get expert guidance for MBBS, BDS, and medical college admission in Thiruvananthapuram, Kerala. Book a free consultation.",Best NEET Counsellors in Thiruvananthapuram
https://neetcounselors.com/counsellors/coimbatore,200,Best NEET Counsellors in Coimbatore 2026 — MBBS Guidance | NEET Counselling,"Find the best NEET counsellors in Coimbatore for 2026 admissions. Get expert guidance for MBBS, BDS, and medical college admission in Coimbatore, Tamil Nadu. Book a free consultation.",Best NEET Counsellors in Coimbatore
https://neetcounselors.com/counsellors/guwahati,200,Best NEET Counsellors in Guwahati 2026 — MBBS Guidance | NEET Counselling,"Find the best NEET counsellors in Guwahati for 2026 admissions. Get expert guidance for MBBS, BDS, and medical college admission in Guwahati, Assam. Book a free consultation.",Best NEET Counsellors in Guwahati
https://neetcounselors.com/blog/re-neet-city-intimation-slip-2026,200,Re-NEET City Intimation Slip 2026 Download Guide | NEET Counselling,"Re-NEET City Intimation Slip 2026 has been released. Learn how to download it, whether your exam centre can change, and what candidates should know before the admit card.",Re-NEET City Intimation Slip 2026 Released: Same City or New Centre?
https://neetcounselors.com/,200,2026 — College Predictor & Expert Guidance | NEET Counselling,"Expert NEET and JOSAA counselling for 2026 admissions. Predict your college, get personalized guidance from experienced counsellors, and secure your seat.",Turn Your Rank Into the Right Medical Seat starting from  ₹399
https://neetcounselors.com/login,200,NEET Counselling,Expert NEET and JOSAA counselling services,NATIONAL ELIGIBILITY CUM ENTRANCE TEST (UG)
https://neetcounselors.com/signup,200,NEET Counselling,Expert NEET and JOSAA counselling services,NATIONAL ELIGIBILITY CUM ENTRANCE TEST (UG)
https://neetcounselors.com/blog/re-neet-exam-date-2026-postponed-or-not,200,Re-NEET 2026 Exam Date: Is the Exam Postponed? Check Latest Update | NEET Counselling,"Is Re-NEET 2026 postponed? Check the latest updates on the exam date, NTA website issues, admit card problems, and official clarification for candidates.",Re-NEET Exam Date 2026: Postponed or Not? Latest NTA Clarification
https://neetcounselors.com/cdn-cgi/l/email-protection,404,Email Protection | Cloudflare,,Email Protection
https://neetcounselors.com/blog?page=2,200,"NEET Counselling Blog — Guides, Tips & Expert Advice for 2026 | NEET Counselling","NEET counselling guides, MBBS admission tips, college selection advice, and expert insights for medical aspirants in India",Blog
https://neetcounselors.com/blog?page=3,200,"NEET Counselling Blog — Guides, Tips & Expert Advice for 2026 | NEET Counselling","NEET counselling guides, MBBS admission tips, college selection advice, and expert insights for medical aspirants in India",Blog
https://neetcounselors.com/blog?page=1,200,"NEET Counselling Blog — Guides, Tips & Expert Advice for 2026 | NEET Counselling","NEET counselling guides, MBBS admission tips, college selection advice, and expert insights for medical aspirants in India",Blog
https://neetcounselors.com/blog?sort=newest,200,"NEET Counselling Blog — Guides, Tips & Expert Advice for 2026 | NEET Counselling","NEET counselling guides, MBBS admission tips, college selection advice, and expert insights for medical aspirants in India",Blog
https://neetcounselors.com/blog?sort=oldest,200,"NEET Counselling Blog — Guides, Tips & Expert Advice for 2026 | NEET Counselling","NEET counselling guides, MBBS admission tips, college selection advice, and expert insights for medical aspirants in India",Blog
https://neetcounselors.com/videos?category=this,200,NEET Counselling Videos — Expert Guidance & Tutorials 2026 | NEET Counselling,"Watch NEET counselling video guides, expert tips, college selection advice, and step-by-step tutorials for MBBS admission and counselling process.",Videos
https://neetcounselors.com/blog?page=4,200,"NEET Counselling Blog — Guides, Tips & Expert Advice for 2026 | NEET Counselling","NEET counselling guides, MBBS admission tips, college selection advice, and expert insights for medical aspirants in India",Blog
https://neetcounselors.com/checkout/6a2f55a7693a04d05f0de690,200,NEET Counselling,Expert NEET and JOSAA counselling services,NATIONAL ELIGIBILITY CUM ENTRANCE TEST (UG)
https://neetcounselors.com/checkout/6a2f602f693a04d05f0deeda,200,NEET Counselling,Expert NEET and JOSAA counselling services,NATIONAL ELIGIBILITY CUM ENTRANCE TEST (UG)
https://neetcounselors.com/checkout/6a2a31cc63dceeb8f21810ac,200,NEET Counselling,Expert NEET and JOSAA counselling services,NATIONAL ELIGIBILITY CUM ENTRANCE TEST (UG)
https://neetcounselors.com/checkout/6a2f5ae0693a04d05f0dec33,200,NEET Counselling,Expert NEET and JOSAA counselling services,NATIONAL ELIGIBILITY CUM ENTRANCE TEST (UG)
https://neetcounselors.com/checkout/6a2f59e6693a04d05f0deb97,200,NEET Counselling,Expert NEET and JOSAA counselling services,NATIONAL ELIGIBILITY CUM ENTRANCE TEST (UG)
https://neetcounselors.com/checkout/6a2f60c8693a04d05f0def2d,200,NEET Counselling,Expert NEET and JOSAA counselling services,NATIONAL ELIGIBILITY CUM ENTRANCE TEST (UG)
https://neetcounselors.com/colleges?page=1,200,Medical Colleges in India — MBBS Fees & Cutoffs 2026 | NEET Counselling,"Find all NMC-approved medical colleges in India for NEET 2026. Compare government, private, and deemed university MBBS colleges by fees, cutoffs, and location.",Medical Colleges in India 2026
https://neetcounselors.com/checkout/6a2f5bac693a04d05f0decb0,200,NEET Counselling,Expert NEET and JOSAA counselling services,NATIONAL ELIGIBILITY CUM ENTRANCE TEST (UG)
https://neetcounselors.com/checkout/6a2f5c6f693a04d05f0ded26,200,NEET Counselling,Expert NEET and JOSAA counselling services,NATIONAL ELIGIBILITY CUM ENTRANCE TEST (UG)
https://neetcounselors.com/checkout/6a2f6263693a04d05f0df0dd,200,NEET Counselling,Expert NEET and JOSAA counselling services,NATIONAL ELIGIBILITY CUM ENTRANCE TEST (UG)
https://neetcounselors.com/colleges?state=dadra-and-nagar-haveli-and-daman-and-diu,200,Medical Colleges in India — MBBS Fees & Cutoffs 2026 | NEET Counselling,"Find all NMC-approved medical colleges in India for NEET 2026. Compare government, private, and deemed university MBBS colleges by fees, cutoffs, and location.",Medical Colleges in India 2026
https://neetcounselors.com/colleges?page=2,200,Medical Colleges in India — MBBS Fees & Cutoffs 2026 | NEET Counselling,"Find all NMC-approved medical colleges in India for NEET 2026. Compare government, private, and deemed university MBBS colleges by fees, cutoffs, and location.",Medical Colleges in India 2026
https://neetcounselors.com/colleges?page=39,200,Medical Colleges in India — MBBS Fees & Cutoffs 2026 | NEET Counselling,"Find all NMC-approved medical colleges in India for NEET 2026. Compare government, private, and deemed university MBBS colleges by fees, cutoffs, and location.",Medical Colleges in India 2026
https://neetcounselors.com/colleges?state=jammu-and-kashmir,200,Medical Colleges in India — MBBS Fees & Cutoffs 2026 | NEET Counselling,"Find all NMC-approved medical colleges in India for NEET 2026. Compare government, private, and deemed university MBBS colleges by fees, cutoffs, and location.",Medical Colleges in India 2026
https://neetcounselors.com/colleges?state=andaman-and-nicobar-islands,200,Medical Colleges in India — MBBS Fees & Cutoffs 2026 | NEET Counselling,"Find all NMC-approved medical colleges in India for NEET 2026. Compare government, private, and deemed university MBBS colleges by fees, cutoffs, and location.",Medical Colleges in India 2026
https://neetcounselors.com/colleges?state=chandigarh,200,Medical Colleges in India — MBBS Fees & Cutoffs 2026 | NEET Counselling,"Find all NMC-approved medical colleges in India for NEET 2026. Compare government, private, and deemed university MBBS colleges by fees, cutoffs, and location.",Medical Colleges in India 2026
https://neetcounselors.com/colleges?state=delhi,200,Medical Colleges in India — MBBS Fees & Cutoffs 2026 | NEET Counselling,"Find all NMC-approved medical colleges in India for NEET 2026. Compare government, private, and deemed university MBBS colleges by fees, cutoffs, and location.",Medical Colleges in India 2026
https://neetcounselors.com/colleges?state=west-bengal,200,Medical Colleges in India — MBBS Fees & Cutoffs 2026 | NEET Counselling,"Find all NMC-approved medical colleges in India for NEET 2026. Compare government, private, and deemed university MBBS colleges by fees, cutoffs, and location.",Medical Colleges in India 2026
https://neetcounselors.com/colleges?state=puducherry,200,Medical Colleges in India — MBBS Fees & Cutoffs 2026 | NEET Counselling,"Find all NMC-approved medical colleges in India for NEET 2026. Compare government, private, and deemed university MBBS colleges by fees, cutoffs, and location.",Medical Colleges in India 2026
https://neetcounselors.com/colleges?state=uttarakhand,200,Medical Colleges in India — MBBS Fees & Cutoffs 2026 | NEET Counselling,"Find all NMC-approved medical colleges in India for NEET 2026. Compare government, private, and deemed university MBBS colleges by fees, cutoffs, and location.",Medical Colleges in India 2026
https://neetcounselors.com/colleges?state=uttar-pradesh,200,Medical Colleges in India — MBBS Fees & Cutoffs 2026 | NEET Counselling,"Find all NMC-approved medical colleges in India for NEET 2026. Compare government, private, and deemed university MBBS colleges by fees, cutoffs, and location.",Medical Colleges in India 2026
https://neetcounselors.com/colleges?state=tripura,200,Medical Colleges in India — MBBS Fees & Cutoffs 2026 | NEET Counselling,"Find all NMC-approved medical colleges in India for NEET 2026. Compare government, private, and deemed university MBBS colleges by fees, cutoffs, and location.",Medical Colleges in India 2026
https://neetcounselors.com/colleges?state=telangana,200,Medical Colleges in India — MBBS Fees & Cutoffs 2026 | NEET Counselling,"Find all NMC-approved medical colleges in India for NEET 2026. Compare government, private, and deemed university MBBS colleges by fees, cutoffs, and location.",Medical Colleges in India 2026
https://neetcounselors.com/colleges?state=sikkim,200,Medical Colleges in India — MBBS Fees & Cutoffs 2026 | NEET Counselling,"Find all NMC-approved medical colleges in India for NEET 2026. Compare government, private, and deemed university MBBS colleges by fees, cutoffs, and location.",Medical Colleges in India 2026
https://neetcounselors.com/colleges?state=tamil-nadu,200,Medical Colleges in India — MBBS Fees & Cutoffs 2026 | NEET Counselling,"Find all NMC-approved medical colleges in India for NEET 2026. Compare government, private, and deemed university MBBS colleges by fees, cutoffs, and location.",Medical Colleges in India 2026
https://neetcounselors.com/colleges?state=nagaland,200,Medical Colleges in India — MBBS Fees & Cutoffs 2026 | NEET Counselling,"Find all NMC-approved medical colleges in India for NEET 2026. Compare government, private, and deemed university MBBS colleges by fees, cutoffs, and location.",Medical Colleges in India 2026
https://neetcounselors.com/colleges?state=punjab,200,Medical Colleges in India — MBBS Fees & Cutoffs 2026 | NEET Counselling,"Find all NMC-approved medical colleges in India for NEET 2026. Compare government, private, and deemed university MBBS colleges by fees, cutoffs, and location.",Medical Colleges in India 2026
https://neetcounselors.com/colleges?state=rajasthan,200,Medical Colleges in India — MBBS Fees & Cutoffs 2026 | NEET Counselling,"Find all NMC-approved medical colleges in India for NEET 2026. Compare government, private, and deemed university MBBS colleges by fees, cutoffs, and location.",Medical Colleges in India 2026
https://neetcounselors.com/colleges?state=odisha,200,Medical Colleges in India — MBBS Fees & Cutoffs 2026 | NEET Counselling,"Find all NMC-approved medical colleges in India for NEET 2026. Compare government, private, and deemed university MBBS colleges by fees, cutoffs, and location.",Medical Colleges in India 2026
https://neetcounselors.com/colleges?state=mizoram,200,Medical Colleges in India — MBBS Fees & Cutoffs 2026 | NEET Counselling,"Find all NMC-approved medical colleges in India for NEET 2026. Compare government, private, and deemed university MBBS colleges by fees, cutoffs, and location.",Medical Colleges in India 2026
https://neetcounselors.com/colleges?state=kerala,200,Medical Colleges in India — MBBS Fees & Cutoffs 2026 | NEET Counselling,"Find all NMC-approved medical colleges in India for NEET 2026. Compare government, private, and deemed university MBBS colleges by fees, cutoffs, and location.",Medical Colleges in India 2026
https://neetcounselors.com/colleges?state=maharashtra,200,Medical Colleges in India — MBBS Fees & Cutoffs 2026 | NEET Counselling,"Find all NMC-approved medical colleges in India for NEET 2026. Compare government, private, and deemed university MBBS colleges by fees, cutoffs, and location.",Medical Colleges in India 2026
https://neetcounselors.com/colleges?state=manipur,200,Medical Colleges in India — MBBS Fees & Cutoffs 2026 | NEET Counselling,"Find all NMC-approved medical colleges in India for NEET 2026. Compare government, private, and deemed university MBBS colleges by fees, cutoffs, and location.",Medical Colleges in India 2026
https://neetcounselors.com/colleges?state=meghalaya,200,Medical Colleges in India — MBBS Fees & Cutoffs 2026 | NEET Counselling,"Find all NMC-approved medical colleges in India for NEET 2026. Compare government, private, and deemed university MBBS colleges by fees, cutoffs, and location.",Medical Colleges in India 2026
https://neetcounselors.com/colleges?state=madhya-pradesh,200,Medical Colleges in India — MBBS Fees & Cutoffs 2026 | NEET Counselling,"Find all NMC-approved medical colleges in India for NEET 2026. Compare government, private, and deemed university MBBS colleges by fees, cutoffs, and location.",Medical Colleges in India 2026
https://neetcounselors.com/colleges?state=himachal-pradesh,200,Medical Colleges in India — MBBS Fees & Cutoffs 2026 | NEET Counselling,"Find all NMC-approved medical colleges in India for NEET 2026. Compare government, private, and deemed university MBBS colleges by fees, cutoffs, and location.",Medical Colleges in India 2026
https://neetcounselors.com/colleges?state=haryana,200,Medical Colleges in India — MBBS Fees & Cutoffs 2026 | NEET Counselling,"Find all NMC-approved medical colleges in India for NEET 2026. Compare government, private, and deemed university MBBS colleges by fees, cutoffs, and location.",Medical Colleges in India 2026
https://neetcounselors.com/colleges?state=jharkhand,200,Medical Colleges in India — MBBS Fees & Cutoffs 2026 | NEET Counselling,"Find all NMC-approved medical colleges in India for NEET 2026. Compare government, private, and deemed university MBBS colleges by fees, cutoffs, and location.",Medical Colleges in India 2026
https://neetcounselors.com/colleges?state=gujarat,200,Medical Colleges in India — MBBS Fees & Cutoffs 2026 | NEET Counselling,"Find all NMC-approved medical colleges in India for NEET 2026. Compare government, private, and deemed university MBBS colleges by fees, cutoffs, and location.",Medical Colleges in India 2026
https://neetcounselors.com/colleges?state=karnataka,200,Medical Colleges in India — MBBS Fees & Cutoffs 2026 | NEET Counselling,"Find all NMC-approved medical colleges in India for NEET 2026. Compare government, private, and deemed university MBBS colleges by fees, cutoffs, and location.",Medical Colleges in India 2026
https://neetcounselors.com/colleges?state=goa,200,Medical Colleges in India — MBBS Fees & Cutoffs 2026 | NEET Counselling,"Find all NMC-approved medical colleges in India for NEET 2026. Compare government, private, and deemed university MBBS colleges by fees, cutoffs, and location.",Medical Colleges in India 2026
https://neetcounselors.com/colleges?state=assam,200,Medical Colleges in India — MBBS Fees & Cutoffs 2026 | NEET Counselling,"Find all NMC-approved medical colleges in India for NEET 2026. Compare government, private, and deemed university MBBS colleges by fees, cutoffs, and location.",Medical Colleges in India 2026
https://neetcounselors.com/colleges?state=chhattisgarh,200,Medical Colleges in India — MBBS Fees & Cutoffs 2026 | NEET Counselling,"Find all NMC-approved medical colleges in India for NEET 2026. Compare government, private, and deemed university MBBS colleges by fees, cutoffs, and location.",Medical Colleges in India 2026
https://neetcounselors.com/colleges?state=arunachal-pradesh,200,Medical Colleges in India — MBBS Fees & Cutoffs 2026 | NEET Counselling,"Find all NMC-approved medical colleges in India for NEET 2026. Compare government, private, and deemed university MBBS colleges by fees, cutoffs, and location.",Medical Colleges in India 2026
https://neetcounselors.com/colleges?state=bihar,200,Medical Colleges in India — MBBS Fees & Cutoffs 2026 | NEET Counselling,"Find all NMC-approved medical colleges in India for NEET 2026. Compare government, private, and deemed university MBBS colleges by fees, cutoffs, and location.",Medical Colleges in India 2026
https://neetcounselors.com/blog?page=1&sort=oldest,200,"NEET Counselling Blog — Guides, Tips & Expert Advice for 2026 | NEET Counselling","NEET counselling guides, MBBS admission tips, college selection advice, and expert insights for medical aspirants in India",Blog
https://neetcounselors.com/blog?page=3&sort=oldest,200,"NEET Counselling Blog — Guides, Tips & Expert Advice for 2026 | NEET Counselling","NEET counselling guides, MBBS admission tips, college selection advice, and expert insights for medical aspirants in India",Blog
https://neetcounselors.com/colleges?state=andhra-pradesh,200,Medical Colleges in India — MBBS Fees & Cutoffs 2026 | NEET Counselling,"Find all NMC-approved medical colleges in India for NEET 2026. Compare government, private, and deemed university MBBS colleges by fees, cutoffs, and location.",Medical Colleges in India 2026
https://neetcounselors.com/blog?page=4&sort=oldest,200,"NEET Counselling Blog — Guides, Tips & Expert Advice for 2026 | NEET Counselling","NEET counselling guides, MBBS admission tips, college selection advice, and expert insights for medical aspirants in India",Blog
https://neetcounselors.com/blog?page=2&sort=oldest,200,"NEET Counselling Blog — Guides, Tips & Expert Advice for 2026 | NEET Counselling","NEET counselling guides, MBBS admission tips, college selection advice, and expert insights for medical aspirants in India",Blog
https://neetcounselors.com/blog?sort=oldest&page=3,200,"NEET Counselling Blog — Guides, Tips & Expert Advice for 2026 | NEET Counselling","NEET counselling guides, MBBS admission tips, college selection advice, and expert insights for medical aspirants in India",Blog
https://neetcounselors.com/blog?sort=newest&page=3,200,"NEET Counselling Blog — Guides, Tips & Expert Advice for 2026 | NEET Counselling","NEET counselling guides, MBBS admission tips, college selection advice, and expert insights for medical aspirants in India",Blog
https://neetcounselors.com/blog?sort=oldest&page=2,200,"NEET Counselling Blog — Guides, Tips & Expert Advice for 2026 | NEET Counselling","NEET counselling guides, MBBS admission tips, college selection advice, and expert insights for medical aspirants in India",Blog
https://neetcounselors.com/blog?page=1&sort=newest,200,"NEET Counselling Blog — Guides, Tips & Expert Advice for 2026 | NEET Counselling","NEET counselling guides, MBBS admission tips, college selection advice, and expert insights for medical aspirants in India",Blog
https://neetcounselors.com/blog?sort=newest&page=2,200,"NEET Counselling Blog — Guides, Tips & Expert Advice for 2026 | NEET Counselling","NEET counselling guides, MBBS admission tips, college selection advice, and expert insights for medical aspirants in India",Blog
https://neetcounselors.com/blog?page=2&sort=newest,200,"NEET Counselling Blog — Guides, Tips & Expert Advice for 2026 | NEET Counselling","NEET counselling guides, MBBS admission tips, college selection advice, and expert insights for medical aspirants in India",Blog
https://neetcounselors.com/blog?page=3&sort=newest,200,"NEET Counselling Blog — Guides, Tips & Expert Advice for 2026 | NEET Counselling","NEET counselling guides, MBBS admission tips, college selection advice, and expert insights for medical aspirants in India",Blog
https://neetcounselors.com/blog?sort=newest&page=4,200,"NEET Counselling Blog — Guides, Tips & Expert Advice for 2026 | NEET Counselling","NEET counselling guides, MBBS admission tips, college selection advice, and expert insights for medical aspirants in India",Blog
https://neetcounselors.com/blog?sort=oldest&page=4,200,"NEET Counselling Blog — Guides, Tips & Expert Advice for 2026 | NEET Counselling","NEET counselling guides, MBBS admission tips, college selection advice, and expert insights for medical aspirants in India",Blog
https://neetcounselors.com/blog?page=4&sort=newest,200,"NEET Counselling Blog — Guides, Tips & Expert Advice for 2026 | NEET Counselling","NEET counselling guides, MBBS admission tips, college selection advice, and expert insights for medical aspirants in India",Blog
https://neetcounselors.com/colleges?page=38,200,Medical Colleges in India — MBBS Fees & Cutoffs 2026 | NEET Counselling,"Find all NMC-approved medical colleges in India for NEET 2026. Compare government, private, and deemed university MBBS colleges by fees, cutoffs, and location.",Medical Colleges in India 2026
https://neetcounselors.com/colleges?page=3,200,Medical Colleges in India — MBBS Fees & Cutoffs 2026 | NEET Counselling,"Find all NMC-approved medical colleges in India for NEET 2026. Compare government, private, and deemed university MBBS colleges by fees, cutoffs, and location.",Medical Colleges in India 2026
https://neetcounselors.com/colleges?page=4,200,Medical Colleges in India — MBBS Fees & Cutoffs 2026 | NEET Counselling,"Find all NMC-approved medical colleges in India for NEET 2026. Compare government, private, and deemed university MBBS colleges by fees, cutoffs, and location.",Medical Colleges in India 2026
https://neetcounselors.com/colleges?page=37,200,Medical Colleges in India — MBBS Fees & Cutoffs 2026 | NEET Counselling,"Find all NMC-approved medical colleges in India for NEET 2026. Compare government, private, and deemed university MBBS colleges by fees, cutoffs, and location.",Medical Colleges in India 2026
